#! /usr/bin/vvp
:ivl_version "12.0 (stable)";
:ivl_delay_selection "TYPICAL";
:vpi_time_precision + 0;
:vpi_module "/usr/lib/x86_64-linux-gnu/ivl/system.vpi";
:vpi_module "/usr/lib/x86_64-linux-gnu/ivl/vhdl_sys.vpi";
:vpi_module "/usr/lib/x86_64-linux-gnu/ivl/vhdl_textio.vpi";
:vpi_module "/usr/lib/x86_64-linux-gnu/ivl/v2005_math.vpi";
:vpi_module "/usr/lib/x86_64-linux-gnu/ivl/va_math.vpi";
S_0x5763fba39d40 .scope module, "ram_tb" "ram_tb" 2 3;
 .timescale 0 0;
v0x5763fbc185f0_0 .var "address", 3 0;
v0x5763fbc186d0_0 .var "chipSelect", 0 0;
v0x5763fbc18790_0 .var "clk", 0 0;
v0x5763fbc18830_0 .net "memOut", 15 0, v0x5763fbb69990_0;  1 drivers
v0x5763fbc188d0_0 .var "outputEnable", 0 0;
v0x5763fbc189c0_0 .var "reset", 0 0;
v0x5763fbc18a60_0 .var "writeData", 15 0;
v0x5763fbc18b00_0 .var "writeEnable", 0 0;
S_0x5763fbb495f0 .scope module, "d0" "ram" 2 9, 3 6 0, S_0x5763fba39d40;
 .timescale 0 0;
    .port_info 0 /INPUT 1 "clk";
    .port_info 1 /INPUT 1 "chipSelect";
    .port_info 2 /INPUT 1 "reset";
    .port_info 3 /INPUT 1 "outputEnable";
    .port_info 4 /INPUT 1 "writeEnable";
    .port_info 5 /INPUT 4 "address";
    .port_info 6 /INPUT 16 "writeData";
    .port_info 7 /OUTPUT 16 "memOut";
L_0x5763fbc1cb10 .functor AND 1, v0x5763fbc188d0_0, v0x5763fbc186d0_0, C4<1>, C4<1>;
v0x5763fbc15a10_0 .net "Dmem0", 7 0, L_0x5763fbc19180;  1 drivers
v0x5763fbc15b40_0 .net "Dmem1", 7 0, L_0x5763fbc19af0;  1 drivers
v0x5763fbc15c50_0 .net "Dmem10", 7 0, L_0x5763fbc205d0;  1 drivers
v0x5763fbc15d40_0 .net "Dmem11", 7 0, L_0x5763fbc21220;  1 drivers
v0x5763fbc15e50_0 .net "Dmem12", 7 0, L_0x5763fbc21e80;  1 drivers
v0x5763fbc15fb0_0 .net "Dmem13", 7 0, L_0x5763fbc229f0;  1 drivers
v0x5763fbc160c0_0 .net "Dmem14", 7 0, L_0x5763fbc23670;  1 drivers
v0x5763fbc161d0_0 .net "Dmem15", 7 0, L_0x5763fbc241f0;  1 drivers
v0x5763fbc162e0_0 .net "Dmem16", 7 0, L_0x5763fbc24d80;  1 drivers
v0x5763fbc163a0_0 .net "Dmem17", 7 0, L_0x5763fbc25920;  1 drivers
v0x5763fbc164b0_0 .net "Dmem18", 7 0, L_0x5763fbc265e0;  1 drivers
v0x5763fbc165c0_0 .net "Dmem19", 7 0, L_0x5763fbc272b0;  1 drivers
v0x5763fbc166d0_0 .net "Dmem2", 7 0, L_0x5763fbc1a470;  1 drivers
v0x5763fbc167e0_0 .net "Dmem20", 7 0, L_0x5763fbc27f90;  1 drivers
v0x5763fbc168f0_0 .net "Dmem21", 7 0, L_0x5763fbc28c80;  1 drivers
v0x5763fbc16a00_0 .net "Dmem22", 7 0, L_0x5763fbc29980;  1 drivers
v0x5763fbc16b10_0 .net "Dmem23", 7 0, L_0x5763fbc2a690;  1 drivers
v0x5763fbc16d30_0 .net "Dmem24", 7 0, L_0x5763fbc2b3b0;  1 drivers
v0x5763fbc16e40_0 .net "Dmem25", 7 0, L_0x5763fbc2c0e0;  1 drivers
v0x5763fbc16f50_0 .net "Dmem26", 7 0, L_0x5763fbc2ce20;  1 drivers
v0x5763fbc17060_0 .net "Dmem27", 7 0, L_0x5763fbc2db70;  1 drivers
v0x5763fbc17170_0 .net "Dmem28", 7 0, L_0x5763fbc2e8d0;  1 drivers
v0x5763fbc17280_0 .net "Dmem29", 7 0, L_0x5763fbc2f640;  1 drivers
v0x5763fbc17390_0 .net "Dmem3", 7 0, L_0x5763fbc1b000;  1 drivers
v0x5763fbc174a0_0 .net "Dmem30", 7 0, L_0x5763fbc303c0;  1 drivers
v0x5763fbc175b0_0 .net "Dmem31", 7 0, L_0x5763fbc31150;  1 drivers
v0x5763fbc176c0_0 .net "Dmem4", 7 0, L_0x5763fbc1bbd0;  1 drivers
v0x5763fbc177d0_0 .net "Dmem5", 7 0, L_0x5763fbc1c7b0;  1 drivers
v0x5763fbc178e0_0 .net "Dmem6", 7 0, L_0x5763fbc1d3b0;  1 drivers
v0x5763fbc179f0_0 .net "Dmem7", 7 0, L_0x5763fbc1e1e0;  1 drivers
v0x5763fbc17b00_0 .net "Dmem8", 7 0, L_0x5763fbc1ee00;  1 drivers
v0x5763fbc17c10_0 .net "Dmem9", 7 0, L_0x5763fbc1fa30;  1 drivers
v0x5763fbc17d20_0 .net "address", 3 0, v0x5763fbc185f0_0;  1 drivers
v0x5763fbc17e30_0 .net "chipSelect", 0 0, v0x5763fbc186d0_0;  1 drivers
v0x5763fbc17ed0_0 .net "clk", 0 0, v0x5763fbc18790_0;  1 drivers
v0x5763fbc17f70_0 .net "decOut", 15 0, v0x5763fba37a20_0;  1 drivers
v0x5763fbc18030_0 .net "memOut", 15 0, v0x5763fbb69990_0;  alias, 1 drivers
v0x5763fbc180d0_0 .net "outputEnable", 0 0, v0x5763fbc188d0_0;  1 drivers
v0x5763fbc18170_0 .net "reset", 0 0, v0x5763fbc189c0_0;  1 drivers
v0x5763fbc18210_0 .net "tempMemOut", 15 0, v0x5763fbb5c100_0;  1 drivers
v0x5763fbc18320_0 .net "writeData", 15 0, v0x5763fbc18a60_0;  1 drivers
v0x5763fbc18400_0 .net "writeEnable", 0 0, v0x5763fbc18b00_0;  1 drivers
L_0x5763fbc19220 .part v0x5763fba37a20_0, 0, 1;
L_0x5763fbc19310 .part v0x5763fbc18a60_0, 8, 8;
L_0x5763fbc19b90 .part v0x5763fba37a20_0, 0, 1;
L_0x5763fbc19c30 .part v0x5763fbc18a60_0, 0, 8;
L_0x5763fbc1a690 .part v0x5763fba37a20_0, 1, 1;
L_0x5763fbc1a730 .part v0x5763fbc18a60_0, 8, 8;
L_0x5763fbc1b220 .part v0x5763fba37a20_0, 1, 1;
L_0x5763fbc1b2c0 .part v0x5763fbc18a60_0, 0, 8;
L_0x5763fbc1bdf0 .part v0x5763fba37a20_0, 2, 1;
L_0x5763fbc1be90 .part v0x5763fbc18a60_0, 8, 8;
L_0x5763fbc1c9d0 .part v0x5763fba37a20_0, 2, 1;
L_0x5763fbc1ca70 .part v0x5763fbc18a60_0, 0, 8;
L_0x5763fbc1d5d0 .part v0x5763fba37a20_0, 3, 1;
L_0x5763fbc1d780 .part v0x5763fbc18a60_0, 8, 8;
L_0x5763fbc1e400 .part v0x5763fba37a20_0, 3, 1;
L_0x5763fbc1e4a0 .part v0x5763fbc18a60_0, 0, 8;
L_0x5763fbc1f020 .part v0x5763fba37a20_0, 4, 1;
L_0x5763fbc1f0c0 .part v0x5763fbc18a60_0, 8, 8;
L_0x5763fbc1fc50 .part v0x5763fba37a20_0, 4, 1;
L_0x5763fbc1fcf0 .part v0x5763fbc18a60_0, 0, 8;
L_0x5763fbc207f0 .part v0x5763fba37a20_0, 5, 1;
L_0x5763fbc20890 .part v0x5763fbc18a60_0, 8, 8;
L_0x5763fbc21440 .part v0x5763fba37a20_0, 5, 1;
L_0x5763fbc214e0 .part v0x5763fbc18a60_0, 0, 8;
L_0x5763fbc22070 .part v0x5763fba37a20_0, 6, 1;
L_0x5763fbc22110 .part v0x5763fbc18a60_0, 8, 8;
L_0x5763fbc22c10 .part v0x5763fba37a20_0, 6, 1;
L_0x5763fbc22cb0 .part v0x5763fbc18a60_0, 0, 8;
L_0x5763fbc23890 .part v0x5763fba37a20_0, 7, 1;
L_0x5763fbc23930 .part v0x5763fbc18a60_0, 8, 8;
L_0x5763fbc24410 .part v0x5763fba37a20_0, 7, 1;
L_0x5763fbc244b0 .part v0x5763fbc18a60_0, 0, 8;
L_0x5763fbc24fa0 .part v0x5763fba37a20_0, 8, 1;
L_0x5763fbc25040 .part v0x5763fbc18a60_0, 8, 8;
L_0x5763fbc25b40 .part v0x5763fba37a20_0, 8, 1;
L_0x5763fbc25be0 .part v0x5763fbc18a60_0, 0, 8;
L_0x5763fbc26800 .part v0x5763fba37a20_0, 9, 1;
L_0x5763fbc268a0 .part v0x5763fbc18a60_0, 8, 8;
L_0x5763fbc274d0 .part v0x5763fba37a20_0, 9, 1;
L_0x5763fbc27570 .part v0x5763fbc18a60_0, 0, 8;
L_0x5763fbc281b0 .part v0x5763fba37a20_0, 10, 1;
L_0x5763fbc28250 .part v0x5763fbc18a60_0, 8, 8;
L_0x5763fbc28ea0 .part v0x5763fba37a20_0, 10, 1;
L_0x5763fbc28f40 .part v0x5763fbc18a60_0, 0, 8;
L_0x5763fbc29ba0 .part v0x5763fba37a20_0, 11, 1;
L_0x5763fbc29c40 .part v0x5763fbc18a60_0, 8, 8;
L_0x5763fbc2a8b0 .part v0x5763fba37a20_0, 11, 1;
L_0x5763fbc2a950 .part v0x5763fbc18a60_0, 0, 8;
L_0x5763fbc2b5d0 .part v0x5763fba37a20_0, 12, 1;
L_0x5763fbc2b670 .part v0x5763fbc18a60_0, 8, 8;
L_0x5763fbc2c300 .part v0x5763fba37a20_0, 12, 1;
L_0x5763fbc2c3a0 .part v0x5763fbc18a60_0, 0, 8;
L_0x5763fbc2d040 .part v0x5763fba37a20_0, 13, 1;
L_0x5763fbc2d0e0 .part v0x5763fbc18a60_0, 8, 8;
L_0x5763fbc2dd90 .part v0x5763fba37a20_0, 13, 1;
L_0x5763fbc2de30 .part v0x5763fbc18a60_0, 0, 8;
L_0x5763fbc2eaf0 .part v0x5763fba37a20_0, 14, 1;
L_0x5763fbc2eb90 .part v0x5763fbc18a60_0, 8, 8;
L_0x5763fbc2f860 .part v0x5763fba37a20_0, 14, 1;
L_0x5763fbc2f900 .part v0x5763fbc18a60_0, 0, 8;
L_0x5763fbc305e0 .part v0x5763fba37a20_0, 15, 1;
L_0x5763fbc30680 .part v0x5763fbc18a60_0, 8, 8;
L_0x5763fbc31370 .part v0x5763fba37a20_0, 15, 1;
L_0x5763fbc31410 .part v0x5763fbc18a60_0, 0, 8;
S_0x5763fbb40b20 .scope module, "d1" "decoder4to16" 3 20, 4 1 0, S_0x5763fbb495f0;
 .timescale 0 0;
    .port_info 0 /INPUT 4 "destReg";
    .port_info 1 /OUTPUT 16 "decOut";
v0x5763fba37a20_0 .var "decOut", 15 0;
v0x5763fba366b0_0 .net "destReg", 3 0, v0x5763fbc185f0_0;  alias, 1 drivers
E_0x5763fb882d10 .event anyedge, v0x5763fba366b0_0;
S_0x5763fbb41e90 .scope module, "m1" "mux32to2" 3 75, 5 1 0, S_0x5763fbb495f0;
 .timescale 0 0;
    .port_info 0 /INPUT 8 "in0";
    .port_info 1 /INPUT 8 "in1";
    .port_info 2 /INPUT 8 "in2";
    .port_info 3 /INPUT 8 "in3";
    .port_info 4 /INPUT 8 "in4";
    .port_info 5 /INPUT 8 "in5";
    .port_info 6 /INPUT 8 "in6";
    .port_info 7 /INPUT 8 "in7";
    .port_info 8 /INPUT 8 "in8";
    .port_info 9 /INPUT 8 "in9";
    .port_info 10 /INPUT 8 "in10";
    .port_info 11 /INPUT 8 "in11";
    .port_info 12 /INPUT 8 "in12";
    .port_info 13 /INPUT 8 "in13";
    .port_info 14 /INPUT 8 "in14";
    .port_info 15 /INPUT 8 "in15";
    .port_info 16 /INPUT 8 "in16";
    .port_info 17 /INPUT 8 "in17";
    .port_info 18 /INPUT 8 "in18";
    .port_info 19 /INPUT 8 "in19";
    .port_info 20 /INPUT 8 "in20";
    .port_info 21 /INPUT 8 "in21";
    .port_info 22 /INPUT 8 "in22";
    .port_info 23 /INPUT 8 "in23";
    .port_info 24 /INPUT 8 "in24";
    .port_info 25 /INPUT 8 "in25";
    .port_info 26 /INPUT 8 "in26";
    .port_info 27 /INPUT 8 "in27";
    .port_info 28 /INPUT 8 "in28";
    .port_info 29 /INPUT 8 "in29";
    .port_info 30 /INPUT 8 "in30";
    .port_info 31 /INPUT 8 "in31";
    .port_info 32 /INPUT 4 "select";
    .port_info 33 /OUTPUT 16 "muxOut";
v0x5763fba35340_0 .net "in0", 7 0, L_0x5763fbc19180;  alias, 1 drivers
v0x5763fba33fd0_0 .net "in1", 7 0, L_0x5763fbc19af0;  alias, 1 drivers
v0x5763fba32c60_0 .net "in10", 7 0, L_0x5763fbc205d0;  alias, 1 drivers
v0x5763fba318f0_0 .net "in11", 7 0, L_0x5763fbc21220;  alias, 1 drivers
v0x5763fbb5c240_0 .net "in12", 7 0, L_0x5763fbc21e80;  alias, 1 drivers
v0x5763fbab8520_0 .net "in13", 7 0, L_0x5763fbc229f0;  alias, 1 drivers
v0x5763fbaae6c0_0 .net "in14", 7 0, L_0x5763fbc23670;  alias, 1 drivers
v0x5763fbaa4860_0 .net "in15", 7 0, L_0x5763fbc241f0;  alias, 1 drivers
v0x5763fba90be0_0 .net "in16", 7 0, L_0x5763fbc24d80;  alias, 1 drivers
v0x5763fba9aa20_0 .net "in17", 7 0, L_0x5763fbc25920;  alias, 1 drivers
v0x5763fba86da0_0 .net "in18", 7 0, L_0x5763fbc265e0;  alias, 1 drivers
v0x5763fba419e0_0 .net "in19", 7 0, L_0x5763fbc272b0;  alias, 1 drivers
v0x5763fba72350_0 .net "in2", 7 0, L_0x5763fbc1a470;  alias, 1 drivers
v0x5763fbb3f9b0_0 .net "in20", 7 0, L_0x5763fbc27f90;  alias, 1 drivers
v0x5763fbb43400_0 .net "in21", 7 0, L_0x5763fbc28c80;  alias, 1 drivers
v0x5763fbb42090_0 .net "in22", 7 0, L_0x5763fbc29980;  alias, 1 drivers
v0x5763fbb3e640_0 .net "in23", 7 0, L_0x5763fbc2a690;  alias, 1 drivers
v0x5763fbb497f0_0 .net "in24", 7 0, L_0x5763fbc2b3b0;  alias, 1 drivers
v0x5763fbb4d240_0 .net "in25", 7 0, L_0x5763fbc2c0e0;  alias, 1 drivers
v0x5763fbb4bed0_0 .net "in26", 7 0, L_0x5763fbc2ce20;  alias, 1 drivers
v0x5763fbb48480_0 .net "in27", 7 0, L_0x5763fbc2db70;  alias, 1 drivers
v0x5763fbb53630_0 .net "in28", 7 0, L_0x5763fbc2e8d0;  alias, 1 drivers
v0x5763fbb57080_0 .net "in29", 7 0, L_0x5763fbc2f640;  alias, 1 drivers
v0x5763fbb55d10_0 .net "in3", 7 0, L_0x5763fbc1b000;  alias, 1 drivers
v0x5763fbb522c0_0 .net "in30", 7 0, L_0x5763fbc303c0;  alias, 1 drivers
v0x5763fba523b0_0 .net "in31", 7 0, L_0x5763fbc31150;  alias, 1 drivers
v0x5763fba55e00_0 .net "in4", 7 0, L_0x5763fbc1bbd0;  alias, 1 drivers
v0x5763fba54a90_0 .net "in5", 7 0, L_0x5763fbc1c7b0;  alias, 1 drivers
v0x5763fba51040_0 .net "in6", 7 0, L_0x5763fbc1d3b0;  alias, 1 drivers
v0x5763fbb5d470_0 .net "in7", 7 0, L_0x5763fbc1e1e0;  alias, 1 drivers
v0x5763fbb60ec0_0 .net "in8", 7 0, L_0x5763fbc1ee00;  alias, 1 drivers
v0x5763fbb5fb50_0 .net "in9", 7 0, L_0x5763fbc1fa30;  alias, 1 drivers
v0x5763fbb5c100_0 .var "muxOut", 15 0;
v0x5763fbb5c1a0_0 .net "select", 3 0, v0x5763fbc185f0_0;  alias, 1 drivers
E_0x5763fb8836e0/0 .event anyedge, v0x5763fba366b0_0, v0x5763fba35340_0, v0x5763fba33fd0_0, v0x5763fba72350_0;
E_0x5763fb8836e0/1 .event anyedge, v0x5763fbb55d10_0, v0x5763fba55e00_0, v0x5763fba54a90_0, v0x5763fba51040_0;
E_0x5763fb8836e0/2 .event anyedge, v0x5763fbb5d470_0, v0x5763fbb60ec0_0, v0x5763fbb5fb50_0, v0x5763fba32c60_0;
E_0x5763fb8836e0/3 .event anyedge, v0x5763fba318f0_0, v0x5763fbb5c240_0, v0x5763fbab8520_0, v0x5763fbaae6c0_0;
E_0x5763fb8836e0/4 .event anyedge, v0x5763fbaa4860_0, v0x5763fba90be0_0, v0x5763fba9aa20_0, v0x5763fba86da0_0;
E_0x5763fb8836e0/5 .event anyedge, v0x5763fba419e0_0, v0x5763fbb3f9b0_0, v0x5763fbb43400_0, v0x5763fbb42090_0;
E_0x5763fb8836e0/6 .event anyedge, v0x5763fbb3e640_0, v0x5763fbb497f0_0, v0x5763fbb4d240_0, v0x5763fbb4bed0_0;
E_0x5763fb8836e0/7 .event anyedge, v0x5763fbb48480_0, v0x5763fbb53630_0, v0x5763fbb57080_0, v0x5763fbb522c0_0;
E_0x5763fb8836e0/8 .event anyedge, v0x5763fba523b0_0;
E_0x5763fb8836e0 .event/or E_0x5763fb8836e0/0, E_0x5763fb8836e0/1, E_0x5763fb8836e0/2, E_0x5763fb8836e0/3, E_0x5763fb8836e0/4, E_0x5763fb8836e0/5, E_0x5763fb8836e0/6, E_0x5763fb8836e0/7, E_0x5763fb8836e0/8;
S_0x5763fbb43200 .scope module, "m2" "mux2to1_16bits" 3 82, 6 1 0, S_0x5763fbb495f0;
 .timescale 0 0;
    .port_info 0 /INPUT 16 "in0";
    .port_info 1 /INPUT 16 "in1";
    .port_info 2 /INPUT 1 "select";
    .port_info 3 /OUTPUT 16 "muxOut";
L_0x7bf541fb7018 .functor BUFT 1, C4<0000000000000000>, C4<0>, C4<0>, C4<0>;
v0x5763fbb672b0_0 .net "in0", 15 0, L_0x7bf541fb7018;  1 drivers
v0x5763fbb6ad00_0 .net "in1", 15 0, v0x5763fbb5c100_0;  alias, 1 drivers
v0x5763fbb69990_0 .var "muxOut", 15 0;
v0x5763fbb69a30_0 .net "select", 0 0, L_0x5763fbc1cb10;  1 drivers
E_0x5763fb86a690 .event anyedge, v0x5763fbb69a30_0, v0x5763fbb672b0_0, v0x5763fbb5c100_0;
S_0x5763fbb44570 .scope module, "rMem0" "register8bit" 3 23, 7 2 0, S_0x5763fbb495f0;
 .timescale 0 0;
    .port_info 0 /INPUT 1 "clk";
    .port_info 1 /INPUT 1 "chipSelect";
    .port_info 2 /INPUT 1 "reset";
    .port_info 3 /INPUT 1 "regWrite";
    .port_info 4 /INPUT 1 "enable";
    .port_info 5 /INPUT 8 "inR";
    .port_info 6 /OUTPUT 8 "outR";
v0x5763fbafa5f0_0 .net "chipSelect", 0 0, v0x5763fbc186d0_0;  alias, 1 drivers
v0x5763fba47200_0 .net "clk", 0 0, v0x5763fbc18790_0;  alias, 1 drivers
v0x5763fba4bfc0_0 .net "enable", 0 0, L_0x5763fbc19220;  1 drivers
v0x5763fba4c060_0 .net "inR", 7 0, L_0x5763fbc19310;  1 drivers
v0x5763fba48570_0 .net "outR", 7 0, L_0x5763fbc19180;  alias, 1 drivers
v0x5763fbaef440_0 .net "regWrite", 0 0, v0x5763fbc18b00_0;  alias, 1 drivers
v0x5763fbb2f820_0 .net "reset", 0 0, v0x5763fbc189c0_0;  alias, 1 drivers
L_0x5763fbc18ba0 .part L_0x5763fbc19310, 0, 1;
L_0x5763fbc18c40 .part L_0x5763fbc19310, 1, 1;
L_0x5763fbc18d30 .part L_0x5763fbc19310, 2, 1;
L_0x5763fbc18dd0 .part L_0x5763fbc19310, 3, 1;
L_0x5763fbc18e70 .part L_0x5763fbc19310, 4, 1;
L_0x5763fbc18f10 .part L_0x5763fbc19310, 5, 1;
L_0x5763fbc18ff0 .part L_0x5763fbc19310, 6, 1;
L_0x5763fbc19090 .part L_0x5763fbc19310, 7, 1;
LS_0x5763fbc19180_0_0 .concat8 [ 1 1 1 1], v0x5763fba5e8d0_0, v0x5763fba72550_0, v0x5763fba83af0_0, v0x5763fba90010_0;
LS_0x5763fbc19180_0_4 .concat8 [ 1 1 1 1], v0x5763fbb2aa50_0, v0x5763fbb21ef0_0, v0x5763fbb10950_0, v0x5763fbafe040_0;
L_0x5763fbc19180 .concat8 [ 4 4 0 0], LS_0x5763fbc19180_0_0, LS_0x5763fbc19180_0_4;
S_0x5763fbb3d0d0 .scope generate, "genblk1[0]" "genblk1[0]" 7 12, 7 12 0, S_0x5763fbb44570;
 .timescale 0 0;
P_0x5763fbb44260 .param/l "i" 1 7 12, +C4<00>;
S_0x5763fbb3e440 .scope module, "dff" "D_ff" 7 13, 8 1 0, S_0x5763fbb3d0d0;
 .timescale 0 0;
    .port_info 0 /INPUT 1 "clk";
    .port_info 1 /INPUT 1 "chipSelect";
    .port_info 2 /INPUT 1 "reset";
    .port_info 3 /INPUT 1 "regWrite";
    .port_info 4 /INPUT 1 "enable";
    .port_info 5 /INPUT 1 "d";
    .port_info 6 /OUTPUT 1 "q";
v0x5763fbb64bd0_0 .net "chipSelect", 0 0, v0x5763fbc186d0_0;  alias, 1 drivers
v0x5763fba5c1f0_0 .net "clk", 0 0, v0x5763fbc18790_0;  alias, 1 drivers
v0x5763fba5fc40_0 .net "d", 0 0, L_0x5763fbc18ba0;  1 drivers
v0x5763fba5fce0_0 .net "enable", 0 0, L_0x5763fbc19220;  alias, 1 drivers
v0x5763fba5e8d0_0 .var "q", 0 0;
v0x5763fba5ae80_0 .net "regWrite", 0 0, v0x5763fbc18b00_0;  alias, 1 drivers
v0x5763fba66030_0 .net "reset", 0 0, v0x5763fbc189c0_0;  alias, 1 drivers
E_0x5763fbb65ff0 .event posedge, v0x5763fba5c1f0_0;
S_0x5763fbb48280 .scope generate, "genblk1[1]" "genblk1[1]" 7 12, 7 12 0, S_0x5763fbb44570;
 .timescale 0 0;
P_0x5763fba54b70 .param/l "i" 1 7 12, +C4<01>;
S_0x5763fbb520c0 .scope module, "dff" "D_ff" 7 13, 8 1 0, S_0x5763fbb48280;
 .timescale 0 0;
    .port_info 0 /INPUT 1 "clk";
    .port_info 1 /INPUT 1 "chipSelect";
    .port_info 2 /INPUT 1 "reset";
    .port_info 3 /INPUT 1 "regWrite";
    .port_info 4 /INPUT 1 "enable";
    .port_info 5 /INPUT 1 "d";
    .port_info 6 /OUTPUT 1 "q";
v0x5763fba68710_0 .net "chipSelect", 0 0, v0x5763fbc186d0_0;  alias, 1 drivers
v0x5763fba64cc0_0 .net "clk", 0 0, v0x5763fbc18790_0;  alias, 1 drivers
v0x5763fba6fe70_0 .net "d", 0 0, L_0x5763fbc18c40;  1 drivers
v0x5763fba738c0_0 .net "enable", 0 0, L_0x5763fbc19220;  alias, 1 drivers
v0x5763fba72550_0 .var "q", 0 0;
v0x5763fba6eb00_0 .net "regWrite", 0 0, v0x5763fbc18b00_0;  alias, 1 drivers
v0x5763fba6eba0_0 .net "reset", 0 0, v0x5763fbc189c0_0;  alias, 1 drivers
S_0x5763fbb53430 .scope generate, "genblk1[2]" "genblk1[2]" 7 12, 7 12 0, S_0x5763fbb44570;
 .timescale 0 0;
P_0x5763fba6ff40 .param/l "i" 1 7 12, +C4<010>;
S_0x5763fbb4a960 .scope module, "dff" "D_ff" 7 13, 8 1 0, S_0x5763fbb53430;
 .timescale 0 0;
    .port_info 0 /INPUT 1 "clk";
    .port_info 1 /INPUT 1 "chipSelect";
    .port_info 2 /INPUT 1 "reset";
    .port_info 3 /INPUT 1 "regWrite";
    .port_info 4 /INPUT 1 "enable";
    .port_info 5 /INPUT 1 "d";
    .port_info 6 /OUTPUT 1 "q";
v0x5763fba7d700_0 .net "chipSelect", 0 0, v0x5763fbc186d0_0;  alias, 1 drivers
v0x5763fba7c390_0 .net "clk", 0 0, v0x5763fbc18790_0;  alias, 1 drivers
v0x5763fba78940_0 .net "d", 0 0, L_0x5763fbc18d30;  1 drivers
v0x5763fba789e0_0 .net "enable", 0 0, L_0x5763fbc19220;  alias, 1 drivers
v0x5763fba83af0_0 .var "q", 0 0;
v0x5763fba87540_0 .net "regWrite", 0 0, v0x5763fbc18b00_0;  alias, 1 drivers
v0x5763fba875e0_0 .net "reset", 0 0, v0x5763fbc189c0_0;  alias, 1 drivers
S_0x5763fbb4bcd0 .scope generate, "genblk1[3]" "genblk1[3]" 7 12, 7 12 0, S_0x5763fbb44570;
 .timescale 0 0;
P_0x5763fba69b30 .param/l "i" 1 7 12, +C4<011>;
S_0x5763fbb4d040 .scope module, "dff" "D_ff" 7 13, 8 1 0, S_0x5763fbb4bcd0;
 .timescale 0 0;
    .port_info 0 /INPUT 1 "clk";
    .port_info 1 /INPUT 1 "chipSelect";
    .port_info 2 /INPUT 1 "reset";
    .port_info 3 /INPUT 1 "regWrite";
    .port_info 4 /INPUT 1 "enable";
    .port_info 5 /INPUT 1 "d";
    .port_info 6 /OUTPUT 1 "q";
v0x5763fba82780_0 .net "chipSelect", 0 0, v0x5763fbc186d0_0;  alias, 1 drivers
v0x5763fba8d930_0 .net "clk", 0 0, v0x5763fbc18790_0;  alias, 1 drivers
v0x5763fba91380_0 .net "d", 0 0, L_0x5763fbc18dd0;  1 drivers
v0x5763fba91420_0 .net "enable", 0 0, L_0x5763fbc19220;  alias, 1 drivers
v0x5763fba90010_0 .var "q", 0 0;
v0x5763fba8c5c0_0 .net "regWrite", 0 0, v0x5763fbc18b00_0;  alias, 1 drivers
v0x5763fba8c660_0 .net "reset", 0 0, v0x5763fbc189c0_0;  alias, 1 drivers
S_0x5763fbb4e3b0 .scope generate, "genblk1[4]" "genblk1[4]" 7 12, 7 12 0, S_0x5763fbb44570;
 .timescale 0 0;
P_0x5763fbb70950 .param/l "i" 1 7 12, +C4<0100>;
S_0x5763fbb46f10 .scope module, "dff" "D_ff" 7 13, 8 1 0, S_0x5763fbb4e3b0;
 .timescale 0 0;
    .port_info 0 /INPUT 1 "clk";
    .port_info 1 /INPUT 1 "chipSelect";
    .port_info 2 /INPUT 1 "reset";
    .port_info 3 /INPUT 1 "regWrite";
    .port_info 4 /INPUT 1 "enable";
    .port_info 5 /INPUT 1 "d";
    .port_info 6 /OUTPUT 1 "q";
v0x5763fbb395c0_0 .net "chipSelect", 0 0, v0x5763fbc186d0_0;  alias, 1 drivers
v0x5763fbb38250_0 .net "clk", 0 0, v0x5763fbc18790_0;  alias, 1 drivers
v0x5763fbb35b70_0 .net "d", 0 0, L_0x5763fbc18e70;  1 drivers
v0x5763fbb35c10_0 .net "enable", 0 0, L_0x5763fbc19220;  alias, 1 drivers
v0x5763fbb2aa50_0 .var "q", 0 0;
v0x5763fbb2f780_0 .net "regWrite", 0 0, v0x5763fbc18b00_0;  alias, 1 drivers
v0x5763fbb2e410_0 .net "reset", 0 0, v0x5763fbc189c0_0;  alias, 1 drivers
S_0x5763fbb50d50 .scope generate, "genblk1[5]" "genblk1[5]" 7 12, 7 12 0, S_0x5763fbb44570;
 .timescale 0 0;
P_0x5763fba83be0 .param/l "i" 1 7 12, +C4<0101>;
S_0x5763fba4fad0 .scope module, "dff" "D_ff" 7 13, 8 1 0, S_0x5763fbb50d50;
 .timescale 0 0;
    .port_info 0 /INPUT 1 "clk";
    .port_info 1 /INPUT 1 "chipSelect";
    .port_info 2 /INPUT 1 "reset";
    .port_info 3 /INPUT 1 "regWrite";
    .port_info 4 /INPUT 1 "enable";
    .port_info 5 /INPUT 1 "d";
    .port_info 6 /OUTPUT 1 "q";
v0x5763fbb20b80_0 .net "chipSelect", 0 0, v0x5763fbc186d0_0;  alias, 1 drivers
v0x5763fbb25940_0 .net "clk", 0 0, v0x5763fbc18790_0;  alias, 1 drivers
v0x5763fbb245d0_0 .net "d", 0 0, L_0x5763fbc18f10;  1 drivers
v0x5763fbb24670_0 .net "enable", 0 0, L_0x5763fbc19220;  alias, 1 drivers
v0x5763fbb21ef0_0 .var "q", 0 0;
v0x5763fbb21f90_0 .net "regWrite", 0 0, v0x5763fbc18b00_0;  alias, 1 drivers
v0x5763fbb16d40_0 .net "reset", 0 0, v0x5763fbc189c0_0;  alias, 1 drivers
S_0x5763fba50e40 .scope generate, "genblk1[6]" "genblk1[6]" 7 12, 7 12 0, S_0x5763fbb44570;
 .timescale 0 0;
P_0x5763fbb1bb00 .param/l "i" 1 7 12, +C4<0110>;
S_0x5763fba521b0 .scope module, "dff" "D_ff" 7 13, 8 1 0, S_0x5763fba50e40;
 .timescale 0 0;
    .port_info 0 /INPUT 1 "clk";
    .port_info 1 /INPUT 1 "chipSelect";
    .port_info 2 /INPUT 1 "reset";
    .port_info 3 /INPUT 1 "regWrite";
    .port_info 4 /INPUT 1 "enable";
    .port_info 5 /INPUT 1 "d";
    .port_info 6 /OUTPUT 1 "q";
v0x5763fbb180b0_0 .net "chipSelect", 0 0, v0x5763fbc186d0_0;  alias, 1 drivers
v0x5763fbb0cf00_0 .net "clk", 0 0, v0x5763fbc18790_0;  alias, 1 drivers
v0x5763fbb11cc0_0 .net "d", 0 0, L_0x5763fbc18ff0;  1 drivers
v0x5763fbb11d60_0 .net "enable", 0 0, L_0x5763fbc19220;  alias, 1 drivers
v0x5763fbb10950_0 .var "q", 0 0;
v0x5763fbb0e270_0 .net "regWrite", 0 0, v0x5763fbc18b00_0;  alias, 1 drivers
v0x5763fbb0e310_0 .net "reset", 0 0, v0x5763fbc189c0_0;  alias, 1 drivers
S_0x5763fbb547a0 .scope generate, "genblk1[7]" "genblk1[7]" 7 12, 7 12 0, S_0x5763fbb44570;
 .timescale 0 0;
P_0x5763fbb030c0 .param/l "i" 1 7 12, +C4<0111>;
S_0x5763fbb55b10 .scope module, "dff" "D_ff" 7 13, 8 1 0, S_0x5763fbb547a0;
 .timescale 0 0;
    .port_info 0 /INPUT 1 "clk";
    .port_info 1 /INPUT 1 "chipSelect";
    .port_info 2 /INPUT 1 "reset";
    .port_info 3 /INPUT 1 "regWrite";
    .port_info 4 /INPUT 1 "enable";
    .port_info 5 /INPUT 1 "d";
    .port_info 6 /OUTPUT 1 "q";
v0x5763fbb06b10_0 .net "chipSelect", 0 0, v0x5763fbc186d0_0;  alias, 1 drivers
v0x5763fbb04430_0 .net "clk", 0 0, v0x5763fbc18790_0;  alias, 1 drivers
v0x5763fbaf9280_0 .net "d", 0 0, L_0x5763fbc19090;  1 drivers
v0x5763fbaf9320_0 .net "enable", 0 0, L_0x5763fbc19220;  alias, 1 drivers
v0x5763fbafe040_0 .var "q", 0 0;
v0x5763fbafccd0_0 .net "regWrite", 0 0, v0x5763fbc18b00_0;  alias, 1 drivers
v0x5763fbafcd70_0 .net "reset", 0 0, v0x5763fbc189c0_0;  alias, 1 drivers
S_0x5763fbb56e80 .scope module, "rMem1" "register8bit" 3 24, 7 2 0, S_0x5763fbb495f0;
 .timescale 0 0;
    .port_info 0 /INPUT 1 "clk";
    .port_info 1 /INPUT 1 "chipSelect";
    .port_info 2 /INPUT 1 "reset";
    .port_info 3 /INPUT 1 "regWrite";
    .port_info 4 /INPUT 1 "enable";
    .port_info 5 /INPUT 8 "inR";
    .port_info 6 /OUTPUT 8 "outR";
v0x5763fb8af900_0 .net "chipSelect", 0 0, v0x5763fbc186d0_0;  alias, 1 drivers
v0x5763fb8af9c0_0 .net "clk", 0 0, v0x5763fbc18790_0;  alias, 1 drivers
v0x5763fbb4ea40_0 .net "enable", 0 0, L_0x5763fbc19b90;  1 drivers
v0x5763fbb6c460_0 .net "inR", 7 0, L_0x5763fbc19c30;  1 drivers
v0x5763fbb62620_0 .net "outR", 7 0, L_0x5763fbc19af0;  alias, 1 drivers
v0x5763fbb587e0_0 .net "regWrite", 0 0, v0x5763fbc18b00_0;  alias, 1 drivers
v0x5763fbb58880_0 .net "reset", 0 0, v0x5763fbc189c0_0;  alias, 1 drivers
L_0x5763fbc19400 .part L_0x5763fbc19c30, 0, 1;
L_0x5763fbc194a0 .part L_0x5763fbc19c30, 1, 1;
L_0x5763fbc19590 .part L_0x5763fbc19c30, 2, 1;
L_0x5763fbc19630 .part L_0x5763fbc19c30, 3, 1;
L_0x5763fbc196d0 .part L_0x5763fbc19c30, 4, 1;
L_0x5763fbc19770 .part L_0x5763fbc19c30, 5, 1;
L_0x5763fbc19850 .part L_0x5763fbc19c30, 6, 1;
L_0x5763fbc198f0 .part L_0x5763fbc19c30, 7, 1;
LS_0x5763fbc19af0_0_0 .concat8 [ 1 1 1 1], v0x5763fbae6970_0, v0x5763fbad2cf0_0, v0x5763fbabdd50_0, v0x5763fbaaa080_0;
LS_0x5763fbc19af0_0_4 .concat8 [ 1 1 1 1], v0x5763fbaa15b0_0, v0x5763fba40e10_0, v0x5763fbb44b60_0, v0x5763fb887c20_0;
L_0x5763fbc19af0 .concat8 [ 4 4 0 0], LS_0x5763fbc19af0_0_0, LS_0x5763fbc19af0_0_4;
S_0x5763fbb581f0 .scope generate, "genblk1[0]" "genblk1[0]" 7 12, 7 12 0, S_0x5763fbb56e80;
 .timescale 0 0;
P_0x5763fbb07f30 .param/l "i" 1 7 12, +C4<00>;
S_0x5763fba56f70 .scope module, "dff" "D_ff" 7 13, 8 1 0, S_0x5763fbb581f0;
 .timescale 0 0;
    .port_info 0 /INPUT 1 "clk";
    .port_info 1 /INPUT 1 "chipSelect";
    .port_info 2 /INPUT 1 "reset";
    .port_info 3 /INPUT 1 "regWrite";
    .port_info 4 /INPUT 1 "enable";
    .port_info 5 /INPUT 1 "d";
    .port_info 6 /OUTPUT 1 "q";
v0x5763fbb2e4b0_0 .net "chipSelect", 0 0, v0x5763fbc186d0_0;  alias, 1 drivers
v0x5763fbaea3c0_0 .net "clk", 0 0, v0x5763fbc18790_0;  alias, 1 drivers
v0x5763fbae9050_0 .net "d", 0 0, L_0x5763fbc19400;  1 drivers
v0x5763fbae90f0_0 .net "enable", 0 0, L_0x5763fbc19b90;  alias, 1 drivers
v0x5763fbae6970_0 .var "q", 0 0;
v0x5763fbadb7c0_0 .net "regWrite", 0 0, v0x5763fbc18b00_0;  alias, 1 drivers
v0x5763fbadb860_0 .net "reset", 0 0, v0x5763fbc189c0_0;  alias, 1 drivers
S_0x5763fbb62030 .scope generate, "genblk1[1]" "genblk1[1]" 7 12, 7 12 0, S_0x5763fbb56e80;
 .timescale 0 0;
P_0x5763fbae0630 .param/l "i" 1 7 12, +C4<01>;
S_0x5763fbb5ab90 .scope module, "dff" "D_ff" 7 13, 8 1 0, S_0x5763fbb62030;
 .timescale 0 0;
    .port_info 0 /INPUT 1 "clk";
    .port_info 1 /INPUT 1 "chipSelect";
    .port_info 2 /INPUT 1 "reset";
    .port_info 3 /INPUT 1 "regWrite";
    .port_info 4 /INPUT 1 "enable";
    .port_info 5 /INPUT 1 "d";
    .port_info 6 /OUTPUT 1 "q";
v0x5763fbad1980_0 .net "chipSelect", 0 0, v0x5763fbc186d0_0;  alias, 1 drivers
v0x5763fbad6740_0 .net "clk", 0 0, v0x5763fbc18790_0;  alias, 1 drivers
v0x5763fbad53d0_0 .net "d", 0 0, L_0x5763fbc194a0;  1 drivers
v0x5763fbad5470_0 .net "enable", 0 0, L_0x5763fbc19b90;  alias, 1 drivers
v0x5763fbad2cf0_0 .var "q", 0 0;
v0x5763fbac7b40_0 .net "regWrite", 0 0, v0x5763fbc18b00_0;  alias, 1 drivers
v0x5763fbac7be0_0 .net "reset", 0 0, v0x5763fbc189c0_0;  alias, 1 drivers
S_0x5763fbb5bf00 .scope generate, "genblk1[2]" "genblk1[2]" 7 12, 7 12 0, S_0x5763fbb56e80;
 .timescale 0 0;
P_0x5763fbad6820 .param/l "i" 1 7 12, +C4<010>;
S_0x5763fbb5d270 .scope module, "dff" "D_ff" 7 13, 8 1 0, S_0x5763fbb5bf00;
 .timescale 0 0;
    .port_info 0 /INPUT 1 "clk";
    .port_info 1 /INPUT 1 "chipSelect";
    .port_info 2 /INPUT 1 "reset";
    .port_info 3 /INPUT 1 "regWrite";
    .port_info 4 /INPUT 1 "enable";
    .port_info 5 /INPUT 1 "d";
    .port_info 6 /OUTPUT 1 "q";
v0x5763fbacb590_0 .net "chipSelect", 0 0, v0x5763fbc186d0_0;  alias, 1 drivers
v0x5763fbacb630_0 .net "clk", 0 0, v0x5763fbc18790_0;  alias, 1 drivers
v0x5763fbac8eb0_0 .net "d", 0 0, L_0x5763fbc19590;  1 drivers
v0x5763fbac8f50_0 .net "enable", 0 0, L_0x5763fbc19b90;  alias, 1 drivers
v0x5763fbabdd50_0 .var "q", 0 0;
v0x5763fbac2ac0_0 .net "regWrite", 0 0, v0x5763fbc18b00_0;  alias, 1 drivers
v0x5763fbac2b60_0 .net "reset", 0 0, v0x5763fbc189c0_0;  alias, 1 drivers
S_0x5763fba53520 .scope generate, "genblk1[3]" "genblk1[3]" 7 12, 7 12 0, S_0x5763fbb56e80;
 .timescale 0 0;
P_0x5763fbabf0e0 .param/l "i" 1 7 12, +C4<011>;
S_0x5763fba54890 .scope module, "dff" "D_ff" 7 13, 8 1 0, S_0x5763fba53520;
 .timescale 0 0;
    .port_info 0 /INPUT 1 "clk";
    .port_info 1 /INPUT 1 "chipSelect";
    .port_info 2 /INPUT 1 "reset";
    .port_info 3 /INPUT 1 "regWrite";
    .port_info 4 /INPUT 1 "enable";
    .port_info 5 /INPUT 1 "d";
    .port_info 6 /OUTPUT 1 "q";
v0x5763fbab8c80_0 .net "chipSelect", 0 0, v0x5763fbc186d0_0;  alias, 1 drivers
v0x5763fbab7910_0 .net "clk", 0 0, v0x5763fbc18790_0;  alias, 1 drivers
v0x5763fbab5230_0 .net "d", 0 0, L_0x5763fbc19630;  1 drivers
v0x5763fbab52d0_0 .net "enable", 0 0, L_0x5763fbc19b90;  alias, 1 drivers
v0x5763fbaaa080_0 .var "q", 0 0;
v0x5763fbaaee40_0 .net "regWrite", 0 0, v0x5763fbc18b00_0;  alias, 1 drivers
v0x5763fbaaeee0_0 .net "reset", 0 0, v0x5763fbc189c0_0;  alias, 1 drivers
S_0x5763fba55c00 .scope generate, "genblk1[4]" "genblk1[4]" 7 12, 7 12 0, S_0x5763fbb56e80;
 .timescale 0 0;
P_0x5763fbaadb40 .param/l "i" 1 7 12, +C4<0100>;
S_0x5763fbb60cc0 .scope module, "dff" "D_ff" 7 13, 8 1 0, S_0x5763fba55c00;
 .timescale 0 0;
    .port_info 0 /INPUT 1 "clk";
    .port_info 1 /INPUT 1 "chipSelect";
    .port_info 2 /INPUT 1 "reset";
    .port_info 3 /INPUT 1 "regWrite";
    .port_info 4 /INPUT 1 "enable";
    .port_info 5 /INPUT 1 "d";
    .port_info 6 /OUTPUT 1 "q";
v0x5763fbaa0240_0 .net "chipSelect", 0 0, v0x5763fbc186d0_0;  alias, 1 drivers
v0x5763fbaa5000_0 .net "clk", 0 0, v0x5763fbc18790_0;  alias, 1 drivers
v0x5763fbaa3c90_0 .net "d", 0 0, L_0x5763fbc196d0;  1 drivers
v0x5763fbaa3d30_0 .net "enable", 0 0, L_0x5763fbc19b90;  alias, 1 drivers
v0x5763fbaa15b0_0 .var "q", 0 0;
v0x5763fbaa1650_0 .net "regWrite", 0 0, v0x5763fbc18b00_0;  alias, 1 drivers
v0x5763fba96400_0 .net "reset", 0 0, v0x5763fbc189c0_0;  alias, 1 drivers
S_0x5763fbb6ab00 .scope generate, "genblk1[5]" "genblk1[5]" 7 12, 7 12 0, S_0x5763fbb56e80;
 .timescale 0 0;
P_0x5763fba9b1c0 .param/l "i" 1 7 12, +C4<0101>;
S_0x5763fbb6be70 .scope module, "dff" "D_ff" 7 13, 8 1 0, S_0x5763fbb6ab00;
 .timescale 0 0;
    .port_info 0 /INPUT 1 "clk";
    .port_info 1 /INPUT 1 "chipSelect";
    .port_info 2 /INPUT 1 "reset";
    .port_info 3 /INPUT 1 "regWrite";
    .port_info 4 /INPUT 1 "enable";
    .port_info 5 /INPUT 1 "d";
    .port_info 6 /OUTPUT 1 "q";
v0x5763fba97770_0 .net "chipSelect", 0 0, v0x5763fbc186d0_0;  alias, 1 drivers
v0x5763fba3d3c0_0 .net "clk", 0 0, v0x5763fbc18790_0;  alias, 1 drivers
v0x5763fba42180_0 .net "d", 0 0, L_0x5763fbc19770;  1 drivers
v0x5763fba42220_0 .net "enable", 0 0, L_0x5763fbc19b90;  alias, 1 drivers
v0x5763fba40e10_0 .var "q", 0 0;
v0x5763fba3e730_0 .net "regWrite", 0 0, v0x5763fbc18b00_0;  alias, 1 drivers
v0x5763fba3e7d0_0 .net "reset", 0 0, v0x5763fbc189c0_0;  alias, 1 drivers
S_0x5763fbb649d0 .scope generate, "genblk1[6]" "genblk1[6]" 7 12, 7 12 0, S_0x5763fbb56e80;
 .timescale 0 0;
P_0x5763fba33400 .param/l "i" 1 7 12, +C4<0110>;
S_0x5763fbb65d40 .scope module, "dff" "D_ff" 7 13, 8 1 0, S_0x5763fbb649d0;
 .timescale 0 0;
    .port_info 0 /INPUT 1 "clk";
    .port_info 1 /INPUT 1 "chipSelect";
    .port_info 2 /INPUT 1 "reset";
    .port_info 3 /INPUT 1 "regWrite";
    .port_info 4 /INPUT 1 "enable";
    .port_info 5 /INPUT 1 "d";
    .port_info 6 /OUTPUT 1 "q";
v0x5763fba36e50_0 .net "chipSelect", 0 0, v0x5763fbc186d0_0;  alias, 1 drivers
v0x5763fba34770_0 .net "clk", 0 0, v0x5763fbc18790_0;  alias, 1 drivers
v0x5763fba30cf0_0 .net "d", 0 0, L_0x5763fbc19850;  1 drivers
v0x5763fba30d90_0 .net "enable", 0 0, L_0x5763fbc19b90;  alias, 1 drivers
v0x5763fbb44b60_0 .var "q", 0 0;
v0x5763fba4d720_0 .net "regWrite", 0 0, v0x5763fbc18b00_0;  alias, 1 drivers
v0x5763fba4d7c0_0 .net "reset", 0 0, v0x5763fbc189c0_0;  alias, 1 drivers
S_0x5763fbb670b0 .scope generate, "genblk1[7]" "genblk1[7]" 7 12, 7 12 0, S_0x5763fbb56e80;
 .timescale 0 0;
P_0x5763fba38270 .param/l "i" 1 7 12, +C4<0111>;
S_0x5763fbb5e5e0 .scope module, "dff" "D_ff" 7 13, 8 1 0, S_0x5763fbb670b0;
 .timescale 0 0;
    .port_info 0 /INPUT 1 "clk";
    .port_info 1 /INPUT 1 "chipSelect";
    .port_info 2 /INPUT 1 "reset";
    .port_info 3 /INPUT 1 "regWrite";
    .port_info 4 /INPUT 1 "enable";
    .port_info 5 /INPUT 1 "d";
    .port_info 6 /OUTPUT 1 "q";
v0x5763fbb30f90_0 .net "chipSelect", 0 0, v0x5763fbc186d0_0;  alias, 1 drivers
v0x5763fb895e50_0 .net "clk", 0 0, v0x5763fbc18790_0;  alias, 1 drivers
v0x5763fb887ae0_0 .net "d", 0 0, L_0x5763fbc198f0;  1 drivers
v0x5763fb887b80_0 .net "enable", 0 0, L_0x5763fbc19b90;  alias, 1 drivers
v0x5763fb887c20_0 .var "q", 0 0;
v0x5763fbb4e9a0_0 .net "regWrite", 0 0, v0x5763fbc18b00_0;  alias, 1 drivers
v0x5763fb897d80_0 .net "reset", 0 0, v0x5763fbc189c0_0;  alias, 1 drivers
S_0x5763fbb5f950 .scope module, "rMem10" "register8bit" 3 38, 7 2 0, S_0x5763fbb495f0;
 .timescale 0 0;
    .port_info 0 /INPUT 1 "clk";
    .port_info 1 /INPUT 1 "chipSelect";
    .port_info 2 /INPUT 1 "reset";
    .port_info 3 /INPUT 1 "regWrite";
    .port_info 4 /INPUT 1 "enable";
    .port_info 5 /INPUT 8 "inR";
    .port_info 6 /OUTPUT 8 "outR";
v0x5763fbab0910_0 .net "chipSelect", 0 0, v0x5763fbc186d0_0;  alias, 1 drivers
v0x5763fbaba6b0_0 .net "clk", 0 0, v0x5763fbc18790_0;  alias, 1 drivers
v0x5763fbaba770_0 .net "enable", 0 0, L_0x5763fbc207f0;  1 drivers
v0x5763fbac44f0_0 .net "inR", 7 0, L_0x5763fbc20890;  1 drivers
v0x5763fbac4590_0 .net "outR", 7 0, L_0x5763fbc205d0;  alias, 1 drivers
v0x5763fbace380_0 .net "regWrite", 0 0, v0x5763fbc18b00_0;  alias, 1 drivers
v0x5763fbad8170_0 .net "reset", 0 0, v0x5763fbc189c0_0;  alias, 1 drivers
L_0x5763fbc1f160 .part L_0x5763fbc20890, 0, 1;
L_0x5763fbc1fea0 .part L_0x5763fbc20890, 1, 1;
L_0x5763fbc1ffc0 .part L_0x5763fbc20890, 2, 1;
L_0x5763fbc20060 .part L_0x5763fbc20890, 3, 1;
L_0x5763fbc20160 .part L_0x5763fbc20890, 4, 1;
L_0x5763fbc20230 .part L_0x5763fbc20890, 5, 1;
L_0x5763fbc20300 .part L_0x5763fbc20890, 6, 1;
L_0x5763fbc203a0 .part L_0x5763fbc20890, 7, 1;
LS_0x5763fbc205d0_0_0 .concat8 [ 1 1 1 1], v0x5763fba88ca0_0, v0x5763fbace060_0, v0x5763fbb1d260_0, v0x5763fbb4fc00_0;
LS_0x5763fbc205d0_0_4 .concat8 [ 1 1 1 1], v0x5763fba761e0_0, v0x5763fbb44e30_0, v0x5763fba61670_0, v0x5763fbaa6ad0_0;
L_0x5763fbc205d0 .concat8 [ 4 4 0 0], LS_0x5763fbc205d0_0_0, LS_0x5763fbc205d0_0_4;
S_0x5763fbb69790 .scope generate, "genblk1[0]" "genblk1[0]" 7 12, 7 12 0, S_0x5763fbb5f950;
 .timescale 0 0;
P_0x5763fba613a0 .param/l "i" 1 7 12, +C4<00>;
S_0x5763fba5e6d0 .scope module, "dff" "D_ff" 7 13, 8 1 0, S_0x5763fbb69790;
 .timescale 0 0;
    .port_info 0 /INPUT 1 "clk";
    .port_info 1 /INPUT 1 "chipSelect";
    .port_info 2 /INPUT 1 "reset";
    .port_info 3 /INPUT 1 "regWrite";
    .port_info 4 /INPUT 1 "enable";
    .port_info 5 /INPUT 1 "d";
    .port_info 6 /OUTPUT 1 "q";
v0x5763fba75020_0 .net "chipSelect", 0 0, v0x5763fbc186d0_0;  alias, 1 drivers
v0x5763fba750c0_0 .net "clk", 0 0, v0x5763fbc18790_0;  alias, 1 drivers
v0x5763fba92ae0_0 .net "d", 0 0, L_0x5763fbc1f160;  1 drivers
v0x5763fba92b80_0 .net "enable", 0 0, L_0x5763fbc207f0;  alias, 1 drivers
v0x5763fba88ca0_0 .var "q", 0 0;
v0x5763fba7ee60_0 .net "regWrite", 0 0, v0x5763fbc18b00_0;  alias, 1 drivers
v0x5763fba7ef00_0 .net "reset", 0 0, v0x5763fbc189c0_0;  alias, 1 drivers
S_0x5763fba5fa40 .scope generate, "genblk1[1]" "genblk1[1]" 7 12, 7 12 0, S_0x5763fbb5f950;
 .timescale 0 0;
P_0x5763fbaa6780 .param/l "i" 1 7 12, +C4<01>;
S_0x5763fba60db0 .scope module, "dff" "D_ff" 7 13, 8 1 0, S_0x5763fba5fa40;
 .timescale 0 0;
    .port_info 0 /INPUT 1 "clk";
    .port_info 1 /INPUT 1 "chipSelect";
    .port_info 2 /INPUT 1 "reset";
    .port_info 3 /INPUT 1 "regWrite";
    .port_info 4 /INPUT 1 "enable";
    .port_info 5 /INPUT 1 "d";
    .port_info 6 /OUTPUT 1 "q";
v0x5763fba9c9d0_0 .net "chipSelect", 0 0, v0x5763fbc186d0_0;  alias, 1 drivers
v0x5763fbaba3e0_0 .net "clk", 0 0, v0x5763fbc18790_0;  alias, 1 drivers
v0x5763fbad7ea0_0 .net "d", 0 0, L_0x5763fbc1fea0;  1 drivers
v0x5763fbad7f40_0 .net "enable", 0 0, L_0x5763fbc207f0;  alias, 1 drivers
v0x5763fbace060_0 .var "q", 0 0;
v0x5763fbac4220_0 .net "regWrite", 0 0, v0x5763fbc18b00_0;  alias, 1 drivers
v0x5763fbac42c0_0 .net "reset", 0 0, v0x5763fbc189c0_0;  alias, 1 drivers
S_0x5763fba59910 .scope generate, "genblk1[2]" "genblk1[2]" 7 12, 7 12 0, S_0x5763fbb5f950;
 .timescale 0 0;
P_0x5763fba43950 .param/l "i" 1 7 12, +C4<010>;
S_0x5763fba5ac80 .scope module, "dff" "D_ff" 7 13, 8 1 0, S_0x5763fba59910;
 .timescale 0 0;
    .port_info 0 /INPUT 1 "clk";
    .port_info 1 /INPUT 1 "chipSelect";
    .port_info 2 /INPUT 1 "reset";
    .port_info 3 /INPUT 1 "regWrite";
    .port_info 4 /INPUT 1 "enable";
    .port_info 5 /INPUT 1 "d";
    .port_info 6 /OUTPUT 1 "q";
v0x5763fbaf5960_0 .net "chipSelect", 0 0, v0x5763fbc186d0_0;  alias, 1 drivers
v0x5763fbaebb20_0 .net "clk", 0 0, v0x5763fbc18790_0;  alias, 1 drivers
v0x5763fbae1ce0_0 .net "d", 0 0, L_0x5763fbc1ffc0;  1 drivers
v0x5763fbae1d80_0 .net "enable", 0 0, L_0x5763fbc207f0;  alias, 1 drivers
v0x5763fbb1d260_0 .var "q", 0 0;
v0x5763fbb13420_0 .net "regWrite", 0 0, v0x5763fbc18b00_0;  alias, 1 drivers
v0x5763fbb134c0_0 .net "reset", 0 0, v0x5763fbc189c0_0;  alias, 1 drivers
S_0x5763fba5bff0 .scope generate, "genblk1[3]" "genblk1[3]" 7 12, 7 12 0, S_0x5763fbb5f950;
 .timescale 0 0;
P_0x5763fbb095e0 .param/l "i" 1 7 12, +C4<011>;
S_0x5763fbb68420 .scope module, "dff" "D_ff" 7 13, 8 1 0, S_0x5763fba5bff0;
 .timescale 0 0;
    .port_info 0 /INPUT 1 "clk";
    .port_info 1 /INPUT 1 "chipSelect";
    .port_info 2 /INPUT 1 "reset";
    .port_info 3 /INPUT 1 "regWrite";
    .port_info 4 /INPUT 1 "enable";
    .port_info 5 /INPUT 1 "d";
    .port_info 6 /OUTPUT 1 "q";
v0x5763fbb27150_0 .net "chipSelect", 0 0, v0x5763fbc186d0_0;  alias, 1 drivers
v0x5763fbb45d20_0 .net "clk", 0 0, v0x5763fbc18790_0;  alias, 1 drivers
v0x5763fbb45dc0_0 .net "d", 0 0, L_0x5763fbc20060;  1 drivers
v0x5763fbb4fb60_0 .net "enable", 0 0, L_0x5763fbc207f0;  alias, 1 drivers
v0x5763fbb4fc00_0 .var "q", 0 0;
v0x5763fba4e930_0 .net "regWrite", 0 0, v0x5763fbc18b00_0;  alias, 1 drivers
v0x5763fbb599a0_0 .net "reset", 0 0, v0x5763fbc189c0_0;  alias, 1 drivers
S_0x5763fba5d360 .scope generate, "genblk1[4]" "genblk1[4]" 7 12, 7 12 0, S_0x5763fbb5f950;
 .timescale 0 0;
P_0x5763fbb63850 .param/l "i" 1 7 12, +C4<0100>;
S_0x5763fba671a0 .scope module, "dff" "D_ff" 7 13, 8 1 0, S_0x5763fba5d360;
 .timescale 0 0;
    .port_info 0 /INPUT 1 "clk";
    .port_info 1 /INPUT 1 "chipSelect";
    .port_info 2 /INPUT 1 "reset";
    .port_info 3 /INPUT 1 "regWrite";
    .port_info 4 /INPUT 1 "enable";
    .port_info 5 /INPUT 1 "d";
    .port_info 6 /OUTPUT 1 "q";
v0x5763fba62560_0 .net "chipSelect", 0 0, v0x5763fbc186d0_0;  alias, 1 drivers
v0x5763fba62620_0 .net "clk", 0 0, v0x5763fbc18790_0;  alias, 1 drivers
v0x5763fba6c3a0_0 .net "d", 0 0, L_0x5763fbc20160;  1 drivers
v0x5763fba6c440_0 .net "enable", 0 0, L_0x5763fbc207f0;  alias, 1 drivers
v0x5763fba761e0_0 .var "q", 0 0;
v0x5763fba76280_0 .net "regWrite", 0 0, v0x5763fbc18b00_0;  alias, 1 drivers
v0x5763fba80020_0 .net "reset", 0 0, v0x5763fbc189c0_0;  alias, 1 drivers
S_0x5763fba68510 .scope generate, "genblk1[5]" "genblk1[5]" 7 12, 7 12 0, S_0x5763fbb5f950;
 .timescale 0 0;
P_0x5763fba89eb0 .param/l "i" 1 7 12, +C4<0101>;
S_0x5763fba69880 .scope module, "dff" "D_ff" 7 13, 8 1 0, S_0x5763fba68510;
 .timescale 0 0;
    .port_info 0 /INPUT 1 "clk";
    .port_info 1 /INPUT 1 "chipSelect";
    .port_info 2 /INPUT 1 "reset";
    .port_info 3 /INPUT 1 "regWrite";
    .port_info 4 /INPUT 1 "enable";
    .port_info 5 /INPUT 1 "d";
    .port_info 6 /OUTPUT 1 "q";
v0x5763fbb3aff0_0 .net "chipSelect", 0 0, v0x5763fbc186d0_0;  alias, 1 drivers
v0x5763fbb3b0b0_0 .net "clk", 0 0, v0x5763fbc18790_0;  alias, 1 drivers
v0x5763fbb311b0_0 .net "d", 0 0, L_0x5763fbc20230;  1 drivers
v0x5763fbb31250_0 .net "enable", 0 0, L_0x5763fbc207f0;  alias, 1 drivers
v0x5763fbb44e30_0 .var "q", 0 0;
v0x5763fba4d9f0_0 .net "regWrite", 0 0, v0x5763fbc18b00_0;  alias, 1 drivers
v0x5763fba4da90_0 .net "reset", 0 0, v0x5763fbc189c0_0;  alias, 1 drivers
S_0x5763fba6abf0 .scope generate, "genblk1[6]" "genblk1[6]" 7 12, 7 12 0, S_0x5763fbb5f950;
 .timescale 0 0;
P_0x5763fbb4ed20 .param/l "i" 1 7 12, +C4<0110>;
S_0x5763fba63750 .scope module, "dff" "D_ff" 7 13, 8 1 0, S_0x5763fba6abf0;
 .timescale 0 0;
    .port_info 0 /INPUT 1 "clk";
    .port_info 1 /INPUT 1 "chipSelect";
    .port_info 2 /INPUT 1 "reset";
    .port_info 3 /INPUT 1 "regWrite";
    .port_info 4 /INPUT 1 "enable";
    .port_info 5 /INPUT 1 "d";
    .port_info 6 /OUTPUT 1 "q";
v0x5763fbb628f0_0 .net "chipSelect", 0 0, v0x5763fbc186d0_0;  alias, 1 drivers
v0x5763fbb62990_0 .net "clk", 0 0, v0x5763fbc18790_0;  alias, 1 drivers
v0x5763fba57830_0 .net "d", 0 0, L_0x5763fbc20300;  1 drivers
v0x5763fba578d0_0 .net "enable", 0 0, L_0x5763fbc207f0;  alias, 1 drivers
v0x5763fba61670_0 .var "q", 0 0;
v0x5763fba6b4b0_0 .net "regWrite", 0 0, v0x5763fbc18b00_0;  alias, 1 drivers
v0x5763fba6b550_0 .net "reset", 0 0, v0x5763fbc189c0_0;  alias, 1 drivers
S_0x5763fba64ac0 .scope generate, "genblk1[7]" "genblk1[7]" 7 12, 7 12 0, S_0x5763fbb5f950;
 .timescale 0 0;
P_0x5763fba753e0 .param/l "i" 1 7 12, +C4<0111>;
S_0x5763fba65e30 .scope module, "dff" "D_ff" 7 13, 8 1 0, S_0x5763fba64ac0;
 .timescale 0 0;
    .port_info 0 /INPUT 1 "clk";
    .port_info 1 /INPUT 1 "chipSelect";
    .port_info 2 /INPUT 1 "reset";
    .port_info 3 /INPUT 1 "regWrite";
    .port_info 4 /INPUT 1 "enable";
    .port_info 5 /INPUT 1 "d";
    .port_info 6 /OUTPUT 1 "q";
v0x5763fba7f1f0_0 .net "chipSelect", 0 0, v0x5763fbc186d0_0;  alias, 1 drivers
v0x5763fba88f70_0 .net "clk", 0 0, v0x5763fbc18790_0;  alias, 1 drivers
v0x5763fba89030_0 .net "d", 0 0, L_0x5763fbc203a0;  1 drivers
v0x5763fbaa6a30_0 .net "enable", 0 0, L_0x5763fbc207f0;  alias, 1 drivers
v0x5763fbaa6ad0_0 .var "q", 0 0;
v0x5763fba9cbf0_0 .net "regWrite", 0 0, v0x5763fbc18b00_0;  alias, 1 drivers
v0x5763fba9cc90_0 .net "reset", 0 0, v0x5763fbc189c0_0;  alias, 1 drivers
S_0x5763fba6fc70 .scope module, "rMem11" "register8bit" 3 39, 7 2 0, S_0x5763fbb495f0;
 .timescale 0 0;
    .port_info 0 /INPUT 1 "clk";
    .port_info 1 /INPUT 1 "chipSelect";
    .port_info 2 /INPUT 1 "reset";
    .port_info 3 /INPUT 1 "regWrite";
    .port_info 4 /INPUT 1 "enable";
    .port_info 5 /INPUT 8 "inR";
    .port_info 6 /OUTPUT 8 "outR";
v0x5763fbaecf10_0 .net "chipSelect", 0 0, v0x5763fbc186d0_0;  alias, 1 drivers
v0x5763fbaecfd0_0 .net "clk", 0 0, v0x5763fbc18790_0;  alias, 1 drivers
v0x5763fbae30d0_0 .net "enable", 0 0, L_0x5763fbc21440;  1 drivers
v0x5763fbae3170_0 .net "inR", 7 0, L_0x5763fbc214e0;  1 drivers
v0x5763fbad9290_0 .net "outR", 7 0, L_0x5763fbc21220;  alias, 1 drivers
v0x5763fbacf450_0 .net "regWrite", 0 0, v0x5763fbc18b00_0;  alias, 1 drivers
v0x5763fbacf4f0_0 .net "reset", 0 0, v0x5763fbc189c0_0;  alias, 1 drivers
L_0x5763fbc209f0 .part L_0x5763fbc214e0, 0, 1;
L_0x5763fbc20af0 .part L_0x5763fbc214e0, 1, 1;
L_0x5763fbc20c10 .part L_0x5763fbc214e0, 2, 1;
L_0x5763fbc20cb0 .part L_0x5763fbc214e0, 3, 1;
L_0x5763fbc20db0 .part L_0x5763fbc214e0, 4, 1;
L_0x5763fbc20e80 .part L_0x5763fbc214e0, 5, 1;
L_0x5763fbc20f50 .part L_0x5763fbc214e0, 6, 1;
L_0x5763fbc20ff0 .part L_0x5763fbc214e0, 7, 1;
LS_0x5763fbc21220_0_0 .concat8 [ 1 1 1 1], v0x5763fbaf5cf0_0, v0x5763fbb28260_0, v0x5763fba44af0_0, v0x5763fbabb640_0;
LS_0x5763fbc21220_0_4 .concat8 [ 1 1 1 1], v0x5763fbb4fd90_0, v0x5763fba6c5d0_0, v0x5763fbb3c1b0_0, v0x5763fbb00c30_0;
L_0x5763fbc21220 .concat8 [ 4 4 0 0], LS_0x5763fbc21220_0_0, LS_0x5763fbc21220_0_4;
S_0x5763fba78740 .scope generate, "genblk1[0]" "genblk1[0]" 7 12, 7 12 0, S_0x5763fba6fc70;
 .timescale 0 0;
P_0x5763fbaebdf0 .param/l "i" 1 7 12, +C4<00>;
S_0x5763fba79ab0 .scope module, "dff" "D_ff" 7 13, 8 1 0, S_0x5763fba78740;
 .timescale 0 0;
    .port_info 0 /INPUT 1 "clk";
    .port_info 1 /INPUT 1 "chipSelect";
    .port_info 2 /INPUT 1 "reset";
    .port_info 3 /INPUT 1 "regWrite";
    .port_info 4 /INPUT 1 "enable";
    .port_info 5 /INPUT 1 "d";
    .port_info 6 /OUTPUT 1 "q";
v0x5763fbae2060_0 .net "chipSelect", 0 0, v0x5763fbc186d0_0;  alias, 1 drivers
v0x5763fbaffa70_0 .net "clk", 0 0, v0x5763fbc18790_0;  alias, 1 drivers
v0x5763fbaffb30_0 .net "d", 0 0, L_0x5763fbc209f0;  1 drivers
v0x5763fbaf5c30_0 .net "enable", 0 0, L_0x5763fbc21440;  alias, 1 drivers
v0x5763fbaf5cf0_0 .var "q", 0 0;
v0x5763fbb09920_0 .net "regWrite", 0 0, v0x5763fbc18b00_0;  alias, 1 drivers
v0x5763fbb136f0_0 .net "reset", 0 0, v0x5763fbc189c0_0;  alias, 1 drivers
S_0x5763fba70fe0 .scope generate, "genblk1[1]" "genblk1[1]" 7 12, 7 12 0, S_0x5763fba6fc70;
 .timescale 0 0;
P_0x5763fbb1d5e0 .param/l "i" 1 7 12, +C4<01>;
S_0x5763fba736c0 .scope module, "dff" "D_ff" 7 13, 8 1 0, S_0x5763fba70fe0;
 .timescale 0 0;
    .port_info 0 /INPUT 1 "clk";
    .port_info 1 /INPUT 1 "chipSelect";
    .port_info 2 /INPUT 1 "reset";
    .port_info 3 /INPUT 1 "regWrite";
    .port_info 4 /INPUT 1 "enable";
    .port_info 5 /INPUT 1 "d";
    .port_info 6 /OUTPUT 1 "q";
v0x5763fbb3bee0_0 .net "chipSelect", 0 0, v0x5763fbc186d0_0;  alias, 1 drivers
v0x5763fbb3bfa0_0 .net "clk", 0 0, v0x5763fbc18790_0;  alias, 1 drivers
v0x5763fbb320a0_0 .net "d", 0 0, L_0x5763fbc20af0;  1 drivers
v0x5763fbb32140_0 .net "enable", 0 0, L_0x5763fbc21440;  alias, 1 drivers
v0x5763fbb28260_0 .var "q", 0 0;
v0x5763fbb1e420_0 .net "regWrite", 0 0, v0x5763fbc18b00_0;  alias, 1 drivers
v0x5763fbb1e4c0_0 .net "reset", 0 0, v0x5763fbc189c0_0;  alias, 1 drivers
S_0x5763fba74a30 .scope generate, "genblk1[2]" "genblk1[2]" 7 12, 7 12 0, S_0x5763fba6fc70;
 .timescale 0 0;
P_0x5763fbb14690 .param/l "i" 1 7 12, +C4<010>;
S_0x5763fba6d590 .scope module, "dff" "D_ff" 7 13, 8 1 0, S_0x5763fba74a30;
 .timescale 0 0;
    .port_info 0 /INPUT 1 "clk";
    .port_info 1 /INPUT 1 "chipSelect";
    .port_info 2 /INPUT 1 "reset";
    .port_info 3 /INPUT 1 "regWrite";
    .port_info 4 /INPUT 1 "enable";
    .port_info 5 /INPUT 1 "d";
    .port_info 6 /OUTPUT 1 "q";
v0x5763fbb00960_0 .net "chipSelect", 0 0, v0x5763fbc186d0_0;  alias, 1 drivers
v0x5763fbb00a20_0 .net "clk", 0 0, v0x5763fbc18790_0;  alias, 1 drivers
v0x5763fbaf6b20_0 .net "d", 0 0, L_0x5763fbc20c10;  1 drivers
v0x5763fbaf6bc0_0 .net "enable", 0 0, L_0x5763fbc21440;  alias, 1 drivers
v0x5763fba44af0_0 .var "q", 0 0;
v0x5763fbaecce0_0 .net "regWrite", 0 0, v0x5763fbc18b00_0;  alias, 1 drivers
v0x5763fbaecd80_0 .net "reset", 0 0, v0x5763fbc189c0_0;  alias, 1 drivers
S_0x5763fba6e900 .scope generate, "genblk1[3]" "genblk1[3]" 7 12, 7 12 0, S_0x5763fba6fc70;
 .timescale 0 0;
P_0x5763fbae2fb0 .param/l "i" 1 7 12, +C4<011>;
S_0x5763fba773d0 .scope module, "dff" "D_ff" 7 13, 8 1 0, S_0x5763fba6e900;
 .timescale 0 0;
    .port_info 0 /INPUT 1 "clk";
    .port_info 1 /INPUT 1 "chipSelect";
    .port_info 2 /INPUT 1 "reset";
    .port_info 3 /INPUT 1 "regWrite";
    .port_info 4 /INPUT 1 "enable";
    .port_info 5 /INPUT 1 "d";
    .port_info 6 /OUTPUT 1 "q";
v0x5763fbacf2d0_0 .net "chipSelect", 0 0, v0x5763fbc186d0_0;  alias, 1 drivers
v0x5763fbac53e0_0 .net "clk", 0 0, v0x5763fbc18790_0;  alias, 1 drivers
v0x5763fbac54a0_0 .net "d", 0 0, L_0x5763fbc20cb0;  1 drivers
v0x5763fbabb5a0_0 .net "enable", 0 0, L_0x5763fbc21440;  alias, 1 drivers
v0x5763fbabb640_0 .var "q", 0 0;
v0x5763fbab1760_0 .net "regWrite", 0 0, v0x5763fbc18b00_0;  alias, 1 drivers
v0x5763fbab1800_0 .net "reset", 0 0, v0x5763fbc189c0_0;  alias, 1 drivers
S_0x5763fba81210 .scope generate, "genblk1[4]" "genblk1[4]" 7 12, 7 12 0, S_0x5763fba6fc70;
 .timescale 0 0;
P_0x5763fba9db30 .param/l "i" 1 7 12, +C4<0100>;
S_0x5763fba82580 .scope module, "dff" "D_ff" 7 13, 8 1 0, S_0x5763fba81210;
 .timescale 0 0;
    .port_info 0 /INPUT 1 "clk";
    .port_info 1 /INPUT 1 "chipSelect";
    .port_info 2 /INPUT 1 "reset";
    .port_info 3 /INPUT 1 "regWrite";
    .port_info 4 /INPUT 1 "enable";
    .port_info 5 /INPUT 1 "d";
    .port_info 6 /OUTPUT 1 "q";
v0x5763fba3ac60_0 .net "chipSelect", 0 0, v0x5763fbc186d0_0;  alias, 1 drivers
v0x5763fba3ad20_0 .net "clk", 0 0, v0x5763fbc18790_0;  alias, 1 drivers
v0x5763fbb45f50_0 .net "d", 0 0, L_0x5763fbc20db0;  1 drivers
v0x5763fbb45ff0_0 .net "enable", 0 0, L_0x5763fbc21440;  alias, 1 drivers
v0x5763fbb4fd90_0 .var "q", 0 0;
v0x5763fbb4fe50_0 .net "regWrite", 0 0, v0x5763fbc18b00_0;  alias, 1 drivers
v0x5763fba4eb10_0 .net "reset", 0 0, v0x5763fbc189c0_0;  alias, 1 drivers
S_0x5763fba838f0 .scope generate, "genblk1[5]" "genblk1[5]" 7 12, 7 12 0, S_0x5763fba6fc70;
 .timescale 0 0;
P_0x5763fbb59c20 .param/l "i" 1 7 12, +C4<0101>;
S_0x5763fba7ae20 .scope module, "dff" "D_ff" 7 13, 8 1 0, S_0x5763fba838f0;
 .timescale 0 0;
    .port_info 0 /INPUT 1 "clk";
    .port_info 1 /INPUT 1 "chipSelect";
    .port_info 2 /INPUT 1 "reset";
    .port_info 3 /INPUT 1 "regWrite";
    .port_info 4 /INPUT 1 "enable";
    .port_info 5 /INPUT 1 "d";
    .port_info 6 /OUTPUT 1 "q";
v0x5763fba58950_0 .net "chipSelect", 0 0, v0x5763fbc186d0_0;  alias, 1 drivers
v0x5763fba58a10_0 .net "clk", 0 0, v0x5763fbc18790_0;  alias, 1 drivers
v0x5763fba62790_0 .net "d", 0 0, L_0x5763fbc20e80;  1 drivers
v0x5763fba62830_0 .net "enable", 0 0, L_0x5763fbc21440;  alias, 1 drivers
v0x5763fba6c5d0_0 .var "q", 0 0;
v0x5763fba76410_0 .net "regWrite", 0 0, v0x5763fbc18b00_0;  alias, 1 drivers
v0x5763fba764b0_0 .net "reset", 0 0, v0x5763fbc189c0_0;  alias, 1 drivers
S_0x5763fba7c190 .scope generate, "genblk1[6]" "genblk1[6]" 7 12, 7 12 0, S_0x5763fba6fc70;
 .timescale 0 0;
P_0x5763fbb63b10 .param/l "i" 1 7 12, +C4<0110>;
S_0x5763fba7d500 .scope module, "dff" "D_ff" 7 13, 8 1 0, S_0x5763fba7c190;
 .timescale 0 0;
    .port_info 0 /INPUT 1 "clk";
    .port_info 1 /INPUT 1 "chipSelect";
    .port_info 2 /INPUT 1 "reset";
    .port_info 3 /INPUT 1 "regWrite";
    .port_info 4 /INPUT 1 "enable";
    .port_info 5 /INPUT 1 "d";
    .port_info 6 /OUTPUT 1 "q";
v0x5763fba80300_0 .net "chipSelect", 0 0, v0x5763fbc186d0_0;  alias, 1 drivers
v0x5763fba8a090_0 .net "clk", 0 0, v0x5763fbc18790_0;  alias, 1 drivers
v0x5763fba8a130_0 .net "d", 0 0, L_0x5763fbc20f50;  1 drivers
v0x5763fbb3c110_0 .net "enable", 0 0, L_0x5763fbc21440;  alias, 1 drivers
v0x5763fbb3c1b0_0 .var "q", 0 0;
v0x5763fbb32320_0 .net "regWrite", 0 0, v0x5763fbc18b00_0;  alias, 1 drivers
v0x5763fbb28490_0 .net "reset", 0 0, v0x5763fbc189c0_0;  alias, 1 drivers
S_0x5763fba7e870 .scope generate, "genblk1[7]" "genblk1[7]" 7 12, 7 12 0, S_0x5763fba6fc70;
 .timescale 0 0;
P_0x5763fbb1e650 .param/l "i" 1 7 12, +C4<0111>;
S_0x5763fba886b0 .scope module, "dff" "D_ff" 7 13, 8 1 0, S_0x5763fba7e870;
 .timescale 0 0;
    .port_info 0 /INPUT 1 "clk";
    .port_info 1 /INPUT 1 "chipSelect";
    .port_info 2 /INPUT 1 "reset";
    .port_info 3 /INPUT 1 "regWrite";
    .port_info 4 /INPUT 1 "enable";
    .port_info 5 /INPUT 1 "d";
    .port_info 6 /OUTPUT 1 "q";
v0x5763fbb148c0_0 .net "chipSelect", 0 0, v0x5763fbc186d0_0;  alias, 1 drivers
v0x5763fbb0a9d0_0 .net "clk", 0 0, v0x5763fbc18790_0;  alias, 1 drivers
v0x5763fbb0aa90_0 .net "d", 0 0, L_0x5763fbc20ff0;  1 drivers
v0x5763fbb00b90_0 .net "enable", 0 0, L_0x5763fbc21440;  alias, 1 drivers
v0x5763fbb00c30_0 .var "q", 0 0;
v0x5763fbaf6da0_0 .net "regWrite", 0 0, v0x5763fbc18b00_0;  alias, 1 drivers
v0x5763fba44cd0_0 .net "reset", 0 0, v0x5763fbc189c0_0;  alias, 1 drivers
S_0x5763fba924f0 .scope module, "rMem12" "register8bit" 3 41, 7 2 0, S_0x5763fbb495f0;
 .timescale 0 0;
    .port_info 0 /INPUT 1 "clk";
    .port_info 1 /INPUT 1 "chipSelect";
    .port_info 2 /INPUT 1 "reset";
    .port_info 3 /INPUT 1 "regWrite";
    .port_info 4 /INPUT 1 "enable";
    .port_info 5 /INPUT 8 "inR";
    .port_info 6 /OUTPUT 8 "outR";
v0x5763fbb16b40_0 .net "chipSelect", 0 0, v0x5763fbc186d0_0;  alias, 1 drivers
v0x5763fbb16c00_0 .net "clk", 0 0, v0x5763fbc18790_0;  alias, 1 drivers
v0x5763fbb157d0_0 .net "enable", 0 0, L_0x5763fbc22070;  1 drivers
v0x5763fbb15870_0 .net "inR", 7 0, L_0x5763fbc22110;  1 drivers
v0x5763fbb1cc70_0 .net "outR", 7 0, L_0x5763fbc21e80;  alias, 1 drivers
v0x5763fbb1b900_0 .net "regWrite", 0 0, v0x5763fbc18b00_0;  alias, 1 drivers
v0x5763fbb1b9a0_0 .net "reset", 0 0, v0x5763fbc189c0_0;  alias, 1 drivers
L_0x5763fbc21650 .part L_0x5763fbc22110, 0, 1;
L_0x5763fbc21750 .part L_0x5763fbc22110, 1, 1;
L_0x5763fbc21870 .part L_0x5763fbc22110, 2, 1;
L_0x5763fbc21910 .part L_0x5763fbc22110, 3, 1;
L_0x5763fbc21a10 .part L_0x5763fbc22110, 4, 1;
L_0x5763fbc21ae0 .part L_0x5763fbc22110, 5, 1;
L_0x5763fbc21bb0 .part L_0x5763fbc22110, 6, 1;
L_0x5763fbc21c50 .part L_0x5763fbc22110, 7, 1;
LS_0x5763fbc21e80_0_0 .concat8 [ 1 1 1 1], v0x5763fba9ddb0_0, v0x5763fbaff370_0, v0x5763fbacdc30_0, v0x5763fba9c4f0_0;
LS_0x5763fbc21e80_0_4 .concat8 [ 1 1 1 1], v0x5763fba60f70_0, v0x5763fbb44730_0, v0x5763fbb36d80_0, v0x5763fbb23060_0;
L_0x5763fbc21e80 .concat8 [ 4 4 0 0], LS_0x5763fbc21e80_0_0, LS_0x5763fbc21e80_0_4;
S_0x5763fba8b050 .scope generate, "genblk1[0]" "genblk1[0]" 7 12, 7 12 0, S_0x5763fba924f0;
 .timescale 0 0;
P_0x5763fbabb7d0 .param/l "i" 1 7 12, +C4<00>;
S_0x5763fba8c3c0 .scope module, "dff" "D_ff" 7 13, 8 1 0, S_0x5763fba8b050;
 .timescale 0 0;
    .port_info 0 /INPUT 1 "clk";
    .port_info 1 /INPUT 1 "chipSelect";
    .port_info 2 /INPUT 1 "reset";
    .port_info 3 /INPUT 1 "regWrite";
    .port_info 4 /INPUT 1 "enable";
    .port_info 5 /INPUT 1 "d";
    .port_info 6 /OUTPUT 1 "q";
v0x5763fbab1a40_0 .net "chipSelect", 0 0, v0x5763fbc186d0_0;  alias, 1 drivers
v0x5763fbaa7b50_0 .net "clk", 0 0, v0x5763fbc18790_0;  alias, 1 drivers
v0x5763fbaa7bf0_0 .net "d", 0 0, L_0x5763fbc21650;  1 drivers
v0x5763fba9dd10_0 .net "enable", 0 0, L_0x5763fbc22070;  alias, 1 drivers
v0x5763fba9ddb0_0 .var "q", 0 0;
v0x5763fba93f40_0 .net "regWrite", 0 0, v0x5763fbc18b00_0;  alias, 1 drivers
v0x5763fba3ae90_0 .net "reset", 0 0, v0x5763fbc189c0_0;  alias, 1 drivers
S_0x5763fba8d730 .scope generate, "genblk1[1]" "genblk1[1]" 7 12, 7 12 0, S_0x5763fba924f0;
 .timescale 0 0;
P_0x5763fbb26d00 .param/l "i" 1 7 12, +C4<01>;
S_0x5763fba84c60 .scope module, "dff" "D_ff" 7 13, 8 1 0, S_0x5763fba8d730;
 .timescale 0 0;
    .port_info 0 /INPUT 1 "clk";
    .port_info 1 /INPUT 1 "chipSelect";
    .port_info 2 /INPUT 1 "reset";
    .port_info 3 /INPUT 1 "regWrite";
    .port_info 4 /INPUT 1 "enable";
    .port_info 5 /INPUT 1 "d";
    .port_info 6 /OUTPUT 1 "q";
v0x5763fbb12ff0_0 .net "chipSelect", 0 0, v0x5763fbc186d0_0;  alias, 1 drivers
v0x5763fbb130b0_0 .net "clk", 0 0, v0x5763fbc18790_0;  alias, 1 drivers
v0x5763fbb091b0_0 .net "d", 0 0, L_0x5763fbc21750;  1 drivers
v0x5763fbb09250_0 .net "enable", 0 0, L_0x5763fbc22070;  alias, 1 drivers
v0x5763fbaff370_0 .var "q", 0 0;
v0x5763fbaf5530_0 .net "regWrite", 0 0, v0x5763fbc18b00_0;  alias, 1 drivers
v0x5763fbaf55d0_0 .net "reset", 0 0, v0x5763fbc189c0_0;  alias, 1 drivers
S_0x5763fba85fd0 .scope generate, "genblk1[2]" "genblk1[2]" 7 12, 7 12 0, S_0x5763fba924f0;
 .timescale 0 0;
P_0x5763fbaeb6f0 .param/l "i" 1 7 12, +C4<010>;
S_0x5763fba87340 .scope module, "dff" "D_ff" 7 13, 8 1 0, S_0x5763fba85fd0;
 .timescale 0 0;
    .port_info 0 /INPUT 1 "clk";
    .port_info 1 /INPUT 1 "chipSelect";
    .port_info 2 /INPUT 1 "reset";
    .port_info 3 /INPUT 1 "regWrite";
    .port_info 4 /INPUT 1 "enable";
    .port_info 5 /INPUT 1 "d";
    .port_info 6 /OUTPUT 1 "q";
v0x5763fbae1960_0 .net "chipSelect", 0 0, v0x5763fbc186d0_0;  alias, 1 drivers
v0x5763fba434b0_0 .net "clk", 0 0, v0x5763fbc18790_0;  alias, 1 drivers
v0x5763fba43570_0 .net "d", 0 0, L_0x5763fbc21870;  1 drivers
v0x5763fbad7a70_0 .net "enable", 0 0, L_0x5763fbc22070;  alias, 1 drivers
v0x5763fbacdc30_0 .var "q", 0 0;
v0x5763fbac3df0_0 .net "regWrite", 0 0, v0x5763fbc18b00_0;  alias, 1 drivers
v0x5763fbac3e90_0 .net "reset", 0 0, v0x5763fbc189c0_0;  alias, 1 drivers
S_0x5763fba91180 .scope generate, "genblk1[3]" "genblk1[3]" 7 12, 7 12 0, S_0x5763fba924f0;
 .timescale 0 0;
P_0x5763fbacdd20 .param/l "i" 1 7 12, +C4<011>;
S_0x5763fbb393c0 .scope module, "dff" "D_ff" 7 13, 8 1 0, S_0x5763fba91180;
 .timescale 0 0;
    .port_info 0 /INPUT 1 "clk";
    .port_info 1 /INPUT 1 "chipSelect";
    .port_info 2 /INPUT 1 "reset";
    .port_info 3 /INPUT 1 "regWrite";
    .port_info 4 /INPUT 1 "enable";
    .port_info 5 /INPUT 1 "d";
    .port_info 6 /OUTPUT 1 "q";
v0x5763fbab0170_0 .net "chipSelect", 0 0, v0x5763fbc186d0_0;  alias, 1 drivers
v0x5763fbab0230_0 .net "clk", 0 0, v0x5763fbc18790_0;  alias, 1 drivers
v0x5763fbaa6330_0 .net "d", 0 0, L_0x5763fbc21910;  1 drivers
v0x5763fbaa63d0_0 .net "enable", 0 0, L_0x5763fbc22070;  alias, 1 drivers
v0x5763fba9c4f0_0 .var "q", 0 0;
v0x5763fba926b0_0 .net "regWrite", 0 0, v0x5763fbc18b00_0;  alias, 1 drivers
v0x5763fba92750_0 .net "reset", 0 0, v0x5763fbc189c0_0;  alias, 1 drivers
S_0x5763fbb3a730 .scope generate, "genblk1[4]" "genblk1[4]" 7 12, 7 12 0, S_0x5763fba924f0;
 .timescale 0 0;
P_0x5763fba88950 .param/l "i" 1 7 12, +C4<0100>;
S_0x5763fbb33290 .scope module, "dff" "D_ff" 7 13, 8 1 0, S_0x5763fbb3a730;
 .timescale 0 0;
    .port_info 0 /INPUT 1 "clk";
    .port_info 1 /INPUT 1 "chipSelect";
    .port_info 2 /INPUT 1 "reset";
    .port_info 3 /INPUT 1 "regWrite";
    .port_info 4 /INPUT 1 "enable";
    .port_info 5 /INPUT 1 "d";
    .port_info 6 /OUTPUT 1 "q";
v0x5763fba74bf0_0 .net "chipSelect", 0 0, v0x5763fbc186d0_0;  alias, 1 drivers
v0x5763fba74cb0_0 .net "clk", 0 0, v0x5763fbc18790_0;  alias, 1 drivers
v0x5763fba6adb0_0 .net "d", 0 0, L_0x5763fbc21a10;  1 drivers
v0x5763fba6ae50_0 .net "enable", 0 0, L_0x5763fbc22070;  alias, 1 drivers
v0x5763fba60f70_0 .var "q", 0 0;
v0x5763fba61010_0 .net "regWrite", 0 0, v0x5763fbc18b00_0;  alias, 1 drivers
v0x5763fba57130_0 .net "reset", 0 0, v0x5763fbc189c0_0;  alias, 1 drivers
S_0x5763fbb34600 .scope generate, "genblk1[5]" "genblk1[5]" 7 12, 7 12 0, S_0x5763fba924f0;
 .timescale 0 0;
P_0x5763fbb6c0a0 .param/l "i" 1 7 12, +C4<0101>;
S_0x5763fbb3f7b0 .scope module, "dff" "D_ff" 7 13, 8 1 0, S_0x5763fbb34600;
 .timescale 0 0;
    .port_info 0 /INPUT 1 "clk";
    .port_info 1 /INPUT 1 "chipSelect";
    .port_info 2 /INPUT 1 "reset";
    .port_info 3 /INPUT 1 "regWrite";
    .port_info 4 /INPUT 1 "enable";
    .port_info 5 /INPUT 1 "d";
    .port_info 6 /OUTPUT 1 "q";
v0x5763fbb583b0_0 .net "chipSelect", 0 0, v0x5763fbc186d0_0;  alias, 1 drivers
v0x5763fbb58470_0 .net "clk", 0 0, v0x5763fbc18790_0;  alias, 1 drivers
v0x5763fbb4e570_0 .net "d", 0 0, L_0x5763fbc21ae0;  1 drivers
v0x5763fbb4e610_0 .net "enable", 0 0, L_0x5763fbc22070;  alias, 1 drivers
v0x5763fbb44730_0 .var "q", 0 0;
v0x5763fba4d2f0_0 .net "regWrite", 0 0, v0x5763fbc18b00_0;  alias, 1 drivers
v0x5763fba4d390_0 .net "reset", 0 0, v0x5763fbc189c0_0;  alias, 1 drivers
S_0x5763fba8eaa0 .scope generate, "genblk1[6]" "genblk1[6]" 7 12, 7 12 0, S_0x5763fba924f0;
 .timescale 0 0;
P_0x5763fbb3a8f0 .param/l "i" 1 7 12, +C4<0110>;
S_0x5763fba8fe10 .scope module, "dff" "D_ff" 7 13, 8 1 0, S_0x5763fba8eaa0;
 .timescale 0 0;
    .port_info 0 /INPUT 1 "clk";
    .port_info 1 /INPUT 1 "chipSelect";
    .port_info 2 /INPUT 1 "reset";
    .port_info 3 /INPUT 1 "regWrite";
    .port_info 4 /INPUT 1 "enable";
    .port_info 5 /INPUT 1 "d";
    .port_info 6 /OUTPUT 1 "q";
v0x5763fbb30b60_0 .net "chipSelect", 0 0, v0x5763fbc186d0_0;  alias, 1 drivers
v0x5763fbb38050_0 .net "clk", 0 0, v0x5763fbc18790_0;  alias, 1 drivers
v0x5763fbb38110_0 .net "d", 0 0, L_0x5763fbc21bb0;  1 drivers
v0x5763fbb36ce0_0 .net "enable", 0 0, L_0x5763fbc22070;  alias, 1 drivers
v0x5763fbb36d80_0 .var "q", 0 0;
v0x5763fbb35970_0 .net "regWrite", 0 0, v0x5763fbc18b00_0;  alias, 1 drivers
v0x5763fbb35a10_0 .net "reset", 0 0, v0x5763fbc189c0_0;  alias, 1 drivers
S_0x5763fbb29450 .scope generate, "genblk1[7]" "genblk1[7]" 7 12, 7 12 0, S_0x5763fba924f0;
 .timescale 0 0;
P_0x5763fbb2a870 .param/l "i" 1 7 12, +C4<0111>;
S_0x5763fbb1f610 .scope module, "dff" "D_ff" 7 13, 8 1 0, S_0x5763fbb29450;
 .timescale 0 0;
    .port_info 0 /INPUT 1 "clk";
    .port_info 1 /INPUT 1 "chipSelect";
    .port_info 2 /INPUT 1 "reset";
    .port_info 3 /INPUT 1 "regWrite";
    .port_info 4 /INPUT 1 "enable";
    .port_info 5 /INPUT 1 "d";
    .port_info 6 /OUTPUT 1 "q";
v0x5763fbb25740_0 .net "chipSelect", 0 0, v0x5763fbc186d0_0;  alias, 1 drivers
v0x5763fbb25800_0 .net "clk", 0 0, v0x5763fbc18790_0;  alias, 1 drivers
v0x5763fbb243d0_0 .net "d", 0 0, L_0x5763fbc21c50;  1 drivers
v0x5763fbb24470_0 .net "enable", 0 0, L_0x5763fbc22070;  alias, 1 drivers
v0x5763fbb23060_0 .var "q", 0 0;
v0x5763fbb23120_0 .net "regWrite", 0 0, v0x5763fbc18b00_0;  alias, 1 drivers
v0x5763fbb21cf0_0 .net "reset", 0 0, v0x5763fbc189c0_0;  alias, 1 drivers
S_0x5763fbb20980 .scope module, "rMem13" "register8bit" 3 42, 7 2 0, S_0x5763fbb495f0;
 .timescale 0 0;
    .port_info 0 /INPUT 1 "clk";
    .port_info 1 /INPUT 1 "chipSelect";
    .port_info 2 /INPUT 1 "reset";
    .port_info 3 /INPUT 1 "regWrite";
    .port_info 4 /INPUT 1 "enable";
    .port_info 5 /INPUT 8 "inR";
    .port_info 6 /OUTPUT 8 "outR";
v0x5763fbac6610_0 .net "chipSelect", 0 0, v0x5763fbc186d0_0;  alias, 1 drivers
v0x5763fbacda70_0 .net "clk", 0 0, v0x5763fbc18790_0;  alias, 1 drivers
v0x5763fbacdb30_0 .net "enable", 0 0, L_0x5763fbc22c10;  1 drivers
v0x5763fbacb390_0 .net "inR", 7 0, L_0x5763fbc22cb0;  1 drivers
v0x5763fbacb430_0 .net "outR", 7 0, L_0x5763fbc229f0;  alias, 1 drivers
v0x5763fbaca020_0 .net "regWrite", 0 0, v0x5763fbc18b00_0;  alias, 1 drivers
v0x5763fbaca0c0_0 .net "reset", 0 0, v0x5763fbc189c0_0;  alias, 1 drivers
L_0x5763fbc21580 .part L_0x5763fbc22cb0, 0, 1;
L_0x5763fbc222c0 .part L_0x5763fbc22cb0, 1, 1;
L_0x5763fbc223e0 .part L_0x5763fbc22cb0, 2, 1;
L_0x5763fbc22480 .part L_0x5763fbc22cb0, 3, 1;
L_0x5763fbc22580 .part L_0x5763fbc22cb0, 4, 1;
L_0x5763fbc22650 .part L_0x5763fbc22cb0, 5, 1;
L_0x5763fbc22720 .part L_0x5763fbc22cb0, 6, 1;
L_0x5763fbc227c0 .part L_0x5763fbc22cb0, 7, 1;
LS_0x5763fbc229f0_0_0 .concat8 [ 1 1 1 1], v0x5763fbb0b990_0, v0x5763fbb0e110_0, v0x5763fbafb800_0, v0x5763fba4aaf0_0;
LS_0x5763fbc229f0_0_4 .concat8 [ 1 1 1 1], v0x5763fbaf4000_0, v0x5763fbae4130_0, v0x5763fbad0410_0, v0x5763fbad2b90_0;
L_0x5763fbc229f0 .concat8 [ 4 4 0 0], LS_0x5763fbc229f0_0_0, LS_0x5763fbc229f0_0_4;
S_0x5763fbb2bb30 .scope generate, "genblk1[0]" "genblk1[0]" 7 12, 7 12 0, S_0x5763fbb20980;
 .timescale 0 0;
P_0x5763fbb1a680 .param/l "i" 1 7 12, +C4<00>;
S_0x5763fbb2cea0 .scope module, "dff" "D_ff" 7 13, 8 1 0, S_0x5763fbb2bb30;
 .timescale 0 0;
    .port_info 0 /INPUT 1 "clk";
    .port_info 1 /INPUT 1 "chipSelect";
    .port_info 2 /INPUT 1 "reset";
    .port_info 3 /INPUT 1 "regWrite";
    .port_info 4 /INPUT 1 "enable";
    .port_info 5 /INPUT 1 "d";
    .port_info 6 /OUTPUT 1 "q";
v0x5763fbb17eb0_0 .net "chipSelect", 0 0, v0x5763fbc186d0_0;  alias, 1 drivers
v0x5763fbb17f70_0 .net "clk", 0 0, v0x5763fbc18790_0;  alias, 1 drivers
v0x5763fbb0cd00_0 .net "d", 0 0, L_0x5763fbc21580;  1 drivers
v0x5763fbb0cda0_0 .net "enable", 0 0, L_0x5763fbc22c10;  alias, 1 drivers
v0x5763fbb0b990_0 .var "q", 0 0;
v0x5763fbb12e30_0 .net "regWrite", 0 0, v0x5763fbc18b00_0;  alias, 1 drivers
v0x5763fbb12ed0_0 .net "reset", 0 0, v0x5763fbc189c0_0;  alias, 1 drivers
S_0x5763fbb2e210 .scope generate, "genblk1[1]" "genblk1[1]" 7 12, 7 12 0, S_0x5763fbb20980;
 .timescale 0 0;
P_0x5763fbb11ac0 .param/l "i" 1 7 12, +C4<01>;
S_0x5763fbb2f580 .scope module, "dff" "D_ff" 7 13, 8 1 0, S_0x5763fbb2e210;
 .timescale 0 0;
    .port_info 0 /INPUT 1 "clk";
    .port_info 1 /INPUT 1 "chipSelect";
    .port_info 2 /INPUT 1 "reset";
    .port_info 3 /INPUT 1 "regWrite";
    .port_info 4 /INPUT 1 "enable";
    .port_info 5 /INPUT 1 "d";
    .port_info 6 /OUTPUT 1 "q";
v0x5763fbb10800_0 .net "chipSelect", 0 0, v0x5763fbc186d0_0;  alias, 1 drivers
v0x5763fbb0f3e0_0 .net "clk", 0 0, v0x5763fbc18790_0;  alias, 1 drivers
v0x5763fbb0f480_0 .net "d", 0 0, L_0x5763fbc222c0;  1 drivers
v0x5763fbb0e070_0 .net "enable", 0 0, L_0x5763fbc22c10;  alias, 1 drivers
v0x5763fbb0e110_0 .var "q", 0 0;
v0x5763fbb02ec0_0 .net "regWrite", 0 0, v0x5763fbc18b00_0;  alias, 1 drivers
v0x5763fbb02f60_0 .net "reset", 0 0, v0x5763fbc189c0_0;  alias, 1 drivers
S_0x5763fbb308f0 .scope generate, "genblk1[2]" "genblk1[2]" 7 12, 7 12 0, S_0x5763fbb20980;
 .timescale 0 0;
P_0x5763fbb01bc0 .param/l "i" 1 7 12, +C4<010>;
S_0x5763fbb08ff0 .scope module, "dff" "D_ff" 7 13, 8 1 0, S_0x5763fbb308f0;
 .timescale 0 0;
    .port_info 0 /INPUT 1 "clk";
    .port_info 1 /INPUT 1 "chipSelect";
    .port_info 2 /INPUT 1 "reset";
    .port_info 3 /INPUT 1 "regWrite";
    .port_info 4 /INPUT 1 "enable";
    .port_info 5 /INPUT 1 "d";
    .port_info 6 /OUTPUT 1 "q";
v0x5763fbafdef0_0 .net "chipSelect", 0 0, v0x5763fbc186d0_0;  alias, 1 drivers
v0x5763fbafcad0_0 .net "clk", 0 0, v0x5763fbc18790_0;  alias, 1 drivers
v0x5763fbafcb70_0 .net "d", 0 0, L_0x5763fbc223e0;  1 drivers
v0x5763fbafb760_0 .net "enable", 0 0, L_0x5763fbc22c10;  alias, 1 drivers
v0x5763fbafb800_0 .var "q", 0 0;
v0x5763fbafa3f0_0 .net "regWrite", 0 0, v0x5763fbc18b00_0;  alias, 1 drivers
v0x5763fbafa490_0 .net "reset", 0 0, v0x5763fbc189c0_0;  alias, 1 drivers
S_0x5763fbaff1b0 .scope generate, "genblk1[3]" "genblk1[3]" 7 12, 7 12 0, S_0x5763fbb20980;
 .timescale 0 0;
P_0x5763fba45c90 .param/l "i" 1 7 12, +C4<011>;
S_0x5763fbaf7d10 .scope module, "dff" "D_ff" 7 13, 8 1 0, S_0x5763fbaff1b0;
 .timescale 0 0;
    .port_info 0 /INPUT 1 "clk";
    .port_info 1 /INPUT 1 "chipSelect";
    .port_info 2 /INPUT 1 "reset";
    .port_info 3 /INPUT 1 "regWrite";
    .port_info 4 /INPUT 1 "enable";
    .port_info 5 /INPUT 1 "d";
    .port_info 6 /OUTPUT 1 "q";
v0x5763fba4d1e0_0 .net "chipSelect", 0 0, v0x5763fbc186d0_0;  alias, 1 drivers
v0x5763fba4bdc0_0 .net "clk", 0 0, v0x5763fbc18790_0;  alias, 1 drivers
v0x5763fba4be60_0 .net "d", 0 0, L_0x5763fbc22480;  1 drivers
v0x5763fba4aa50_0 .net "enable", 0 0, L_0x5763fbc22c10;  alias, 1 drivers
v0x5763fba4aaf0_0 .var "q", 0 0;
v0x5763fba496e0_0 .net "regWrite", 0 0, v0x5763fbc18b00_0;  alias, 1 drivers
v0x5763fba49780_0 .net "reset", 0 0, v0x5763fbc189c0_0;  alias, 1 drivers
S_0x5763fbaf9080 .scope generate, "genblk1[4]" "genblk1[4]" 7 12, 7 12 0, S_0x5763fbb20980;
 .timescale 0 0;
P_0x5763fba48430 .param/l "i" 1 7 12, +C4<0100>;
S_0x5763fbb04230 .scope module, "dff" "D_ff" 7 13, 8 1 0, S_0x5763fbaf9080;
 .timescale 0 0;
    .port_info 0 /INPUT 1 "clk";
    .port_info 1 /INPUT 1 "chipSelect";
    .port_info 2 /INPUT 1 "reset";
    .port_info 3 /INPUT 1 "regWrite";
    .port_info 4 /INPUT 1 "enable";
    .port_info 5 /INPUT 1 "d";
    .port_info 6 /OUTPUT 1 "q";
v0x5763fbaeded0_0 .net "chipSelect", 0 0, v0x5763fbc186d0_0;  alias, 1 drivers
v0x5763fbaedf90_0 .net "clk", 0 0, v0x5763fbc18790_0;  alias, 1 drivers
v0x5763fbaf5370_0 .net "d", 0 0, L_0x5763fbc22580;  1 drivers
v0x5763fbaf5410_0 .net "enable", 0 0, L_0x5763fbc22c10;  alias, 1 drivers
v0x5763fbaf4000_0 .var "q", 0 0;
v0x5763fbaf40c0_0 .net "regWrite", 0 0, v0x5763fbc18b00_0;  alias, 1 drivers
v0x5763fbaf2c90_0 .net "reset", 0 0, v0x5763fbc189c0_0;  alias, 1 drivers
S_0x5763fbb055a0 .scope generate, "genblk1[5]" "genblk1[5]" 7 12, 7 12 0, S_0x5763fbb20980;
 .timescale 0 0;
P_0x5763fbaf1920 .param/l "i" 1 7 12, +C4<0101>;
S_0x5763fbb06910 .scope module, "dff" "D_ff" 7 13, 8 1 0, S_0x5763fbb055a0;
 .timescale 0 0;
    .port_info 0 /INPUT 1 "clk";
    .port_info 1 /INPUT 1 "chipSelect";
    .port_info 2 /INPUT 1 "reset";
    .port_info 3 /INPUT 1 "regWrite";
    .port_info 4 /INPUT 1 "enable";
    .port_info 5 /INPUT 1 "d";
    .port_info 6 /OUTPUT 1 "q";
v0x5763fbaf0660_0 .net "chipSelect", 0 0, v0x5763fbc186d0_0;  alias, 1 drivers
v0x5763fbae5400_0 .net "clk", 0 0, v0x5763fbc18790_0;  alias, 1 drivers
v0x5763fbae54a0_0 .net "d", 0 0, L_0x5763fbc22650;  1 drivers
v0x5763fbae4090_0 .net "enable", 0 0, L_0x5763fbc22c10;  alias, 1 drivers
v0x5763fbae4130_0 .var "q", 0 0;
v0x5763fbaeb530_0 .net "regWrite", 0 0, v0x5763fbc18b00_0;  alias, 1 drivers
v0x5763fbaeb5d0_0 .net "reset", 0 0, v0x5763fbc189c0_0;  alias, 1 drivers
S_0x5763fbb07c80 .scope generate, "genblk1[6]" "genblk1[6]" 7 12, 7 12 0, S_0x5763fbb20980;
 .timescale 0 0;
P_0x5763fbaea270 .param/l "i" 1 7 12, +C4<0110>;
S_0x5763fbae8e50 .scope module, "dff" "D_ff" 7 13, 8 1 0, S_0x5763fbb07c80;
 .timescale 0 0;
    .port_info 0 /INPUT 1 "clk";
    .port_info 1 /INPUT 1 "chipSelect";
    .port_info 2 /INPUT 1 "reset";
    .port_info 3 /INPUT 1 "regWrite";
    .port_info 4 /INPUT 1 "enable";
    .port_info 5 /INPUT 1 "d";
    .port_info 6 /OUTPUT 1 "q";
v0x5763fbadc930_0 .net "chipSelect", 0 0, v0x5763fbc186d0_0;  alias, 1 drivers
v0x5763fbadc9f0_0 .net "clk", 0 0, v0x5763fbc18790_0;  alias, 1 drivers
v0x5763fbad1780_0 .net "d", 0 0, L_0x5763fbc22720;  1 drivers
v0x5763fbad1820_0 .net "enable", 0 0, L_0x5763fbc22c10;  alias, 1 drivers
v0x5763fbad0410_0 .var "q", 0 0;
v0x5763fbad04d0_0 .net "regWrite", 0 0, v0x5763fbc18b00_0;  alias, 1 drivers
v0x5763fbad78b0_0 .net "reset", 0 0, v0x5763fbc189c0_0;  alias, 1 drivers
S_0x5763fbadf010 .scope generate, "genblk1[7]" "genblk1[7]" 7 12, 7 12 0, S_0x5763fbb20980;
 .timescale 0 0;
P_0x5763fbad6540 .param/l "i" 1 7 12, +C4<0111>;
S_0x5763fbae0380 .scope module, "dff" "D_ff" 7 13, 8 1 0, S_0x5763fbadf010;
 .timescale 0 0;
    .port_info 0 /INPUT 1 "clk";
    .port_info 1 /INPUT 1 "chipSelect";
    .port_info 2 /INPUT 1 "reset";
    .port_info 3 /INPUT 1 "regWrite";
    .port_info 4 /INPUT 1 "enable";
    .port_info 5 /INPUT 1 "d";
    .port_info 6 /OUTPUT 1 "q";
v0x5763fbad5280_0 .net "chipSelect", 0 0, v0x5763fbc186d0_0;  alias, 1 drivers
v0x5763fbad3e60_0 .net "clk", 0 0, v0x5763fbc18790_0;  alias, 1 drivers
v0x5763fbad3f00_0 .net "d", 0 0, L_0x5763fbc227c0;  1 drivers
v0x5763fbad2af0_0 .net "enable", 0 0, L_0x5763fbc22c10;  alias, 1 drivers
v0x5763fbad2b90_0 .var "q", 0 0;
v0x5763fbac7940_0 .net "regWrite", 0 0, v0x5763fbc18b00_0;  alias, 1 drivers
v0x5763fbac79e0_0 .net "reset", 0 0, v0x5763fbc189c0_0;  alias, 1 drivers
S_0x5763fbae16f0 .scope module, "rMem14" "register8bit" 3 44, 7 2 0, S_0x5763fbb495f0;
 .timescale 0 0;
    .port_info 0 /INPUT 1 "clk";
    .port_info 1 /INPUT 1 "chipSelect";
    .port_info 2 /INPUT 1 "reset";
    .port_info 3 /INPUT 1 "regWrite";
    .port_info 4 /INPUT 1 "enable";
    .port_info 5 /INPUT 8 "inR";
    .port_info 6 /OUTPUT 8 "outR";
v0x5763fbb5e7e0_0 .net "chipSelect", 0 0, v0x5763fbc186d0_0;  alias, 1 drivers
v0x5763fbb5e8a0_0 .net "clk", 0 0, v0x5763fbc18790_0;  alias, 1 drivers
v0x5763fbb5ad90_0 .net "enable", 0 0, L_0x5763fbc23890;  1 drivers
v0x5763fba5d560_0 .net "inR", 7 0, L_0x5763fbc23930;  1 drivers
v0x5763fba5d600_0 .net "outR", 7 0, L_0x5763fbc23670;  alias, 1 drivers
v0x5763fba59b10_0 .net "regWrite", 0 0, v0x5763fbc18b00_0;  alias, 1 drivers
v0x5763fba59bb0_0 .net "reset", 0 0, v0x5763fbc189c0_0;  alias, 1 drivers
L_0x5763fbc22e40 .part L_0x5763fbc23930, 0, 1;
L_0x5763fbc22f40 .part L_0x5763fbc23930, 1, 1;
L_0x5763fbc23060 .part L_0x5763fbc23930, 2, 1;
L_0x5763fbc23100 .part L_0x5763fbc23930, 3, 1;
L_0x5763fbc23200 .part L_0x5763fbc23930, 4, 1;
L_0x5763fbc232d0 .part L_0x5763fbc23930, 5, 1;
L_0x5763fbc233a0 .part L_0x5763fbc23930, 6, 1;
L_0x5763fbc23440 .part L_0x5763fbc23930, 7, 1;
LS_0x5763fbc23670_0_0 .concat8 [ 1 1 1 1], v0x5763fbac28c0_0, v0x5763fbab9df0_0, v0x5763fba9ecd0_0, v0x5763fba96200_0;
LS_0x5763fbc23670_0_4 .concat8 [ 1 1 1 1], v0x5763fba98980_0, v0x5763fba40c10_0, v0x5763fbb3d370_0, v0x5763fba537c0_0;
L_0x5763fbc23670 .concat8 [ 4 4 0 0], LS_0x5763fbc23670_0_0, LS_0x5763fbc23670_0_4;
S_0x5763fbada250 .scope generate, "genblk1[0]" "genblk1[0]" 7 12, 7 12 0, S_0x5763fbae16f0;
 .timescale 0 0;
P_0x5763fbac8df0 .param/l "i" 1 7 12, +C4<00>;
S_0x5763fbadb5c0 .scope module, "dff" "D_ff" 7 13, 8 1 0, S_0x5763fbada250;
 .timescale 0 0;
    .port_info 0 /INPUT 1 "clk";
    .port_info 1 /INPUT 1 "chipSelect";
    .port_info 2 /INPUT 1 "reset";
    .port_info 3 /INPUT 1 "regWrite";
    .port_info 4 /INPUT 1 "enable";
    .port_info 5 /INPUT 1 "d";
    .port_info 6 /OUTPUT 1 "q";
v0x5763fbabc790_0 .net "chipSelect", 0 0, v0x5763fbc186d0_0;  alias, 1 drivers
v0x5763fbabc850_0 .net "clk", 0 0, v0x5763fbc18790_0;  alias, 1 drivers
v0x5763fbac3c30_0 .net "d", 0 0, L_0x5763fbc22e40;  1 drivers
v0x5763fbac3cd0_0 .net "enable", 0 0, L_0x5763fbc23890;  alias, 1 drivers
v0x5763fbac28c0_0 .var "q", 0 0;
v0x5763fbac1550_0 .net "regWrite", 0 0, v0x5763fbc18b00_0;  alias, 1 drivers
v0x5763fbac15f0_0 .net "reset", 0 0, v0x5763fbc189c0_0;  alias, 1 drivers
S_0x5763fbae6770 .scope generate, "genblk1[1]" "genblk1[1]" 7 12, 7 12 0, S_0x5763fbae16f0;
 .timescale 0 0;
P_0x5763fbac02b0 .param/l "i" 1 7 12, +C4<01>;
S_0x5763fbae7ae0 .scope module, "dff" "D_ff" 7 13, 8 1 0, S_0x5763fbae6770;
 .timescale 0 0;
    .port_info 0 /INPUT 1 "clk";
    .port_info 1 /INPUT 1 "chipSelect";
    .port_info 2 /INPUT 1 "reset";
    .port_info 3 /INPUT 1 "regWrite";
    .port_info 4 /INPUT 1 "enable";
    .port_info 5 /INPUT 1 "d";
    .port_info 6 /OUTPUT 1 "q";
v0x5763fbab3cc0_0 .net "chipSelect", 0 0, v0x5763fbc186d0_0;  alias, 1 drivers
v0x5763fbab3d80_0 .net "clk", 0 0, v0x5763fbc18790_0;  alias, 1 drivers
v0x5763fbab2950_0 .net "d", 0 0, L_0x5763fbc22f40;  1 drivers
v0x5763fbab29f0_0 .net "enable", 0 0, L_0x5763fbc23890;  alias, 1 drivers
v0x5763fbab9df0_0 .var "q", 0 0;
v0x5763fbab9e90_0 .net "regWrite", 0 0, v0x5763fbc18b00_0;  alias, 1 drivers
v0x5763fbab8a80_0 .net "reset", 0 0, v0x5763fbc189c0_0;  alias, 1 drivers
S_0x5763fbab7710 .scope generate, "genblk1[2]" "genblk1[2]" 7 12, 7 12 0, S_0x5763fbae16f0;
 .timescale 0 0;
P_0x5763fbaac560 .param/l "i" 1 7 12, +C4<010>;
S_0x5763fbaad8d0 .scope module, "dff" "D_ff" 7 13, 8 1 0, S_0x5763fbab7710;
 .timescale 0 0;
    .port_info 0 /INPUT 1 "clk";
    .port_info 1 /INPUT 1 "chipSelect";
    .port_info 2 /INPUT 1 "reset";
    .port_info 3 /INPUT 1 "regWrite";
    .port_info 4 /INPUT 1 "enable";
    .port_info 5 /INPUT 1 "d";
    .port_info 6 /OUTPUT 1 "q";
v0x5763fbaac650_0 .net "chipSelect", 0 0, v0x5763fbc186d0_0;  alias, 1 drivers
v0x5763fbaab2c0_0 .net "clk", 0 0, v0x5763fbc18790_0;  alias, 1 drivers
v0x5763fbaa0040_0 .net "d", 0 0, L_0x5763fbc23060;  1 drivers
v0x5763fbaa00e0_0 .net "enable", 0 0, L_0x5763fbc23890;  alias, 1 drivers
v0x5763fba9ecd0_0 .var "q", 0 0;
v0x5763fba9edc0_0 .net "regWrite", 0 0, v0x5763fbc18b00_0;  alias, 1 drivers
v0x5763fbaa6170_0 .net "reset", 0 0, v0x5763fbc189c0_0;  alias, 1 drivers
S_0x5763fbaaec40 .scope generate, "genblk1[3]" "genblk1[3]" 7 12, 7 12 0, S_0x5763fbae16f0;
 .timescale 0 0;
P_0x5763fbaa4eb0 .param/l "i" 1 7 12, +C4<011>;
S_0x5763fbaaffb0 .scope module, "dff" "D_ff" 7 13, 8 1 0, S_0x5763fbaaec40;
 .timescale 0 0;
    .port_info 0 /INPUT 1 "clk";
    .port_info 1 /INPUT 1 "chipSelect";
    .port_info 2 /INPUT 1 "reset";
    .port_info 3 /INPUT 1 "regWrite";
    .port_info 4 /INPUT 1 "enable";
    .port_info 5 /INPUT 1 "d";
    .port_info 6 /OUTPUT 1 "q";
v0x5763fbaa2720_0 .net "chipSelect", 0 0, v0x5763fbc186d0_0;  alias, 1 drivers
v0x5763fbaa27e0_0 .net "clk", 0 0, v0x5763fbc18790_0;  alias, 1 drivers
v0x5763fbaa13b0_0 .net "d", 0 0, L_0x5763fbc23100;  1 drivers
v0x5763fbaa1450_0 .net "enable", 0 0, L_0x5763fbc23890;  alias, 1 drivers
v0x5763fba96200_0 .var "q", 0 0;
v0x5763fba962c0_0 .net "regWrite", 0 0, v0x5763fbc18b00_0;  alias, 1 drivers
v0x5763fba94e90_0 .net "reset", 0 0, v0x5763fbc189c0_0;  alias, 1 drivers
S_0x5763fbaa8b10 .scope generate, "genblk1[4]" "genblk1[4]" 7 12, 7 12 0, S_0x5763fbae16f0;
 .timescale 0 0;
P_0x5763fba9c380 .param/l "i" 1 7 12, +C4<0100>;
S_0x5763fbaa9e80 .scope module, "dff" "D_ff" 7 13, 8 1 0, S_0x5763fbaa8b10;
 .timescale 0 0;
    .port_info 0 /INPUT 1 "clk";
    .port_info 1 /INPUT 1 "chipSelect";
    .port_info 2 /INPUT 1 "reset";
    .port_info 3 /INPUT 1 "regWrite";
    .port_info 4 /INPUT 1 "enable";
    .port_info 5 /INPUT 1 "d";
    .port_info 6 /OUTPUT 1 "q";
v0x5763fba9b070_0 .net "chipSelect", 0 0, v0x5763fbc186d0_0;  alias, 1 drivers
v0x5763fba99c50_0 .net "clk", 0 0, v0x5763fbc18790_0;  alias, 1 drivers
v0x5763fba99cf0_0 .net "d", 0 0, L_0x5763fbc23200;  1 drivers
v0x5763fba988e0_0 .net "enable", 0 0, L_0x5763fbc23890;  alias, 1 drivers
v0x5763fba98980_0 .var "q", 0 0;
v0x5763fba97570_0 .net "regWrite", 0 0, v0x5763fbc18b00_0;  alias, 1 drivers
v0x5763fba97610_0 .net "reset", 0 0, v0x5763fbc189c0_0;  alias, 1 drivers
S_0x5763fbab5030 .scope generate, "genblk1[5]" "genblk1[5]" 7 12, 7 12 0, S_0x5763fbae16f0;
 .timescale 0 0;
P_0x5763fba3d290 .param/l "i" 1 7 12, +C4<0101>;
S_0x5763fbab63a0 .scope module, "dff" "D_ff" 7 13, 8 1 0, S_0x5763fbab5030;
 .timescale 0 0;
    .port_info 0 /INPUT 1 "clk";
    .port_info 1 /INPUT 1 "chipSelect";
    .port_info 2 /INPUT 1 "reset";
    .port_info 3 /INPUT 1 "regWrite";
    .port_info 4 /INPUT 1 "enable";
    .port_info 5 /INPUT 1 "d";
    .port_info 6 /OUTPUT 1 "q";
v0x5763fba432f0_0 .net "chipSelect", 0 0, v0x5763fbc186d0_0;  alias, 1 drivers
v0x5763fba433b0_0 .net "clk", 0 0, v0x5763fbc18790_0;  alias, 1 drivers
v0x5763fba41f80_0 .net "d", 0 0, L_0x5763fbc232d0;  1 drivers
v0x5763fba42020_0 .net "enable", 0 0, L_0x5763fbc23890;  alias, 1 drivers
v0x5763fba40c10_0 .var "q", 0 0;
v0x5763fba40cd0_0 .net "regWrite", 0 0, v0x5763fbc18b00_0;  alias, 1 drivers
v0x5763fba3f8a0_0 .net "reset", 0 0, v0x5763fbc189c0_0;  alias, 1 drivers
S_0x5763fba3e530 .scope generate, "genblk1[6]" "genblk1[6]" 7 12, 7 12 0, S_0x5763fbae16f0;
 .timescale 0 0;
P_0x5763fb895f10 .param/l "i" 1 7 12, +C4<0110>;
S_0x5763fba37fc0 .scope module, "dff" "D_ff" 7 13, 8 1 0, S_0x5763fba3e530;
 .timescale 0 0;
    .port_info 0 /INPUT 1 "clk";
    .port_info 1 /INPUT 1 "chipSelect";
    .port_info 2 /INPUT 1 "reset";
    .port_info 3 /INPUT 1 "regWrite";
    .port_info 4 /INPUT 1 "enable";
    .port_info 5 /INPUT 1 "d";
    .port_info 6 /OUTPUT 1 "q";
v0x5763fb897ed0_0 .net "chipSelect", 0 0, v0x5763fbc186d0_0;  alias, 1 drivers
v0x5763fbb40d20_0 .net "clk", 0 0, v0x5763fbc18790_0;  alias, 1 drivers
v0x5763fbb40de0_0 .net "d", 0 0, L_0x5763fbc233a0;  1 drivers
v0x5763fbb3d2d0_0 .net "enable", 0 0, L_0x5763fbc23890;  alias, 1 drivers
v0x5763fbb3d370_0 .var "q", 0 0;
v0x5763fbb4ab60_0 .net "regWrite", 0 0, v0x5763fbc18b00_0;  alias, 1 drivers
v0x5763fbb4ac00_0 .net "reset", 0 0, v0x5763fbc189c0_0;  alias, 1 drivers
S_0x5763fba39330 .scope generate, "genblk1[7]" "genblk1[7]" 7 12, 7 12 0, S_0x5763fbae16f0;
 .timescale 0 0;
P_0x5763fbb40e80 .param/l "i" 1 7 12, +C4<0111>;
S_0x5763fbb549a0 .scope module, "dff" "D_ff" 7 13, 8 1 0, S_0x5763fba39330;
 .timescale 0 0;
    .port_info 0 /INPUT 1 "clk";
    .port_info 1 /INPUT 1 "chipSelect";
    .port_info 2 /INPUT 1 "reset";
    .port_info 3 /INPUT 1 "regWrite";
    .port_info 4 /INPUT 1 "enable";
    .port_info 5 /INPUT 1 "d";
    .port_info 6 /OUTPUT 1 "q";
v0x5763fbb47250_0 .net "chipSelect", 0 0, v0x5763fbc186d0_0;  alias, 1 drivers
v0x5763fbb50f50_0 .net "clk", 0 0, v0x5763fbc18790_0;  alias, 1 drivers
v0x5763fbb51010_0 .net "d", 0 0, L_0x5763fbc23440;  1 drivers
v0x5763fba53720_0 .net "enable", 0 0, L_0x5763fbc23890;  alias, 1 drivers
v0x5763fba537c0_0 .var "q", 0 0;
v0x5763fba4fcd0_0 .net "regWrite", 0 0, v0x5763fbc18b00_0;  alias, 1 drivers
v0x5763fba4fd70_0 .net "reset", 0 0, v0x5763fbc189c0_0;  alias, 1 drivers
S_0x5763fba673a0 .scope module, "rMem15" "register8bit" 3 45, 7 2 0, S_0x5763fbb495f0;
 .timescale 0 0;
    .port_info 0 /INPUT 1 "clk";
    .port_info 1 /INPUT 1 "chipSelect";
    .port_info 2 /INPUT 1 "reset";
    .port_info 3 /INPUT 1 "regWrite";
    .port_info 4 /INPUT 1 "enable";
    .port_info 5 /INPUT 8 "inR";
    .port_info 6 /OUTPUT 8 "outR";
v0x5763fba39550_0 .net "chipSelect", 0 0, v0x5763fbc186d0_0;  alias, 1 drivers
v0x5763fba39610_0 .net "clk", 0 0, v0x5763fbc18790_0;  alias, 1 drivers
v0x5763fbb76100_0 .net "enable", 0 0, L_0x5763fbc24410;  1 drivers
v0x5763fbb762b0_0 .net "inR", 7 0, L_0x5763fbc244b0;  1 drivers
v0x5763fbb76350_0 .net "outR", 7 0, L_0x5763fbc241f0;  alias, 1 drivers
v0x5763fbb76440_0 .net "regWrite", 0 0, v0x5763fbc18b00_0;  alias, 1 drivers
v0x5763fbb764e0_0 .net "reset", 0 0, v0x5763fbc189c0_0;  alias, 1 drivers
L_0x5763fbc23ad0 .part L_0x5763fbc244b0, 0, 1;
L_0x5763fbc23bd0 .part L_0x5763fbc244b0, 1, 1;
L_0x5763fbc23cf0 .part L_0x5763fbc244b0, 2, 1;
L_0x5763fbc23d90 .part L_0x5763fbc244b0, 3, 1;
L_0x5763fbc23e90 .part L_0x5763fbc244b0, 4, 1;
L_0x5763fbc23f60 .part L_0x5763fbc244b0, 5, 1;
L_0x5763fbc24030 .part L_0x5763fbc244b0, 6, 1;
L_0x5763fbc240d0 .part L_0x5763fbc244b0, 7, 1;
LS_0x5763fbc241f0_0_0 .concat8 [ 1 1 1 1], v0x5763fba84f00_0, v0x5763fbb296f0_0, v0x5763fbb0bc80_0, v0x5763fba45f30_0;
LS_0x5763fbc241f0_0_4 .concat8 [ 1 1 1 1], v0x5763fbada4f0_0, v0x5763fbabca30_0, v0x5763fba9f010_0, v0x5763fba321d0_0;
L_0x5763fbc241f0 .concat8 [ 4 4 0 0], LS_0x5763fbc241f0_0_0, LS_0x5763fbc241f0_0_4;
S_0x5763fba711e0 .scope generate, "genblk1[0]" "genblk1[0]" 7 12, 7 12 0, S_0x5763fba673a0;
 .timescale 0 0;
P_0x5763fbb5e960 .param/l "i" 1 7 12, +C4<00>;
S_0x5763fba6d790 .scope module, "dff" "D_ff" 7 13, 8 1 0, S_0x5763fba711e0;
 .timescale 0 0;
    .port_info 0 /INPUT 1 "clk";
    .port_info 1 /INPUT 1 "chipSelect";
    .port_info 2 /INPUT 1 "reset";
    .port_info 3 /INPUT 1 "regWrite";
    .port_info 4 /INPUT 1 "enable";
    .port_info 5 /INPUT 1 "d";
    .port_info 6 /OUTPUT 1 "q";
v0x5763fba7b0d0_0 .net "chipSelect", 0 0, v0x5763fbc186d0_0;  alias, 1 drivers
v0x5763fba775d0_0 .net "clk", 0 0, v0x5763fbc18790_0;  alias, 1 drivers
v0x5763fba77690_0 .net "d", 0 0, L_0x5763fbc23ad0;  1 drivers
v0x5763fba84e60_0 .net "enable", 0 0, L_0x5763fbc24410;  alias, 1 drivers
v0x5763fba84f00_0 .var "q", 0 0;
v0x5763fba81410_0 .net "regWrite", 0 0, v0x5763fbc18b00_0;  alias, 1 drivers
v0x5763fba814b0_0 .net "reset", 0 0, v0x5763fbc189c0_0;  alias, 1 drivers
S_0x5763fba8eca0 .scope generate, "genblk1[1]" "genblk1[1]" 7 12, 7 12 0, S_0x5763fba673a0;
 .timescale 0 0;
P_0x5763fba77730 .param/l "i" 1 7 12, +C4<01>;
S_0x5763fbb33490 .scope module, "dff" "D_ff" 7 13, 8 1 0, S_0x5763fba8eca0;
 .timescale 0 0;
    .port_info 0 /INPUT 1 "clk";
    .port_info 1 /INPUT 1 "chipSelect";
    .port_info 2 /INPUT 1 "reset";
    .port_info 3 /INPUT 1 "regWrite";
    .port_info 4 /INPUT 1 "enable";
    .port_info 5 /INPUT 1 "d";
    .port_info 6 /OUTPUT 1 "q";
v0x5763fba8b370_0 .net "chipSelect", 0 0, v0x5763fbc186d0_0;  alias, 1 drivers
v0x5763fbb36ee0_0 .net "clk", 0 0, v0x5763fbc18790_0;  alias, 1 drivers
v0x5763fbb36fa0_0 .net "d", 0 0, L_0x5763fbc23bd0;  1 drivers
v0x5763fbb29650_0 .net "enable", 0 0, L_0x5763fbc24410;  alias, 1 drivers
v0x5763fbb296f0_0 .var "q", 0 0;
v0x5763fbb2d0a0_0 .net "regWrite", 0 0, v0x5763fbc18b00_0;  alias, 1 drivers
v0x5763fbb2d140_0 .net "reset", 0 0, v0x5763fbc189c0_0;  alias, 1 drivers
S_0x5763fbb1f810 .scope generate, "genblk1[2]" "genblk1[2]" 7 12, 7 12 0, S_0x5763fba673a0;
 .timescale 0 0;
P_0x5763fbb37040 .param/l "i" 1 7 12, +C4<010>;
S_0x5763fbb23260 .scope module, "dff" "D_ff" 7 13, 8 1 0, S_0x5763fbb1f810;
 .timescale 0 0;
    .port_info 0 /INPUT 1 "clk";
    .port_info 1 /INPUT 1 "chipSelect";
    .port_info 2 /INPUT 1 "reset";
    .port_info 3 /INPUT 1 "regWrite";
    .port_info 4 /INPUT 1 "enable";
    .port_info 5 /INPUT 1 "d";
    .port_info 6 /OUTPUT 1 "q";
v0x5763fbb15a80_0 .net "chipSelect", 0 0, v0x5763fbc186d0_0;  alias, 1 drivers
v0x5763fbb19420_0 .net "clk", 0 0, v0x5763fbc18790_0;  alias, 1 drivers
v0x5763fbb194e0_0 .net "d", 0 0, L_0x5763fbc23cf0;  1 drivers
v0x5763fbb0bb90_0 .net "enable", 0 0, L_0x5763fbc24410;  alias, 1 drivers
v0x5763fbb0bc80_0 .var "q", 0 0;
v0x5763fbb0f5e0_0 .net "regWrite", 0 0, v0x5763fbc18b00_0;  alias, 1 drivers
v0x5763fbb0f680_0 .net "reset", 0 0, v0x5763fbc189c0_0;  alias, 1 drivers
S_0x5763fbb01d50 .scope generate, "genblk1[3]" "genblk1[3]" 7 12, 7 12 0, S_0x5763fba673a0;
 .timescale 0 0;
P_0x5763fbb15b40 .param/l "i" 1 7 12, +C4<011>;
S_0x5763fbb057a0 .scope module, "dff" "D_ff" 7 13, 8 1 0, S_0x5763fbb01d50;
 .timescale 0 0;
    .port_info 0 /INPUT 1 "clk";
    .port_info 1 /INPUT 1 "chipSelect";
    .port_info 2 /INPUT 1 "reset";
    .port_info 3 /INPUT 1 "regWrite";
    .port_info 4 /INPUT 1 "enable";
    .port_info 5 /INPUT 1 "d";
    .port_info 6 /OUTPUT 1 "q";
v0x5763fbaf7fc0_0 .net "chipSelect", 0 0, v0x5763fbc186d0_0;  alias, 1 drivers
v0x5763fbafb960_0 .net "clk", 0 0, v0x5763fbc18790_0;  alias, 1 drivers
v0x5763fbafba20_0 .net "d", 0 0, L_0x5763fbc23d90;  1 drivers
v0x5763fba45e90_0 .net "enable", 0 0, L_0x5763fbc24410;  alias, 1 drivers
v0x5763fba45f30_0 .var "q", 0 0;
v0x5763fba498e0_0 .net "regWrite", 0 0, v0x5763fbc18b00_0;  alias, 1 drivers
v0x5763fba49980_0 .net "reset", 0 0, v0x5763fbc189c0_0;  alias, 1 drivers
S_0x5763fbaee0d0 .scope generate, "genblk1[4]" "genblk1[4]" 7 12, 7 12 0, S_0x5763fba673a0;
 .timescale 0 0;
P_0x5763fbafbac0 .param/l "i" 1 7 12, +C4<0100>;
S_0x5763fbae4290 .scope module, "dff" "D_ff" 7 13, 8 1 0, S_0x5763fbaee0d0;
 .timescale 0 0;
    .port_info 0 /INPUT 1 "clk";
    .port_info 1 /INPUT 1 "chipSelect";
    .port_info 2 /INPUT 1 "reset";
    .port_info 3 /INPUT 1 "regWrite";
    .port_info 4 /INPUT 1 "enable";
    .port_info 5 /INPUT 1 "d";
    .port_info 6 /OUTPUT 1 "q";
v0x5763fbaf1c40_0 .net "chipSelect", 0 0, v0x5763fbc186d0_0;  alias, 1 drivers
v0x5763fbae7ce0_0 .net "clk", 0 0, v0x5763fbc18790_0;  alias, 1 drivers
v0x5763fbae7da0_0 .net "d", 0 0, L_0x5763fbc23e90;  1 drivers
v0x5763fbada450_0 .net "enable", 0 0, L_0x5763fbc24410;  alias, 1 drivers
v0x5763fbada4f0_0 .var "q", 0 0;
v0x5763fbada590_0 .net "regWrite", 0 0, v0x5763fbc18b00_0;  alias, 1 drivers
v0x5763fbaddea0_0 .net "reset", 0 0, v0x5763fbc189c0_0;  alias, 1 drivers
S_0x5763fbad0610 .scope generate, "genblk1[5]" "genblk1[5]" 7 12, 7 12 0, S_0x5763fba673a0;
 .timescale 0 0;
P_0x5763fbae7e40 .param/l "i" 1 7 12, +C4<0101>;
S_0x5763fbac67d0 .scope module, "dff" "D_ff" 7 13, 8 1 0, S_0x5763fbad0610;
 .timescale 0 0;
    .port_info 0 /INPUT 1 "clk";
    .port_info 1 /INPUT 1 "chipSelect";
    .port_info 2 /INPUT 1 "reset";
    .port_info 3 /INPUT 1 "regWrite";
    .port_info 4 /INPUT 1 "enable";
    .port_info 5 /INPUT 1 "d";
    .port_info 6 /OUTPUT 1 "q";
v0x5763fbad4180_0 .net "chipSelect", 0 0, v0x5763fbc186d0_0;  alias, 1 drivers
v0x5763fbaca220_0 .net "clk", 0 0, v0x5763fbc18790_0;  alias, 1 drivers
v0x5763fbaca2e0_0 .net "d", 0 0, L_0x5763fbc23f60;  1 drivers
v0x5763fbabc990_0 .net "enable", 0 0, L_0x5763fbc24410;  alias, 1 drivers
v0x5763fbabca30_0 .var "q", 0 0;
v0x5763fbac03e0_0 .net "regWrite", 0 0, v0x5763fbc18b00_0;  alias, 1 drivers
v0x5763fbac0480_0 .net "reset", 0 0, v0x5763fbc189c0_0;  alias, 1 drivers
S_0x5763fbab2b50 .scope generate, "genblk1[6]" "genblk1[6]" 7 12, 7 12 0, S_0x5763fba673a0;
 .timescale 0 0;
P_0x5763fbab65a0 .param/l "i" 1 7 12, +C4<0110>;
S_0x5763fbaa8d10 .scope module, "dff" "D_ff" 7 13, 8 1 0, S_0x5763fbab2b50;
 .timescale 0 0;
    .port_info 0 /INPUT 1 "clk";
    .port_info 1 /INPUT 1 "chipSelect";
    .port_info 2 /INPUT 1 "reset";
    .port_info 3 /INPUT 1 "regWrite";
    .port_info 4 /INPUT 1 "enable";
    .port_info 5 /INPUT 1 "d";
    .port_info 6 /OUTPUT 1 "q";
v0x5763fbaac760_0 .net "chipSelect", 0 0, v0x5763fbc186d0_0;  alias, 1 drivers
v0x5763fbaac820_0 .net "clk", 0 0, v0x5763fbc18790_0;  alias, 1 drivers
v0x5763fba9eed0_0 .net "d", 0 0, L_0x5763fbc24030;  1 drivers
v0x5763fba9ef70_0 .net "enable", 0 0, L_0x5763fbc24410;  alias, 1 drivers
v0x5763fba9f010_0 .var "q", 0 0;
v0x5763fbaa2920_0 .net "regWrite", 0 0, v0x5763fbc18b00_0;  alias, 1 drivers
v0x5763fbaa29c0_0 .net "reset", 0 0, v0x5763fbc189c0_0;  alias, 1 drivers
S_0x5763fba95090 .scope generate, "genblk1[7]" "genblk1[7]" 7 12, 7 12 0, S_0x5763fba673a0;
 .timescale 0 0;
P_0x5763fba98ae0 .param/l "i" 1 7 12, +C4<0111>;
S_0x5763fba3c050 .scope module, "dff" "D_ff" 7 13, 8 1 0, S_0x5763fba95090;
 .timescale 0 0;
    .port_info 0 /INPUT 1 "clk";
    .port_info 1 /INPUT 1 "chipSelect";
    .port_info 2 /INPUT 1 "reset";
    .port_info 3 /INPUT 1 "regWrite";
    .port_info 4 /INPUT 1 "enable";
    .port_info 5 /INPUT 1 "d";
    .port_info 6 /OUTPUT 1 "q";
v0x5763fba3faa0_0 .net "chipSelect", 0 0, v0x5763fbc186d0_0;  alias, 1 drivers
v0x5763fba3fb60_0 .net "clk", 0 0, v0x5763fbc18790_0;  alias, 1 drivers
v0x5763fba32090_0 .net "d", 0 0, L_0x5763fbc240d0;  1 drivers
v0x5763fba32130_0 .net "enable", 0 0, L_0x5763fbc24410;  alias, 1 drivers
v0x5763fba321d0_0 .var "q", 0 0;
v0x5763fba35ae0_0 .net "regWrite", 0 0, v0x5763fbc18b00_0;  alias, 1 drivers
v0x5763fba35b80_0 .net "reset", 0 0, v0x5763fbc189c0_0;  alias, 1 drivers
S_0x5763fbb76620 .scope module, "rMem16" "register8bit" 3 47, 7 2 0, S_0x5763fbb495f0;
 .timescale 0 0;
    .port_info 0 /INPUT 1 "clk";
    .port_info 1 /INPUT 1 "chipSelect";
    .port_info 2 /INPUT 1 "reset";
    .port_info 3 /INPUT 1 "regWrite";
    .port_info 4 /INPUT 1 "enable";
    .port_info 5 /INPUT 8 "inR";
    .port_info 6 /OUTPUT 8 "outR";
v0x5763fbb7c540_0 .net "chipSelect", 0 0, v0x5763fbc186d0_0;  alias, 1 drivers
v0x5763fbb7c600_0 .net "clk", 0 0, v0x5763fbc18790_0;  alias, 1 drivers
v0x5763fbb7c6c0_0 .net "enable", 0 0, L_0x5763fbc24fa0;  1 drivers
v0x5763fbb7c870_0 .net "inR", 7 0, L_0x5763fbc25040;  1 drivers
v0x5763fbb7c910_0 .net "outR", 7 0, L_0x5763fbc24d80;  alias, 1 drivers
v0x5763fbb7ca20_0 .net "regWrite", 0 0, v0x5763fbc18b00_0;  alias, 1 drivers
v0x5763fbb7cac0_0 .net "reset", 0 0, v0x5763fbc189c0_0;  alias, 1 drivers
L_0x5763fbc24660 .part L_0x5763fbc25040, 0, 1;
L_0x5763fbc24760 .part L_0x5763fbc25040, 1, 1;
L_0x5763fbc24880 .part L_0x5763fbc25040, 2, 1;
L_0x5763fbc24920 .part L_0x5763fbc25040, 3, 1;
L_0x5763fbc24a20 .part L_0x5763fbc25040, 4, 1;
L_0x5763fbc24af0 .part L_0x5763fbc25040, 5, 1;
L_0x5763fbc24bc0 .part L_0x5763fbc25040, 6, 1;
L_0x5763fbc24c60 .part L_0x5763fbc25040, 7, 1;
LS_0x5763fbc24d80_0_0 .concat8 [ 1 1 1 1], v0x5763fbb77140_0, v0x5763fbb77ce0_0, v0x5763fbb78870_0, v0x5763fbb793f0_0;
LS_0x5763fbc24d80_0_4 .concat8 [ 1 1 1 1], v0x5763fbb79fc0_0, v0x5763fbb7aaf0_0, v0x5763fbb7b670_0, v0x5763fbb7c1f0_0;
L_0x5763fbc24d80 .concat8 [ 4 4 0 0], LS_0x5763fbc24d80_0_0, LS_0x5763fbc24d80_0_4;
S_0x5763fbb768b0 .scope generate, "genblk1[0]" "genblk1[0]" 7 12, 7 12 0, S_0x5763fbb76620;
 .timescale 0 0;
P_0x5763fbb76ad0 .param/l "i" 1 7 12, +C4<00>;
S_0x5763fbb76bb0 .scope module, "dff" "D_ff" 7 13, 8 1 0, S_0x5763fbb768b0;
 .timescale 0 0;
    .port_info 0 /INPUT 1 "clk";
    .port_info 1 /INPUT 1 "chipSelect";
    .port_info 2 /INPUT 1 "reset";
    .port_info 3 /INPUT 1 "regWrite";
    .port_info 4 /INPUT 1 "enable";
    .port_info 5 /INPUT 1 "d";
    .port_info 6 /OUTPUT 1 "q";
v0x5763fbb76e80_0 .net "chipSelect", 0 0, v0x5763fbc186d0_0;  alias, 1 drivers
v0x5763fbb76f40_0 .net "clk", 0 0, v0x5763fbc18790_0;  alias, 1 drivers
v0x5763fbb77000_0 .net "d", 0 0, L_0x5763fbc24660;  1 drivers
v0x5763fbb770a0_0 .net "enable", 0 0, L_0x5763fbc24fa0;  alias, 1 drivers
v0x5763fbb77140_0 .var "q", 0 0;
v0x5763fbb77250_0 .net "regWrite", 0 0, v0x5763fbc18b00_0;  alias, 1 drivers
v0x5763fbb772f0_0 .net "reset", 0 0, v0x5763fbc189c0_0;  alias, 1 drivers
S_0x5763fbb774b0 .scope generate, "genblk1[1]" "genblk1[1]" 7 12, 7 12 0, S_0x5763fbb76620;
 .timescale 0 0;
P_0x5763fbb776d0 .param/l "i" 1 7 12, +C4<01>;
S_0x5763fbb77790 .scope module, "dff" "D_ff" 7 13, 8 1 0, S_0x5763fbb774b0;
 .timescale 0 0;
    .port_info 0 /INPUT 1 "clk";
    .port_info 1 /INPUT 1 "chipSelect";
    .port_info 2 /INPUT 1 "reset";
    .port_info 3 /INPUT 1 "regWrite";
    .port_info 4 /INPUT 1 "enable";
    .port_info 5 /INPUT 1 "d";
    .port_info 6 /OUTPUT 1 "q";
v0x5763fbb77a20_0 .net "chipSelect", 0 0, v0x5763fbc186d0_0;  alias, 1 drivers
v0x5763fbb77ae0_0 .net "clk", 0 0, v0x5763fbc18790_0;  alias, 1 drivers
v0x5763fbb77ba0_0 .net "d", 0 0, L_0x5763fbc24760;  1 drivers
v0x5763fbb77c40_0 .net "enable", 0 0, L_0x5763fbc24fa0;  alias, 1 drivers
v0x5763fbb77ce0_0 .var "q", 0 0;
v0x5763fbb77dd0_0 .net "regWrite", 0 0, v0x5763fbc18b00_0;  alias, 1 drivers
v0x5763fbb77e70_0 .net "reset", 0 0, v0x5763fbc189c0_0;  alias, 1 drivers
S_0x5763fbb78010 .scope generate, "genblk1[2]" "genblk1[2]" 7 12, 7 12 0, S_0x5763fbb76620;
 .timescale 0 0;
P_0x5763fbb78210 .param/l "i" 1 7 12, +C4<010>;
S_0x5763fbb782d0 .scope module, "dff" "D_ff" 7 13, 8 1 0, S_0x5763fbb78010;
 .timescale 0 0;
    .port_info 0 /INPUT 1 "clk";
    .port_info 1 /INPUT 1 "chipSelect";
    .port_info 2 /INPUT 1 "reset";
    .port_info 3 /INPUT 1 "regWrite";
    .port_info 4 /INPUT 1 "enable";
    .port_info 5 /INPUT 1 "d";
    .port_info 6 /OUTPUT 1 "q";
v0x5763fbb78560_0 .net "chipSelect", 0 0, v0x5763fbc186d0_0;  alias, 1 drivers
v0x5763fbb78620_0 .net "clk", 0 0, v0x5763fbc18790_0;  alias, 1 drivers
v0x5763fbb786e0_0 .net "d", 0 0, L_0x5763fbc24880;  1 drivers
v0x5763fbb78780_0 .net "enable", 0 0, L_0x5763fbc24fa0;  alias, 1 drivers
v0x5763fbb78870_0 .var "q", 0 0;
v0x5763fbb78960_0 .net "regWrite", 0 0, v0x5763fbc18b00_0;  alias, 1 drivers
v0x5763fbb78a00_0 .net "reset", 0 0, v0x5763fbc189c0_0;  alias, 1 drivers
S_0x5763fbb78bc0 .scope generate, "genblk1[3]" "genblk1[3]" 7 12, 7 12 0, S_0x5763fbb76620;
 .timescale 0 0;
P_0x5763fbb78dc0 .param/l "i" 1 7 12, +C4<011>;
S_0x5763fbb78ea0 .scope module, "dff" "D_ff" 7 13, 8 1 0, S_0x5763fbb78bc0;
 .timescale 0 0;
    .port_info 0 /INPUT 1 "clk";
    .port_info 1 /INPUT 1 "chipSelect";
    .port_info 2 /INPUT 1 "reset";
    .port_info 3 /INPUT 1 "regWrite";
    .port_info 4 /INPUT 1 "enable";
    .port_info 5 /INPUT 1 "d";
    .port_info 6 /OUTPUT 1 "q";
v0x5763fbb79130_0 .net "chipSelect", 0 0, v0x5763fbc186d0_0;  alias, 1 drivers
v0x5763fbb791f0_0 .net "clk", 0 0, v0x5763fbc18790_0;  alias, 1 drivers
v0x5763fbb792b0_0 .net "d", 0 0, L_0x5763fbc24920;  1 drivers
v0x5763fbb79350_0 .net "enable", 0 0, L_0x5763fbc24fa0;  alias, 1 drivers
v0x5763fbb793f0_0 .var "q", 0 0;
v0x5763fbb794e0_0 .net "regWrite", 0 0, v0x5763fbc18b00_0;  alias, 1 drivers
v0x5763fbb79580_0 .net "reset", 0 0, v0x5763fbc189c0_0;  alias, 1 drivers
S_0x5763fbb79740 .scope generate, "genblk1[4]" "genblk1[4]" 7 12, 7 12 0, S_0x5763fbb76620;
 .timescale 0 0;
P_0x5763fbb79990 .param/l "i" 1 7 12, +C4<0100>;
S_0x5763fbb79a70 .scope module, "dff" "D_ff" 7 13, 8 1 0, S_0x5763fbb79740;
 .timescale 0 0;
    .port_info 0 /INPUT 1 "clk";
    .port_info 1 /INPUT 1 "chipSelect";
    .port_info 2 /INPUT 1 "reset";
    .port_info 3 /INPUT 1 "regWrite";
    .port_info 4 /INPUT 1 "enable";
    .port_info 5 /INPUT 1 "d";
    .port_info 6 /OUTPUT 1 "q";
v0x5763fbb79d00_0 .net "chipSelect", 0 0, v0x5763fbc186d0_0;  alias, 1 drivers
v0x5763fbb79dc0_0 .net "clk", 0 0, v0x5763fbc18790_0;  alias, 1 drivers
v0x5763fbb79e80_0 .net "d", 0 0, L_0x5763fbc24a20;  1 drivers
v0x5763fbb79f20_0 .net "enable", 0 0, L_0x5763fbc24fa0;  alias, 1 drivers
v0x5763fbb79fc0_0 .var "q", 0 0;
v0x5763fbb7a060_0 .net "regWrite", 0 0, v0x5763fbc18b00_0;  alias, 1 drivers
v0x5763fbb7a100_0 .net "reset", 0 0, v0x5763fbc189c0_0;  alias, 1 drivers
S_0x5763fbb7a2c0 .scope generate, "genblk1[5]" "genblk1[5]" 7 12, 7 12 0, S_0x5763fbb76620;
 .timescale 0 0;
P_0x5763fbb7a4c0 .param/l "i" 1 7 12, +C4<0101>;
S_0x5763fbb7a5a0 .scope module, "dff" "D_ff" 7 13, 8 1 0, S_0x5763fbb7a2c0;
 .timescale 0 0;
    .port_info 0 /INPUT 1 "clk";
    .port_info 1 /INPUT 1 "chipSelect";
    .port_info 2 /INPUT 1 "reset";
    .port_info 3 /INPUT 1 "regWrite";
    .port_info 4 /INPUT 1 "enable";
    .port_info 5 /INPUT 1 "d";
    .port_info 6 /OUTPUT 1 "q";
v0x5763fbb7a830_0 .net "chipSelect", 0 0, v0x5763fbc186d0_0;  alias, 1 drivers
v0x5763fbb7a8f0_0 .net "clk", 0 0, v0x5763fbc18790_0;  alias, 1 drivers
v0x5763fbb7a9b0_0 .net "d", 0 0, L_0x5763fbc24af0;  1 drivers
v0x5763fbb7aa50_0 .net "enable", 0 0, L_0x5763fbc24fa0;  alias, 1 drivers
v0x5763fbb7aaf0_0 .var "q", 0 0;
v0x5763fbb7abe0_0 .net "regWrite", 0 0, v0x5763fbc18b00_0;  alias, 1 drivers
v0x5763fbb7ac80_0 .net "reset", 0 0, v0x5763fbc189c0_0;  alias, 1 drivers
S_0x5763fbb7ae40 .scope generate, "genblk1[6]" "genblk1[6]" 7 12, 7 12 0, S_0x5763fbb76620;
 .timescale 0 0;
P_0x5763fbb7b040 .param/l "i" 1 7 12, +C4<0110>;
S_0x5763fbb7b120 .scope module, "dff" "D_ff" 7 13, 8 1 0, S_0x5763fbb7ae40;
 .timescale 0 0;
    .port_info 0 /INPUT 1 "clk";
    .port_info 1 /INPUT 1 "chipSelect";
    .port_info 2 /INPUT 1 "reset";
    .port_info 3 /INPUT 1 "regWrite";
    .port_info 4 /INPUT 1 "enable";
    .port_info 5 /INPUT 1 "d";
    .port_info 6 /OUTPUT 1 "q";
v0x5763fbb7b3b0_0 .net "chipSelect", 0 0, v0x5763fbc186d0_0;  alias, 1 drivers
v0x5763fbb7b470_0 .net "clk", 0 0, v0x5763fbc18790_0;  alias, 1 drivers
v0x5763fbb7b530_0 .net "d", 0 0, L_0x5763fbc24bc0;  1 drivers
v0x5763fbb7b5d0_0 .net "enable", 0 0, L_0x5763fbc24fa0;  alias, 1 drivers
v0x5763fbb7b670_0 .var "q", 0 0;
v0x5763fbb7b760_0 .net "regWrite", 0 0, v0x5763fbc18b00_0;  alias, 1 drivers
v0x5763fbb7b800_0 .net "reset", 0 0, v0x5763fbc189c0_0;  alias, 1 drivers
S_0x5763fbb7b9c0 .scope generate, "genblk1[7]" "genblk1[7]" 7 12, 7 12 0, S_0x5763fbb76620;
 .timescale 0 0;
P_0x5763fbb7bbc0 .param/l "i" 1 7 12, +C4<0111>;
S_0x5763fbb7bca0 .scope module, "dff" "D_ff" 7 13, 8 1 0, S_0x5763fbb7b9c0;
 .timescale 0 0;
    .port_info 0 /INPUT 1 "clk";
    .port_info 1 /INPUT 1 "chipSelect";
    .port_info 2 /INPUT 1 "reset";
    .port_info 3 /INPUT 1 "regWrite";
    .port_info 4 /INPUT 1 "enable";
    .port_info 5 /INPUT 1 "d";
    .port_info 6 /OUTPUT 1 "q";
v0x5763fbb7bf30_0 .net "chipSelect", 0 0, v0x5763fbc186d0_0;  alias, 1 drivers
v0x5763fbb7bff0_0 .net "clk", 0 0, v0x5763fbc18790_0;  alias, 1 drivers
v0x5763fbb7c0b0_0 .net "d", 0 0, L_0x5763fbc24c60;  1 drivers
v0x5763fbb7c150_0 .net "enable", 0 0, L_0x5763fbc24fa0;  alias, 1 drivers
v0x5763fbb7c1f0_0 .var "q", 0 0;
v0x5763fbb7c2e0_0 .net "regWrite", 0 0, v0x5763fbc18b00_0;  alias, 1 drivers
v0x5763fbb7c380_0 .net "reset", 0 0, v0x5763fbc189c0_0;  alias, 1 drivers
S_0x5763fbb7cc20 .scope module, "rMem17" "register8bit" 3 48, 7 2 0, S_0x5763fbb495f0;
 .timescale 0 0;
    .port_info 0 /INPUT 1 "clk";
    .port_info 1 /INPUT 1 "chipSelect";
    .port_info 2 /INPUT 1 "reset";
    .port_info 3 /INPUT 1 "regWrite";
    .port_info 4 /INPUT 1 "enable";
    .port_info 5 /INPUT 8 "inR";
    .port_info 6 /OUTPUT 8 "outR";
v0x5763fbb82b40_0 .net "chipSelect", 0 0, v0x5763fbc186d0_0;  alias, 1 drivers
v0x5763fbb82c00_0 .net "clk", 0 0, v0x5763fbc18790_0;  alias, 1 drivers
v0x5763fbb82cc0_0 .net "enable", 0 0, L_0x5763fbc25b40;  1 drivers
v0x5763fbb82e70_0 .net "inR", 7 0, L_0x5763fbc25be0;  1 drivers
v0x5763fbb82f10_0 .net "outR", 7 0, L_0x5763fbc25920;  alias, 1 drivers
v0x5763fbb83020_0 .net "regWrite", 0 0, v0x5763fbc18b00_0;  alias, 1 drivers
v0x5763fbb830c0_0 .net "reset", 0 0, v0x5763fbc189c0_0;  alias, 1 drivers
L_0x5763fbc25200 .part L_0x5763fbc25be0, 0, 1;
L_0x5763fbc25300 .part L_0x5763fbc25be0, 1, 1;
L_0x5763fbc25420 .part L_0x5763fbc25be0, 2, 1;
L_0x5763fbc254c0 .part L_0x5763fbc25be0, 3, 1;
L_0x5763fbc255c0 .part L_0x5763fbc25be0, 4, 1;
L_0x5763fbc25690 .part L_0x5763fbc25be0, 5, 1;
L_0x5763fbc25760 .part L_0x5763fbc25be0, 6, 1;
L_0x5763fbc25800 .part L_0x5763fbc25be0, 7, 1;
LS_0x5763fbc25920_0_0 .concat8 [ 1 1 1 1], v0x5763fbb7d740_0, v0x5763fbb7e2e0_0, v0x5763fbb7ee70_0, v0x5763fbb7f9f0_0;
LS_0x5763fbc25920_0_4 .concat8 [ 1 1 1 1], v0x5763fbb805c0_0, v0x5763fbb810f0_0, v0x5763fbb81c70_0, v0x5763fbb827f0_0;
L_0x5763fbc25920 .concat8 [ 4 4 0 0], LS_0x5763fbc25920_0_0, LS_0x5763fbc25920_0_4;
S_0x5763fbb7ceb0 .scope generate, "genblk1[0]" "genblk1[0]" 7 12, 7 12 0, S_0x5763fbb7cc20;
 .timescale 0 0;
P_0x5763fbb7d0d0 .param/l "i" 1 7 12, +C4<00>;
S_0x5763fbb7d1b0 .scope module, "dff" "D_ff" 7 13, 8 1 0, S_0x5763fbb7ceb0;
 .timescale 0 0;
    .port_info 0 /INPUT 1 "clk";
    .port_info 1 /INPUT 1 "chipSelect";
    .port_info 2 /INPUT 1 "reset";
    .port_info 3 /INPUT 1 "regWrite";
    .port_info 4 /INPUT 1 "enable";
    .port_info 5 /INPUT 1 "d";
    .port_info 6 /OUTPUT 1 "q";
v0x5763fbb7d480_0 .net "chipSelect", 0 0, v0x5763fbc186d0_0;  alias, 1 drivers
v0x5763fbb7d540_0 .net "clk", 0 0, v0x5763fbc18790_0;  alias, 1 drivers
v0x5763fbb7d600_0 .net "d", 0 0, L_0x5763fbc25200;  1 drivers
v0x5763fbb7d6a0_0 .net "enable", 0 0, L_0x5763fbc25b40;  alias, 1 drivers
v0x5763fbb7d740_0 .var "q", 0 0;
v0x5763fbb7d850_0 .net "regWrite", 0 0, v0x5763fbc18b00_0;  alias, 1 drivers
v0x5763fbb7d8f0_0 .net "reset", 0 0, v0x5763fbc189c0_0;  alias, 1 drivers
S_0x5763fbb7dab0 .scope generate, "genblk1[1]" "genblk1[1]" 7 12, 7 12 0, S_0x5763fbb7cc20;
 .timescale 0 0;
P_0x5763fbb7dcd0 .param/l "i" 1 7 12, +C4<01>;
S_0x5763fbb7dd90 .scope module, "dff" "D_ff" 7 13, 8 1 0, S_0x5763fbb7dab0;
 .timescale 0 0;
    .port_info 0 /INPUT 1 "clk";
    .port_info 1 /INPUT 1 "chipSelect";
    .port_info 2 /INPUT 1 "reset";
    .port_info 3 /INPUT 1 "regWrite";
    .port_info 4 /INPUT 1 "enable";
    .port_info 5 /INPUT 1 "d";
    .port_info 6 /OUTPUT 1 "q";
v0x5763fbb7e020_0 .net "chipSelect", 0 0, v0x5763fbc186d0_0;  alias, 1 drivers
v0x5763fbb7e0e0_0 .net "clk", 0 0, v0x5763fbc18790_0;  alias, 1 drivers
v0x5763fbb7e1a0_0 .net "d", 0 0, L_0x5763fbc25300;  1 drivers
v0x5763fbb7e240_0 .net "enable", 0 0, L_0x5763fbc25b40;  alias, 1 drivers
v0x5763fbb7e2e0_0 .var "q", 0 0;
v0x5763fbb7e3d0_0 .net "regWrite", 0 0, v0x5763fbc18b00_0;  alias, 1 drivers
v0x5763fbb7e470_0 .net "reset", 0 0, v0x5763fbc189c0_0;  alias, 1 drivers
S_0x5763fbb7e610 .scope generate, "genblk1[2]" "genblk1[2]" 7 12, 7 12 0, S_0x5763fbb7cc20;
 .timescale 0 0;
P_0x5763fbb7e810 .param/l "i" 1 7 12, +C4<010>;
S_0x5763fbb7e8d0 .scope module, "dff" "D_ff" 7 13, 8 1 0, S_0x5763fbb7e610;
 .timescale 0 0;
    .port_info 0 /INPUT 1 "clk";
    .port_info 1 /INPUT 1 "chipSelect";
    .port_info 2 /INPUT 1 "reset";
    .port_info 3 /INPUT 1 "regWrite";
    .port_info 4 /INPUT 1 "enable";
    .port_info 5 /INPUT 1 "d";
    .port_info 6 /OUTPUT 1 "q";
v0x5763fbb7eb60_0 .net "chipSelect", 0 0, v0x5763fbc186d0_0;  alias, 1 drivers
v0x5763fbb7ec20_0 .net "clk", 0 0, v0x5763fbc18790_0;  alias, 1 drivers
v0x5763fbb7ece0_0 .net "d", 0 0, L_0x5763fbc25420;  1 drivers
v0x5763fbb7ed80_0 .net "enable", 0 0, L_0x5763fbc25b40;  alias, 1 drivers
v0x5763fbb7ee70_0 .var "q", 0 0;
v0x5763fbb7ef60_0 .net "regWrite", 0 0, v0x5763fbc18b00_0;  alias, 1 drivers
v0x5763fbb7f000_0 .net "reset", 0 0, v0x5763fbc189c0_0;  alias, 1 drivers
S_0x5763fbb7f1c0 .scope generate, "genblk1[3]" "genblk1[3]" 7 12, 7 12 0, S_0x5763fbb7cc20;
 .timescale 0 0;
P_0x5763fbb7f3c0 .param/l "i" 1 7 12, +C4<011>;
S_0x5763fbb7f4a0 .scope module, "dff" "D_ff" 7 13, 8 1 0, S_0x5763fbb7f1c0;
 .timescale 0 0;
    .port_info 0 /INPUT 1 "clk";
    .port_info 1 /INPUT 1 "chipSelect";
    .port_info 2 /INPUT 1 "reset";
    .port_info 3 /INPUT 1 "regWrite";
    .port_info 4 /INPUT 1 "enable";
    .port_info 5 /INPUT 1 "d";
    .port_info 6 /OUTPUT 1 "q";
v0x5763fbb7f730_0 .net "chipSelect", 0 0, v0x5763fbc186d0_0;  alias, 1 drivers
v0x5763fbb7f7f0_0 .net "clk", 0 0, v0x5763fbc18790_0;  alias, 1 drivers
v0x5763fbb7f8b0_0 .net "d", 0 0, L_0x5763fbc254c0;  1 drivers
v0x5763fbb7f950_0 .net "enable", 0 0, L_0x5763fbc25b40;  alias, 1 drivers
v0x5763fbb7f9f0_0 .var "q", 0 0;
v0x5763fbb7fae0_0 .net "regWrite", 0 0, v0x5763fbc18b00_0;  alias, 1 drivers
v0x5763fbb7fb80_0 .net "reset", 0 0, v0x5763fbc189c0_0;  alias, 1 drivers
S_0x5763fbb7fd40 .scope generate, "genblk1[4]" "genblk1[4]" 7 12, 7 12 0, S_0x5763fbb7cc20;
 .timescale 0 0;
P_0x5763fbb7ff90 .param/l "i" 1 7 12, +C4<0100>;
S_0x5763fbb80070 .scope module, "dff" "D_ff" 7 13, 8 1 0, S_0x5763fbb7fd40;
 .timescale 0 0;
    .port_info 0 /INPUT 1 "clk";
    .port_info 1 /INPUT 1 "chipSelect";
    .port_info 2 /INPUT 1 "reset";
    .port_info 3 /INPUT 1 "regWrite";
    .port_info 4 /INPUT 1 "enable";
    .port_info 5 /INPUT 1 "d";
    .port_info 6 /OUTPUT 1 "q";
v0x5763fbb80300_0 .net "chipSelect", 0 0, v0x5763fbc186d0_0;  alias, 1 drivers
v0x5763fbb803c0_0 .net "clk", 0 0, v0x5763fbc18790_0;  alias, 1 drivers
v0x5763fbb80480_0 .net "d", 0 0, L_0x5763fbc255c0;  1 drivers
v0x5763fbb80520_0 .net "enable", 0 0, L_0x5763fbc25b40;  alias, 1 drivers
v0x5763fbb805c0_0 .var "q", 0 0;
v0x5763fbb80660_0 .net "regWrite", 0 0, v0x5763fbc18b00_0;  alias, 1 drivers
v0x5763fbb80700_0 .net "reset", 0 0, v0x5763fbc189c0_0;  alias, 1 drivers
S_0x5763fbb808c0 .scope generate, "genblk1[5]" "genblk1[5]" 7 12, 7 12 0, S_0x5763fbb7cc20;
 .timescale 0 0;
P_0x5763fbb80ac0 .param/l "i" 1 7 12, +C4<0101>;
S_0x5763fbb80ba0 .scope module, "dff" "D_ff" 7 13, 8 1 0, S_0x5763fbb808c0;
 .timescale 0 0;
    .port_info 0 /INPUT 1 "clk";
    .port_info 1 /INPUT 1 "chipSelect";
    .port_info 2 /INPUT 1 "reset";
    .port_info 3 /INPUT 1 "regWrite";
    .port_info 4 /INPUT 1 "enable";
    .port_info 5 /INPUT 1 "d";
    .port_info 6 /OUTPUT 1 "q";
v0x5763fbb80e30_0 .net "chipSelect", 0 0, v0x5763fbc186d0_0;  alias, 1 drivers
v0x5763fbb80ef0_0 .net "clk", 0 0, v0x5763fbc18790_0;  alias, 1 drivers
v0x5763fbb80fb0_0 .net "d", 0 0, L_0x5763fbc25690;  1 drivers
v0x5763fbb81050_0 .net "enable", 0 0, L_0x5763fbc25b40;  alias, 1 drivers
v0x5763fbb810f0_0 .var "q", 0 0;
v0x5763fbb811e0_0 .net "regWrite", 0 0, v0x5763fbc18b00_0;  alias, 1 drivers
v0x5763fbb81280_0 .net "reset", 0 0, v0x5763fbc189c0_0;  alias, 1 drivers
S_0x5763fbb81440 .scope generate, "genblk1[6]" "genblk1[6]" 7 12, 7 12 0, S_0x5763fbb7cc20;
 .timescale 0 0;
P_0x5763fbb81640 .param/l "i" 1 7 12, +C4<0110>;
S_0x5763fbb81720 .scope module, "dff" "D_ff" 7 13, 8 1 0, S_0x5763fbb81440;
 .timescale 0 0;
    .port_info 0 /INPUT 1 "clk";
    .port_info 1 /INPUT 1 "chipSelect";
    .port_info 2 /INPUT 1 "reset";
    .port_info 3 /INPUT 1 "regWrite";
    .port_info 4 /INPUT 1 "enable";
    .port_info 5 /INPUT 1 "d";
    .port_info 6 /OUTPUT 1 "q";
v0x5763fbb819b0_0 .net "chipSelect", 0 0, v0x5763fbc186d0_0;  alias, 1 drivers
v0x5763fbb81a70_0 .net "clk", 0 0, v0x5763fbc18790_0;  alias, 1 drivers
v0x5763fbb81b30_0 .net "d", 0 0, L_0x5763fbc25760;  1 drivers
v0x5763fbb81bd0_0 .net "enable", 0 0, L_0x5763fbc25b40;  alias, 1 drivers
v0x5763fbb81c70_0 .var "q", 0 0;
v0x5763fbb81d60_0 .net "regWrite", 0 0, v0x5763fbc18b00_0;  alias, 1 drivers
v0x5763fbb81e00_0 .net "reset", 0 0, v0x5763fbc189c0_0;  alias, 1 drivers
S_0x5763fbb81fc0 .scope generate, "genblk1[7]" "genblk1[7]" 7 12, 7 12 0, S_0x5763fbb7cc20;
 .timescale 0 0;
P_0x5763fbb821c0 .param/l "i" 1 7 12, +C4<0111>;
S_0x5763fbb822a0 .scope module, "dff" "D_ff" 7 13, 8 1 0, S_0x5763fbb81fc0;
 .timescale 0 0;
    .port_info 0 /INPUT 1 "clk";
    .port_info 1 /INPUT 1 "chipSelect";
    .port_info 2 /INPUT 1 "reset";
    .port_info 3 /INPUT 1 "regWrite";
    .port_info 4 /INPUT 1 "enable";
    .port_info 5 /INPUT 1 "d";
    .port_info 6 /OUTPUT 1 "q";
v0x5763fbb82530_0 .net "chipSelect", 0 0, v0x5763fbc186d0_0;  alias, 1 drivers
v0x5763fbb825f0_0 .net "clk", 0 0, v0x5763fbc18790_0;  alias, 1 drivers
v0x5763fbb826b0_0 .net "d", 0 0, L_0x5763fbc25800;  1 drivers
v0x5763fbb82750_0 .net "enable", 0 0, L_0x5763fbc25b40;  alias, 1 drivers
v0x5763fbb827f0_0 .var "q", 0 0;
v0x5763fbb828e0_0 .net "regWrite", 0 0, v0x5763fbc18b00_0;  alias, 1 drivers
v0x5763fbb82980_0 .net "reset", 0 0, v0x5763fbc189c0_0;  alias, 1 drivers
S_0x5763fbb83220 .scope module, "rMem18" "register8bit" 3 50, 7 2 0, S_0x5763fbb495f0;
 .timescale 0 0;
    .port_info 0 /INPUT 1 "clk";
    .port_info 1 /INPUT 1 "chipSelect";
    .port_info 2 /INPUT 1 "reset";
    .port_info 3 /INPUT 1 "regWrite";
    .port_info 4 /INPUT 1 "enable";
    .port_info 5 /INPUT 8 "inR";
    .port_info 6 /OUTPUT 8 "outR";
v0x5763fbb89140_0 .net "chipSelect", 0 0, v0x5763fbc186d0_0;  alias, 1 drivers
v0x5763fbb89200_0 .net "clk", 0 0, v0x5763fbc18790_0;  alias, 1 drivers
v0x5763fbb892c0_0 .net "enable", 0 0, L_0x5763fbc26800;  1 drivers
v0x5763fbb89470_0 .net "inR", 7 0, L_0x5763fbc268a0;  1 drivers
v0x5763fbb89510_0 .net "outR", 7 0, L_0x5763fbc265e0;  alias, 1 drivers
v0x5763fbb89620_0 .net "regWrite", 0 0, v0x5763fbc18b00_0;  alias, 1 drivers
v0x5763fbb896c0_0 .net "reset", 0 0, v0x5763fbc189c0_0;  alias, 1 drivers
L_0x5763fbc25db0 .part L_0x5763fbc268a0, 0, 1;
L_0x5763fbc25eb0 .part L_0x5763fbc268a0, 1, 1;
L_0x5763fbc25fd0 .part L_0x5763fbc268a0, 2, 1;
L_0x5763fbc26070 .part L_0x5763fbc268a0, 3, 1;
L_0x5763fbc26170 .part L_0x5763fbc268a0, 4, 1;
L_0x5763fbc26240 .part L_0x5763fbc268a0, 5, 1;
L_0x5763fbc26310 .part L_0x5763fbc268a0, 6, 1;
L_0x5763fbc263b0 .part L_0x5763fbc268a0, 7, 1;
LS_0x5763fbc265e0_0_0 .concat8 [ 1 1 1 1], v0x5763fbb83d40_0, v0x5763fbb848e0_0, v0x5763fbb85470_0, v0x5763fbb85ff0_0;
LS_0x5763fbc265e0_0_4 .concat8 [ 1 1 1 1], v0x5763fbb86bc0_0, v0x5763fbb876f0_0, v0x5763fbb88270_0, v0x5763fbb88df0_0;
L_0x5763fbc265e0 .concat8 [ 4 4 0 0], LS_0x5763fbc265e0_0_0, LS_0x5763fbc265e0_0_4;
S_0x5763fbb834b0 .scope generate, "genblk1[0]" "genblk1[0]" 7 12, 7 12 0, S_0x5763fbb83220;
 .timescale 0 0;
P_0x5763fbb836d0 .param/l "i" 1 7 12, +C4<00>;
S_0x5763fbb837b0 .scope module, "dff" "D_ff" 7 13, 8 1 0, S_0x5763fbb834b0;
 .timescale 0 0;
    .port_info 0 /INPUT 1 "clk";
    .port_info 1 /INPUT 1 "chipSelect";
    .port_info 2 /INPUT 1 "reset";
    .port_info 3 /INPUT 1 "regWrite";
    .port_info 4 /INPUT 1 "enable";
    .port_info 5 /INPUT 1 "d";
    .port_info 6 /OUTPUT 1 "q";
v0x5763fbb83a80_0 .net "chipSelect", 0 0, v0x5763fbc186d0_0;  alias, 1 drivers
v0x5763fbb83b40_0 .net "clk", 0 0, v0x5763fbc18790_0;  alias, 1 drivers
v0x5763fbb83c00_0 .net "d", 0 0, L_0x5763fbc25db0;  1 drivers
v0x5763fbb83ca0_0 .net "enable", 0 0, L_0x5763fbc26800;  alias, 1 drivers
v0x5763fbb83d40_0 .var "q", 0 0;
v0x5763fbb83e50_0 .net "regWrite", 0 0, v0x5763fbc18b00_0;  alias, 1 drivers
v0x5763fbb83ef0_0 .net "reset", 0 0, v0x5763fbc189c0_0;  alias, 1 drivers
S_0x5763fbb840b0 .scope generate, "genblk1[1]" "genblk1[1]" 7 12, 7 12 0, S_0x5763fbb83220;
 .timescale 0 0;
P_0x5763fbb842d0 .param/l "i" 1 7 12, +C4<01>;
S_0x5763fbb84390 .scope module, "dff" "D_ff" 7 13, 8 1 0, S_0x5763fbb840b0;
 .timescale 0 0;
    .port_info 0 /INPUT 1 "clk";
    .port_info 1 /INPUT 1 "chipSelect";
    .port_info 2 /INPUT 1 "reset";
    .port_info 3 /INPUT 1 "regWrite";
    .port_info 4 /INPUT 1 "enable";
    .port_info 5 /INPUT 1 "d";
    .port_info 6 /OUTPUT 1 "q";
v0x5763fbb84620_0 .net "chipSelect", 0 0, v0x5763fbc186d0_0;  alias, 1 drivers
v0x5763fbb846e0_0 .net "clk", 0 0, v0x5763fbc18790_0;  alias, 1 drivers
v0x5763fbb847a0_0 .net "d", 0 0, L_0x5763fbc25eb0;  1 drivers
v0x5763fbb84840_0 .net "enable", 0 0, L_0x5763fbc26800;  alias, 1 drivers
v0x5763fbb848e0_0 .var "q", 0 0;
v0x5763fbb849d0_0 .net "regWrite", 0 0, v0x5763fbc18b00_0;  alias, 1 drivers
v0x5763fbb84a70_0 .net "reset", 0 0, v0x5763fbc189c0_0;  alias, 1 drivers
S_0x5763fbb84c10 .scope generate, "genblk1[2]" "genblk1[2]" 7 12, 7 12 0, S_0x5763fbb83220;
 .timescale 0 0;
P_0x5763fbb84e10 .param/l "i" 1 7 12, +C4<010>;
S_0x5763fbb84ed0 .scope module, "dff" "D_ff" 7 13, 8 1 0, S_0x5763fbb84c10;
 .timescale 0 0;
    .port_info 0 /INPUT 1 "clk";
    .port_info 1 /INPUT 1 "chipSelect";
    .port_info 2 /INPUT 1 "reset";
    .port_info 3 /INPUT 1 "regWrite";
    .port_info 4 /INPUT 1 "enable";
    .port_info 5 /INPUT 1 "d";
    .port_info 6 /OUTPUT 1 "q";
v0x5763fbb85160_0 .net "chipSelect", 0 0, v0x5763fbc186d0_0;  alias, 1 drivers
v0x5763fbb85220_0 .net "clk", 0 0, v0x5763fbc18790_0;  alias, 1 drivers
v0x5763fbb852e0_0 .net "d", 0 0, L_0x5763fbc25fd0;  1 drivers
v0x5763fbb85380_0 .net "enable", 0 0, L_0x5763fbc26800;  alias, 1 drivers
v0x5763fbb85470_0 .var "q", 0 0;
v0x5763fbb85560_0 .net "regWrite", 0 0, v0x5763fbc18b00_0;  alias, 1 drivers
v0x5763fbb85600_0 .net "reset", 0 0, v0x5763fbc189c0_0;  alias, 1 drivers
S_0x5763fbb857c0 .scope generate, "genblk1[3]" "genblk1[3]" 7 12, 7 12 0, S_0x5763fbb83220;
 .timescale 0 0;
P_0x5763fbb859c0 .param/l "i" 1 7 12, +C4<011>;
S_0x5763fbb85aa0 .scope module, "dff" "D_ff" 7 13, 8 1 0, S_0x5763fbb857c0;
 .timescale 0 0;
    .port_info 0 /INPUT 1 "clk";
    .port_info 1 /INPUT 1 "chipSelect";
    .port_info 2 /INPUT 1 "reset";
    .port_info 3 /INPUT 1 "regWrite";
    .port_info 4 /INPUT 1 "enable";
    .port_info 5 /INPUT 1 "d";
    .port_info 6 /OUTPUT 1 "q";
v0x5763fbb85d30_0 .net "chipSelect", 0 0, v0x5763fbc186d0_0;  alias, 1 drivers
v0x5763fbb85df0_0 .net "clk", 0 0, v0x5763fbc18790_0;  alias, 1 drivers
v0x5763fbb85eb0_0 .net "d", 0 0, L_0x5763fbc26070;  1 drivers
v0x5763fbb85f50_0 .net "enable", 0 0, L_0x5763fbc26800;  alias, 1 drivers
v0x5763fbb85ff0_0 .var "q", 0 0;
v0x5763fbb860e0_0 .net "regWrite", 0 0, v0x5763fbc18b00_0;  alias, 1 drivers
v0x5763fbb86180_0 .net "reset", 0 0, v0x5763fbc189c0_0;  alias, 1 drivers
S_0x5763fbb86340 .scope generate, "genblk1[4]" "genblk1[4]" 7 12, 7 12 0, S_0x5763fbb83220;
 .timescale 0 0;
P_0x5763fbb86590 .param/l "i" 1 7 12, +C4<0100>;
S_0x5763fbb86670 .scope module, "dff" "D_ff" 7 13, 8 1 0, S_0x5763fbb86340;
 .timescale 0 0;
    .port_info 0 /INPUT 1 "clk";
    .port_info 1 /INPUT 1 "chipSelect";
    .port_info 2 /INPUT 1 "reset";
    .port_info 3 /INPUT 1 "regWrite";
    .port_info 4 /INPUT 1 "enable";
    .port_info 5 /INPUT 1 "d";
    .port_info 6 /OUTPUT 1 "q";
v0x5763fbb86900_0 .net "chipSelect", 0 0, v0x5763fbc186d0_0;  alias, 1 drivers
v0x5763fbb869c0_0 .net "clk", 0 0, v0x5763fbc18790_0;  alias, 1 drivers
v0x5763fbb86a80_0 .net "d", 0 0, L_0x5763fbc26170;  1 drivers
v0x5763fbb86b20_0 .net "enable", 0 0, L_0x5763fbc26800;  alias, 1 drivers
v0x5763fbb86bc0_0 .var "q", 0 0;
v0x5763fbb86c60_0 .net "regWrite", 0 0, v0x5763fbc18b00_0;  alias, 1 drivers
v0x5763fbb86d00_0 .net "reset", 0 0, v0x5763fbc189c0_0;  alias, 1 drivers
S_0x5763fbb86ec0 .scope generate, "genblk1[5]" "genblk1[5]" 7 12, 7 12 0, S_0x5763fbb83220;
 .timescale 0 0;
P_0x5763fbb870c0 .param/l "i" 1 7 12, +C4<0101>;
S_0x5763fbb871a0 .scope module, "dff" "D_ff" 7 13, 8 1 0, S_0x5763fbb86ec0;
 .timescale 0 0;
    .port_info 0 /INPUT 1 "clk";
    .port_info 1 /INPUT 1 "chipSelect";
    .port_info 2 /INPUT 1 "reset";
    .port_info 3 /INPUT 1 "regWrite";
    .port_info 4 /INPUT 1 "enable";
    .port_info 5 /INPUT 1 "d";
    .port_info 6 /OUTPUT 1 "q";
v0x5763fbb87430_0 .net "chipSelect", 0 0, v0x5763fbc186d0_0;  alias, 1 drivers
v0x5763fbb874f0_0 .net "clk", 0 0, v0x5763fbc18790_0;  alias, 1 drivers
v0x5763fbb875b0_0 .net "d", 0 0, L_0x5763fbc26240;  1 drivers
v0x5763fbb87650_0 .net "enable", 0 0, L_0x5763fbc26800;  alias, 1 drivers
v0x5763fbb876f0_0 .var "q", 0 0;
v0x5763fbb877e0_0 .net "regWrite", 0 0, v0x5763fbc18b00_0;  alias, 1 drivers
v0x5763fbb87880_0 .net "reset", 0 0, v0x5763fbc189c0_0;  alias, 1 drivers
S_0x5763fbb87a40 .scope generate, "genblk1[6]" "genblk1[6]" 7 12, 7 12 0, S_0x5763fbb83220;
 .timescale 0 0;
P_0x5763fbb87c40 .param/l "i" 1 7 12, +C4<0110>;
S_0x5763fbb87d20 .scope module, "dff" "D_ff" 7 13, 8 1 0, S_0x5763fbb87a40;
 .timescale 0 0;
    .port_info 0 /INPUT 1 "clk";
    .port_info 1 /INPUT 1 "chipSelect";
    .port_info 2 /INPUT 1 "reset";
    .port_info 3 /INPUT 1 "regWrite";
    .port_info 4 /INPUT 1 "enable";
    .port_info 5 /INPUT 1 "d";
    .port_info 6 /OUTPUT 1 "q";
v0x5763fbb87fb0_0 .net "chipSelect", 0 0, v0x5763fbc186d0_0;  alias, 1 drivers
v0x5763fbb88070_0 .net "clk", 0 0, v0x5763fbc18790_0;  alias, 1 drivers
v0x5763fbb88130_0 .net "d", 0 0, L_0x5763fbc26310;  1 drivers
v0x5763fbb881d0_0 .net "enable", 0 0, L_0x5763fbc26800;  alias, 1 drivers
v0x5763fbb88270_0 .var "q", 0 0;
v0x5763fbb88360_0 .net "regWrite", 0 0, v0x5763fbc18b00_0;  alias, 1 drivers
v0x5763fbb88400_0 .net "reset", 0 0, v0x5763fbc189c0_0;  alias, 1 drivers
S_0x5763fbb885c0 .scope generate, "genblk1[7]" "genblk1[7]" 7 12, 7 12 0, S_0x5763fbb83220;
 .timescale 0 0;
P_0x5763fbb887c0 .param/l "i" 1 7 12, +C4<0111>;
S_0x5763fbb888a0 .scope module, "dff" "D_ff" 7 13, 8 1 0, S_0x5763fbb885c0;
 .timescale 0 0;
    .port_info 0 /INPUT 1 "clk";
    .port_info 1 /INPUT 1 "chipSelect";
    .port_info 2 /INPUT 1 "reset";
    .port_info 3 /INPUT 1 "regWrite";
    .port_info 4 /INPUT 1 "enable";
    .port_info 5 /INPUT 1 "d";
    .port_info 6 /OUTPUT 1 "q";
v0x5763fbb88b30_0 .net "chipSelect", 0 0, v0x5763fbc186d0_0;  alias, 1 drivers
v0x5763fbb88bf0_0 .net "clk", 0 0, v0x5763fbc18790_0;  alias, 1 drivers
v0x5763fbb88cb0_0 .net "d", 0 0, L_0x5763fbc263b0;  1 drivers
v0x5763fbb88d50_0 .net "enable", 0 0, L_0x5763fbc26800;  alias, 1 drivers
v0x5763fbb88df0_0 .var "q", 0 0;
v0x5763fbb88ee0_0 .net "regWrite", 0 0, v0x5763fbc18b00_0;  alias, 1 drivers
v0x5763fbb88f80_0 .net "reset", 0 0, v0x5763fbc189c0_0;  alias, 1 drivers
S_0x5763fbb89820 .scope module, "rMem19" "register8bit" 3 51, 7 2 0, S_0x5763fbb495f0;
 .timescale 0 0;
    .port_info 0 /INPUT 1 "clk";
    .port_info 1 /INPUT 1 "chipSelect";
    .port_info 2 /INPUT 1 "reset";
    .port_info 3 /INPUT 1 "regWrite";
    .port_info 4 /INPUT 1 "enable";
    .port_info 5 /INPUT 8 "inR";
    .port_info 6 /OUTPUT 8 "outR";
v0x5763fbb8f770_0 .net "chipSelect", 0 0, v0x5763fbc186d0_0;  alias, 1 drivers
v0x5763fbb8f830_0 .net "clk", 0 0, v0x5763fbc18790_0;  alias, 1 drivers
v0x5763fbb8f8f0_0 .net "enable", 0 0, L_0x5763fbc274d0;  1 drivers
v0x5763fbb8faa0_0 .net "inR", 7 0, L_0x5763fbc27570;  1 drivers
v0x5763fbb8fb40_0 .net "outR", 7 0, L_0x5763fbc272b0;  alias, 1 drivers
v0x5763fbb8fc50_0 .net "regWrite", 0 0, v0x5763fbc18b00_0;  alias, 1 drivers
v0x5763fbb8fcf0_0 .net "reset", 0 0, v0x5763fbc189c0_0;  alias, 1 drivers
L_0x5763fbc26a80 .part L_0x5763fbc27570, 0, 1;
L_0x5763fbc26b80 .part L_0x5763fbc27570, 1, 1;
L_0x5763fbc26ca0 .part L_0x5763fbc27570, 2, 1;
L_0x5763fbc26d40 .part L_0x5763fbc27570, 3, 1;
L_0x5763fbc26e40 .part L_0x5763fbc27570, 4, 1;
L_0x5763fbc26f10 .part L_0x5763fbc27570, 5, 1;
L_0x5763fbc26fe0 .part L_0x5763fbc27570, 6, 1;
L_0x5763fbc27080 .part L_0x5763fbc27570, 7, 1;
LS_0x5763fbc272b0_0_0 .concat8 [ 1 1 1 1], v0x5763fbb8a340_0, v0x5763fbb8aee0_0, v0x5763fbb8baa0_0, v0x5763fbb8c620_0;
LS_0x5763fbc272b0_0_4 .concat8 [ 1 1 1 1], v0x5763fbb8d1f0_0, v0x5763fbb8dd20_0, v0x5763fbb8e8a0_0, v0x5763fbb8f420_0;
L_0x5763fbc272b0 .concat8 [ 4 4 0 0], LS_0x5763fbc272b0_0_0, LS_0x5763fbc272b0_0_4;
S_0x5763fbb89ab0 .scope generate, "genblk1[0]" "genblk1[0]" 7 12, 7 12 0, S_0x5763fbb89820;
 .timescale 0 0;
P_0x5763fbb89cd0 .param/l "i" 1 7 12, +C4<00>;
S_0x5763fbb89db0 .scope module, "dff" "D_ff" 7 13, 8 1 0, S_0x5763fbb89ab0;
 .timescale 0 0;
    .port_info 0 /INPUT 1 "clk";
    .port_info 1 /INPUT 1 "chipSelect";
    .port_info 2 /INPUT 1 "reset";
    .port_info 3 /INPUT 1 "regWrite";
    .port_info 4 /INPUT 1 "enable";
    .port_info 5 /INPUT 1 "d";
    .port_info 6 /OUTPUT 1 "q";
v0x5763fbb8a080_0 .net "chipSelect", 0 0, v0x5763fbc186d0_0;  alias, 1 drivers
v0x5763fbb8a140_0 .net "clk", 0 0, v0x5763fbc18790_0;  alias, 1 drivers
v0x5763fbb8a200_0 .net "d", 0 0, L_0x5763fbc26a80;  1 drivers
v0x5763fbb8a2a0_0 .net "enable", 0 0, L_0x5763fbc274d0;  alias, 1 drivers
v0x5763fbb8a340_0 .var "q", 0 0;
v0x5763fbb8a450_0 .net "regWrite", 0 0, v0x5763fbc18b00_0;  alias, 1 drivers
v0x5763fbb8a4f0_0 .net "reset", 0 0, v0x5763fbc189c0_0;  alias, 1 drivers
S_0x5763fbb8a6b0 .scope generate, "genblk1[1]" "genblk1[1]" 7 12, 7 12 0, S_0x5763fbb89820;
 .timescale 0 0;
P_0x5763fbb8a8d0 .param/l "i" 1 7 12, +C4<01>;
S_0x5763fbb8a990 .scope module, "dff" "D_ff" 7 13, 8 1 0, S_0x5763fbb8a6b0;
 .timescale 0 0;
    .port_info 0 /INPUT 1 "clk";
    .port_info 1 /INPUT 1 "chipSelect";
    .port_info 2 /INPUT 1 "reset";
    .port_info 3 /INPUT 1 "regWrite";
    .port_info 4 /INPUT 1 "enable";
    .port_info 5 /INPUT 1 "d";
    .port_info 6 /OUTPUT 1 "q";
v0x5763fbb8ac20_0 .net "chipSelect", 0 0, v0x5763fbc186d0_0;  alias, 1 drivers
v0x5763fbb8ace0_0 .net "clk", 0 0, v0x5763fbc18790_0;  alias, 1 drivers
v0x5763fbb8ada0_0 .net "d", 0 0, L_0x5763fbc26b80;  1 drivers
v0x5763fbb8ae40_0 .net "enable", 0 0, L_0x5763fbc274d0;  alias, 1 drivers
v0x5763fbb8aee0_0 .var "q", 0 0;
v0x5763fbb8afd0_0 .net "regWrite", 0 0, v0x5763fbc18b00_0;  alias, 1 drivers
v0x5763fbb8b070_0 .net "reset", 0 0, v0x5763fbc189c0_0;  alias, 1 drivers
S_0x5763fbb8b210 .scope generate, "genblk1[2]" "genblk1[2]" 7 12, 7 12 0, S_0x5763fbb89820;
 .timescale 0 0;
P_0x5763fbb8b410 .param/l "i" 1 7 12, +C4<010>;
S_0x5763fbb8b4d0 .scope module, "dff" "D_ff" 7 13, 8 1 0, S_0x5763fbb8b210;
 .timescale 0 0;
    .port_info 0 /INPUT 1 "clk";
    .port_info 1 /INPUT 1 "chipSelect";
    .port_info 2 /INPUT 1 "reset";
    .port_info 3 /INPUT 1 "regWrite";
    .port_info 4 /INPUT 1 "enable";
    .port_info 5 /INPUT 1 "d";
    .port_info 6 /OUTPUT 1 "q";
v0x5763fbb8b760_0 .net "chipSelect", 0 0, v0x5763fbc186d0_0;  alias, 1 drivers
v0x5763fbb8b820_0 .net "clk", 0 0, v0x5763fbc18790_0;  alias, 1 drivers
v0x5763fbb8b8e0_0 .net "d", 0 0, L_0x5763fbc26ca0;  1 drivers
v0x5763fbb8b9b0_0 .net "enable", 0 0, L_0x5763fbc274d0;  alias, 1 drivers
v0x5763fbb8baa0_0 .var "q", 0 0;
v0x5763fbb8bb90_0 .net "regWrite", 0 0, v0x5763fbc18b00_0;  alias, 1 drivers
v0x5763fbb8bc30_0 .net "reset", 0 0, v0x5763fbc189c0_0;  alias, 1 drivers
S_0x5763fbb8bdf0 .scope generate, "genblk1[3]" "genblk1[3]" 7 12, 7 12 0, S_0x5763fbb89820;
 .timescale 0 0;
P_0x5763fbb8bff0 .param/l "i" 1 7 12, +C4<011>;
S_0x5763fbb8c0d0 .scope module, "dff" "D_ff" 7 13, 8 1 0, S_0x5763fbb8bdf0;
 .timescale 0 0;
    .port_info 0 /INPUT 1 "clk";
    .port_info 1 /INPUT 1 "chipSelect";
    .port_info 2 /INPUT 1 "reset";
    .port_info 3 /INPUT 1 "regWrite";
    .port_info 4 /INPUT 1 "enable";
    .port_info 5 /INPUT 1 "d";
    .port_info 6 /OUTPUT 1 "q";
v0x5763fbb8c360_0 .net "chipSelect", 0 0, v0x5763fbc186d0_0;  alias, 1 drivers
v0x5763fbb8c420_0 .net "clk", 0 0, v0x5763fbc18790_0;  alias, 1 drivers
v0x5763fbb8c4e0_0 .net "d", 0 0, L_0x5763fbc26d40;  1 drivers
v0x5763fbb8c580_0 .net "enable", 0 0, L_0x5763fbc274d0;  alias, 1 drivers
v0x5763fbb8c620_0 .var "q", 0 0;
v0x5763fbb8c710_0 .net "regWrite", 0 0, v0x5763fbc18b00_0;  alias, 1 drivers
v0x5763fbb8c7b0_0 .net "reset", 0 0, v0x5763fbc189c0_0;  alias, 1 drivers
S_0x5763fbb8c970 .scope generate, "genblk1[4]" "genblk1[4]" 7 12, 7 12 0, S_0x5763fbb89820;
 .timescale 0 0;
P_0x5763fbb8cbc0 .param/l "i" 1 7 12, +C4<0100>;
S_0x5763fbb8cca0 .scope module, "dff" "D_ff" 7 13, 8 1 0, S_0x5763fbb8c970;
 .timescale 0 0;
    .port_info 0 /INPUT 1 "clk";
    .port_info 1 /INPUT 1 "chipSelect";
    .port_info 2 /INPUT 1 "reset";
    .port_info 3 /INPUT 1 "regWrite";
    .port_info 4 /INPUT 1 "enable";
    .port_info 5 /INPUT 1 "d";
    .port_info 6 /OUTPUT 1 "q";
v0x5763fbb8cf30_0 .net "chipSelect", 0 0, v0x5763fbc186d0_0;  alias, 1 drivers
v0x5763fbb8cff0_0 .net "clk", 0 0, v0x5763fbc18790_0;  alias, 1 drivers
v0x5763fbb8d0b0_0 .net "d", 0 0, L_0x5763fbc26e40;  1 drivers
v0x5763fbb8d150_0 .net "enable", 0 0, L_0x5763fbc274d0;  alias, 1 drivers
v0x5763fbb8d1f0_0 .var "q", 0 0;
v0x5763fbb8d290_0 .net "regWrite", 0 0, v0x5763fbc18b00_0;  alias, 1 drivers
v0x5763fbb8d330_0 .net "reset", 0 0, v0x5763fbc189c0_0;  alias, 1 drivers
S_0x5763fbb8d4f0 .scope generate, "genblk1[5]" "genblk1[5]" 7 12, 7 12 0, S_0x5763fbb89820;
 .timescale 0 0;
P_0x5763fbb8d6f0 .param/l "i" 1 7 12, +C4<0101>;
S_0x5763fbb8d7d0 .scope module, "dff" "D_ff" 7 13, 8 1 0, S_0x5763fbb8d4f0;
 .timescale 0 0;
    .port_info 0 /INPUT 1 "clk";
    .port_info 1 /INPUT 1 "chipSelect";
    .port_info 2 /INPUT 1 "reset";
    .port_info 3 /INPUT 1 "regWrite";
    .port_info 4 /INPUT 1 "enable";
    .port_info 5 /INPUT 1 "d";
    .port_info 6 /OUTPUT 1 "q";
v0x5763fbb8da60_0 .net "chipSelect", 0 0, v0x5763fbc186d0_0;  alias, 1 drivers
v0x5763fbb8db20_0 .net "clk", 0 0, v0x5763fbc18790_0;  alias, 1 drivers
v0x5763fbb8dbe0_0 .net "d", 0 0, L_0x5763fbc26f10;  1 drivers
v0x5763fbb8dc80_0 .net "enable", 0 0, L_0x5763fbc274d0;  alias, 1 drivers
v0x5763fbb8dd20_0 .var "q", 0 0;
v0x5763fbb8de10_0 .net "regWrite", 0 0, v0x5763fbc18b00_0;  alias, 1 drivers
v0x5763fbb8deb0_0 .net "reset", 0 0, v0x5763fbc189c0_0;  alias, 1 drivers
S_0x5763fbb8e070 .scope generate, "genblk1[6]" "genblk1[6]" 7 12, 7 12 0, S_0x5763fbb89820;
 .timescale 0 0;
P_0x5763fbb8e270 .param/l "i" 1 7 12, +C4<0110>;
S_0x5763fbb8e350 .scope module, "dff" "D_ff" 7 13, 8 1 0, S_0x5763fbb8e070;
 .timescale 0 0;
    .port_info 0 /INPUT 1 "clk";
    .port_info 1 /INPUT 1 "chipSelect";
    .port_info 2 /INPUT 1 "reset";
    .port_info 3 /INPUT 1 "regWrite";
    .port_info 4 /INPUT 1 "enable";
    .port_info 5 /INPUT 1 "d";
    .port_info 6 /OUTPUT 1 "q";
v0x5763fbb8e5e0_0 .net "chipSelect", 0 0, v0x5763fbc186d0_0;  alias, 1 drivers
v0x5763fbb8e6a0_0 .net "clk", 0 0, v0x5763fbc18790_0;  alias, 1 drivers
v0x5763fbb8e760_0 .net "d", 0 0, L_0x5763fbc26fe0;  1 drivers
v0x5763fbb8e800_0 .net "enable", 0 0, L_0x5763fbc274d0;  alias, 1 drivers
v0x5763fbb8e8a0_0 .var "q", 0 0;
v0x5763fbb8e990_0 .net "regWrite", 0 0, v0x5763fbc18b00_0;  alias, 1 drivers
v0x5763fbb8ea30_0 .net "reset", 0 0, v0x5763fbc189c0_0;  alias, 1 drivers
S_0x5763fbb8ebf0 .scope generate, "genblk1[7]" "genblk1[7]" 7 12, 7 12 0, S_0x5763fbb89820;
 .timescale 0 0;
P_0x5763fbb8edf0 .param/l "i" 1 7 12, +C4<0111>;
S_0x5763fbb8eed0 .scope module, "dff" "D_ff" 7 13, 8 1 0, S_0x5763fbb8ebf0;
 .timescale 0 0;
    .port_info 0 /INPUT 1 "clk";
    .port_info 1 /INPUT 1 "chipSelect";
    .port_info 2 /INPUT 1 "reset";
    .port_info 3 /INPUT 1 "regWrite";
    .port_info 4 /INPUT 1 "enable";
    .port_info 5 /INPUT 1 "d";
    .port_info 6 /OUTPUT 1 "q";
v0x5763fbb8f160_0 .net "chipSelect", 0 0, v0x5763fbc186d0_0;  alias, 1 drivers
v0x5763fbb8f220_0 .net "clk", 0 0, v0x5763fbc18790_0;  alias, 1 drivers
v0x5763fbb8f2e0_0 .net "d", 0 0, L_0x5763fbc27080;  1 drivers
v0x5763fbb8f380_0 .net "enable", 0 0, L_0x5763fbc274d0;  alias, 1 drivers
v0x5763fbb8f420_0 .var "q", 0 0;
v0x5763fbb8f510_0 .net "regWrite", 0 0, v0x5763fbc18b00_0;  alias, 1 drivers
v0x5763fbb8f5b0_0 .net "reset", 0 0, v0x5763fbc189c0_0;  alias, 1 drivers
S_0x5763fbb8fe50 .scope module, "rMem2" "register8bit" 3 26, 7 2 0, S_0x5763fbb495f0;
 .timescale 0 0;
    .port_info 0 /INPUT 1 "clk";
    .port_info 1 /INPUT 1 "chipSelect";
    .port_info 2 /INPUT 1 "reset";
    .port_info 3 /INPUT 1 "regWrite";
    .port_info 4 /INPUT 1 "enable";
    .port_info 5 /INPUT 8 "inR";
    .port_info 6 /OUTPUT 8 "outR";
v0x5763fbb95da0_0 .net "chipSelect", 0 0, v0x5763fbc186d0_0;  alias, 1 drivers
v0x5763fbb95e60_0 .net "clk", 0 0, v0x5763fbc18790_0;  alias, 1 drivers
v0x5763fbb95f20_0 .net "enable", 0 0, L_0x5763fbc1a690;  1 drivers
v0x5763fbb960d0_0 .net "inR", 7 0, L_0x5763fbc1a730;  1 drivers
v0x5763fbb96170_0 .net "outR", 7 0, L_0x5763fbc1a470;  alias, 1 drivers
v0x5763fbb96280_0 .net "regWrite", 0 0, v0x5763fbc18b00_0;  alias, 1 drivers
v0x5763fbb96320_0 .net "reset", 0 0, v0x5763fbc189c0_0;  alias, 1 drivers
L_0x5763fbc19d00 .part L_0x5763fbc1a730, 0, 1;
L_0x5763fbc19da0 .part L_0x5763fbc1a730, 1, 1;
L_0x5763fbc19e90 .part L_0x5763fbc1a730, 2, 1;
L_0x5763fbc19f30 .part L_0x5763fbc1a730, 3, 1;
L_0x5763fbc19fd0 .part L_0x5763fbc1a730, 4, 1;
L_0x5763fbc1a0a0 .part L_0x5763fbc1a730, 5, 1;
L_0x5763fbc1a170 .part L_0x5763fbc1a730, 6, 1;
L_0x5763fbc1a240 .part L_0x5763fbc1a730, 7, 1;
LS_0x5763fbc1a470_0_0 .concat8 [ 1 1 1 1], v0x5763fbb90970_0, v0x5763fbb91510_0, v0x5763fbb920d0_0, v0x5763fbb92c50_0;
LS_0x5763fbc1a470_0_4 .concat8 [ 1 1 1 1], v0x5763fbb93820_0, v0x5763fbb94350_0, v0x5763fbb94ed0_0, v0x5763fbb95a50_0;
L_0x5763fbc1a470 .concat8 [ 4 4 0 0], LS_0x5763fbc1a470_0_0, LS_0x5763fbc1a470_0_4;
S_0x5763fbb900e0 .scope generate, "genblk1[0]" "genblk1[0]" 7 12, 7 12 0, S_0x5763fbb8fe50;
 .timescale 0 0;
P_0x5763fbb90300 .param/l "i" 1 7 12, +C4<00>;
S_0x5763fbb903e0 .scope module, "dff" "D_ff" 7 13, 8 1 0, S_0x5763fbb900e0;
 .timescale 0 0;
    .port_info 0 /INPUT 1 "clk";
    .port_info 1 /INPUT 1 "chipSelect";
    .port_info 2 /INPUT 1 "reset";
    .port_info 3 /INPUT 1 "regWrite";
    .port_info 4 /INPUT 1 "enable";
    .port_info 5 /INPUT 1 "d";
    .port_info 6 /OUTPUT 1 "q";
v0x5763fbb906b0_0 .net "chipSelect", 0 0, v0x5763fbc186d0_0;  alias, 1 drivers
v0x5763fbb90770_0 .net "clk", 0 0, v0x5763fbc18790_0;  alias, 1 drivers
v0x5763fbb90830_0 .net "d", 0 0, L_0x5763fbc19d00;  1 drivers
v0x5763fbb908d0_0 .net "enable", 0 0, L_0x5763fbc1a690;  alias, 1 drivers
v0x5763fbb90970_0 .var "q", 0 0;
v0x5763fbb90a80_0 .net "regWrite", 0 0, v0x5763fbc18b00_0;  alias, 1 drivers
v0x5763fbb90b20_0 .net "reset", 0 0, v0x5763fbc189c0_0;  alias, 1 drivers
S_0x5763fbb90ce0 .scope generate, "genblk1[1]" "genblk1[1]" 7 12, 7 12 0, S_0x5763fbb8fe50;
 .timescale 0 0;
P_0x5763fbb90f00 .param/l "i" 1 7 12, +C4<01>;
S_0x5763fbb90fc0 .scope module, "dff" "D_ff" 7 13, 8 1 0, S_0x5763fbb90ce0;
 .timescale 0 0;
    .port_info 0 /INPUT 1 "clk";
    .port_info 1 /INPUT 1 "chipSelect";
    .port_info 2 /INPUT 1 "reset";
    .port_info 3 /INPUT 1 "regWrite";
    .port_info 4 /INPUT 1 "enable";
    .port_info 5 /INPUT 1 "d";
    .port_info 6 /OUTPUT 1 "q";
v0x5763fbb91250_0 .net "chipSelect", 0 0, v0x5763fbc186d0_0;  alias, 1 drivers
v0x5763fbb91310_0 .net "clk", 0 0, v0x5763fbc18790_0;  alias, 1 drivers
v0x5763fbb913d0_0 .net "d", 0 0, L_0x5763fbc19da0;  1 drivers
v0x5763fbb91470_0 .net "enable", 0 0, L_0x5763fbc1a690;  alias, 1 drivers
v0x5763fbb91510_0 .var "q", 0 0;
v0x5763fbb91600_0 .net "regWrite", 0 0, v0x5763fbc18b00_0;  alias, 1 drivers
v0x5763fbb916a0_0 .net "reset", 0 0, v0x5763fbc189c0_0;  alias, 1 drivers
S_0x5763fbb91840 .scope generate, "genblk1[2]" "genblk1[2]" 7 12, 7 12 0, S_0x5763fbb8fe50;
 .timescale 0 0;
P_0x5763fbb91a40 .param/l "i" 1 7 12, +C4<010>;
S_0x5763fbb91b00 .scope module, "dff" "D_ff" 7 13, 8 1 0, S_0x5763fbb91840;
 .timescale 0 0;
    .port_info 0 /INPUT 1 "clk";
    .port_info 1 /INPUT 1 "chipSelect";
    .port_info 2 /INPUT 1 "reset";
    .port_info 3 /INPUT 1 "regWrite";
    .port_info 4 /INPUT 1 "enable";
    .port_info 5 /INPUT 1 "d";
    .port_info 6 /OUTPUT 1 "q";
v0x5763fbb91d90_0 .net "chipSelect", 0 0, v0x5763fbc186d0_0;  alias, 1 drivers
v0x5763fbb91e50_0 .net "clk", 0 0, v0x5763fbc18790_0;  alias, 1 drivers
v0x5763fbb91f10_0 .net "d", 0 0, L_0x5763fbc19e90;  1 drivers
v0x5763fbb91fe0_0 .net "enable", 0 0, L_0x5763fbc1a690;  alias, 1 drivers
v0x5763fbb920d0_0 .var "q", 0 0;
v0x5763fbb921c0_0 .net "regWrite", 0 0, v0x5763fbc18b00_0;  alias, 1 drivers
v0x5763fbb92260_0 .net "reset", 0 0, v0x5763fbc189c0_0;  alias, 1 drivers
S_0x5763fbb92420 .scope generate, "genblk1[3]" "genblk1[3]" 7 12, 7 12 0, S_0x5763fbb8fe50;
 .timescale 0 0;
P_0x5763fbb92620 .param/l "i" 1 7 12, +C4<011>;
S_0x5763fbb92700 .scope module, "dff" "D_ff" 7 13, 8 1 0, S_0x5763fbb92420;
 .timescale 0 0;
    .port_info 0 /INPUT 1 "clk";
    .port_info 1 /INPUT 1 "chipSelect";
    .port_info 2 /INPUT 1 "reset";
    .port_info 3 /INPUT 1 "regWrite";
    .port_info 4 /INPUT 1 "enable";
    .port_info 5 /INPUT 1 "d";
    .port_info 6 /OUTPUT 1 "q";
v0x5763fbb92990_0 .net "chipSelect", 0 0, v0x5763fbc186d0_0;  alias, 1 drivers
v0x5763fbb92a50_0 .net "clk", 0 0, v0x5763fbc18790_0;  alias, 1 drivers
v0x5763fbb92b10_0 .net "d", 0 0, L_0x5763fbc19f30;  1 drivers
v0x5763fbb92bb0_0 .net "enable", 0 0, L_0x5763fbc1a690;  alias, 1 drivers
v0x5763fbb92c50_0 .var "q", 0 0;
v0x5763fbb92d40_0 .net "regWrite", 0 0, v0x5763fbc18b00_0;  alias, 1 drivers
v0x5763fbb92de0_0 .net "reset", 0 0, v0x5763fbc189c0_0;  alias, 1 drivers
S_0x5763fbb92fa0 .scope generate, "genblk1[4]" "genblk1[4]" 7 12, 7 12 0, S_0x5763fbb8fe50;
 .timescale 0 0;
P_0x5763fbb931f0 .param/l "i" 1 7 12, +C4<0100>;
S_0x5763fbb932d0 .scope module, "dff" "D_ff" 7 13, 8 1 0, S_0x5763fbb92fa0;
 .timescale 0 0;
    .port_info 0 /INPUT 1 "clk";
    .port_info 1 /INPUT 1 "chipSelect";
    .port_info 2 /INPUT 1 "reset";
    .port_info 3 /INPUT 1 "regWrite";
    .port_info 4 /INPUT 1 "enable";
    .port_info 5 /INPUT 1 "d";
    .port_info 6 /OUTPUT 1 "q";
v0x5763fbb93560_0 .net "chipSelect", 0 0, v0x5763fbc186d0_0;  alias, 1 drivers
v0x5763fbb93620_0 .net "clk", 0 0, v0x5763fbc18790_0;  alias, 1 drivers
v0x5763fbb936e0_0 .net "d", 0 0, L_0x5763fbc19fd0;  1 drivers
v0x5763fbb93780_0 .net "enable", 0 0, L_0x5763fbc1a690;  alias, 1 drivers
v0x5763fbb93820_0 .var "q", 0 0;
v0x5763fbb938c0_0 .net "regWrite", 0 0, v0x5763fbc18b00_0;  alias, 1 drivers
v0x5763fbb93960_0 .net "reset", 0 0, v0x5763fbc189c0_0;  alias, 1 drivers
S_0x5763fbb93b20 .scope generate, "genblk1[5]" "genblk1[5]" 7 12, 7 12 0, S_0x5763fbb8fe50;
 .timescale 0 0;
P_0x5763fbb93d20 .param/l "i" 1 7 12, +C4<0101>;
S_0x5763fbb93e00 .scope module, "dff" "D_ff" 7 13, 8 1 0, S_0x5763fbb93b20;
 .timescale 0 0;
    .port_info 0 /INPUT 1 "clk";
    .port_info 1 /INPUT 1 "chipSelect";
    .port_info 2 /INPUT 1 "reset";
    .port_info 3 /INPUT 1 "regWrite";
    .port_info 4 /INPUT 1 "enable";
    .port_info 5 /INPUT 1 "d";
    .port_info 6 /OUTPUT 1 "q";
v0x5763fbb94090_0 .net "chipSelect", 0 0, v0x5763fbc186d0_0;  alias, 1 drivers
v0x5763fbb94150_0 .net "clk", 0 0, v0x5763fbc18790_0;  alias, 1 drivers
v0x5763fbb94210_0 .net "d", 0 0, L_0x5763fbc1a0a0;  1 drivers
v0x5763fbb942b0_0 .net "enable", 0 0, L_0x5763fbc1a690;  alias, 1 drivers
v0x5763fbb94350_0 .var "q", 0 0;
v0x5763fbb94440_0 .net "regWrite", 0 0, v0x5763fbc18b00_0;  alias, 1 drivers
v0x5763fbb944e0_0 .net "reset", 0 0, v0x5763fbc189c0_0;  alias, 1 drivers
S_0x5763fbb946a0 .scope generate, "genblk1[6]" "genblk1[6]" 7 12, 7 12 0, S_0x5763fbb8fe50;
 .timescale 0 0;
P_0x5763fbb948a0 .param/l "i" 1 7 12, +C4<0110>;
S_0x5763fbb94980 .scope module, "dff" "D_ff" 7 13, 8 1 0, S_0x5763fbb946a0;
 .timescale 0 0;
    .port_info 0 /INPUT 1 "clk";
    .port_info 1 /INPUT 1 "chipSelect";
    .port_info 2 /INPUT 1 "reset";
    .port_info 3 /INPUT 1 "regWrite";
    .port_info 4 /INPUT 1 "enable";
    .port_info 5 /INPUT 1 "d";
    .port_info 6 /OUTPUT 1 "q";
v0x5763fbb94c10_0 .net "chipSelect", 0 0, v0x5763fbc186d0_0;  alias, 1 drivers
v0x5763fbb94cd0_0 .net "clk", 0 0, v0x5763fbc18790_0;  alias, 1 drivers
v0x5763fbb94d90_0 .net "d", 0 0, L_0x5763fbc1a170;  1 drivers
v0x5763fbb94e30_0 .net "enable", 0 0, L_0x5763fbc1a690;  alias, 1 drivers
v0x5763fbb94ed0_0 .var "q", 0 0;
v0x5763fbb94fc0_0 .net "regWrite", 0 0, v0x5763fbc18b00_0;  alias, 1 drivers
v0x5763fbb95060_0 .net "reset", 0 0, v0x5763fbc189c0_0;  alias, 1 drivers
S_0x5763fbb95220 .scope generate, "genblk1[7]" "genblk1[7]" 7 12, 7 12 0, S_0x5763fbb8fe50;
 .timescale 0 0;
P_0x5763fbb95420 .param/l "i" 1 7 12, +C4<0111>;
S_0x5763fbb95500 .scope module, "dff" "D_ff" 7 13, 8 1 0, S_0x5763fbb95220;
 .timescale 0 0;
    .port_info 0 /INPUT 1 "clk";
    .port_info 1 /INPUT 1 "chipSelect";
    .port_info 2 /INPUT 1 "reset";
    .port_info 3 /INPUT 1 "regWrite";
    .port_info 4 /INPUT 1 "enable";
    .port_info 5 /INPUT 1 "d";
    .port_info 6 /OUTPUT 1 "q";
v0x5763fbb95790_0 .net "chipSelect", 0 0, v0x5763fbc186d0_0;  alias, 1 drivers
v0x5763fbb95850_0 .net "clk", 0 0, v0x5763fbc18790_0;  alias, 1 drivers
v0x5763fbb95910_0 .net "d", 0 0, L_0x5763fbc1a240;  1 drivers
v0x5763fbb959b0_0 .net "enable", 0 0, L_0x5763fbc1a690;  alias, 1 drivers
v0x5763fbb95a50_0 .var "q", 0 0;
v0x5763fbb95b40_0 .net "regWrite", 0 0, v0x5763fbc18b00_0;  alias, 1 drivers
v0x5763fbb95be0_0 .net "reset", 0 0, v0x5763fbc189c0_0;  alias, 1 drivers
S_0x5763fbb96480 .scope module, "rMem20" "register8bit" 3 53, 7 2 0, S_0x5763fbb495f0;
 .timescale 0 0;
    .port_info 0 /INPUT 1 "clk";
    .port_info 1 /INPUT 1 "chipSelect";
    .port_info 2 /INPUT 1 "reset";
    .port_info 3 /INPUT 1 "regWrite";
    .port_info 4 /INPUT 1 "enable";
    .port_info 5 /INPUT 8 "inR";
    .port_info 6 /OUTPUT 8 "outR";
v0x5763fbb9c4e0_0 .net "chipSelect", 0 0, v0x5763fbc186d0_0;  alias, 1 drivers
v0x5763fbb9c5a0_0 .net "clk", 0 0, v0x5763fbc18790_0;  alias, 1 drivers
v0x5763fbb9c660_0 .net "enable", 0 0, L_0x5763fbc281b0;  1 drivers
v0x5763fbb9c810_0 .net "inR", 7 0, L_0x5763fbc28250;  1 drivers
v0x5763fbb9c8b0_0 .net "outR", 7 0, L_0x5763fbc27f90;  alias, 1 drivers
v0x5763fbb9c9c0_0 .net "regWrite", 0 0, v0x5763fbc18b00_0;  alias, 1 drivers
v0x5763fbb9ca60_0 .net "reset", 0 0, v0x5763fbc189c0_0;  alias, 1 drivers
L_0x5763fbc27760 .part L_0x5763fbc28250, 0, 1;
L_0x5763fbc27860 .part L_0x5763fbc28250, 1, 1;
L_0x5763fbc27980 .part L_0x5763fbc28250, 2, 1;
L_0x5763fbc27a20 .part L_0x5763fbc28250, 3, 1;
L_0x5763fbc27b20 .part L_0x5763fbc28250, 4, 1;
L_0x5763fbc27bf0 .part L_0x5763fbc28250, 5, 1;
L_0x5763fbc27cc0 .part L_0x5763fbc28250, 6, 1;
L_0x5763fbc27d60 .part L_0x5763fbc28250, 7, 1;
LS_0x5763fbc27f90_0_0 .concat8 [ 1 1 1 1], v0x5763fbb970b0_0, v0x5763fbb97c50_0, v0x5763fbb98810_0, v0x5763fbb99390_0;
LS_0x5763fbc27f90_0_4 .concat8 [ 1 1 1 1], v0x5763fbb99f60_0, v0x5763fbb9aa90_0, v0x5763fbb9b610_0, v0x5763fbb9c190_0;
L_0x5763fbc27f90 .concat8 [ 4 4 0 0], LS_0x5763fbc27f90_0_0, LS_0x5763fbc27f90_0_4;
S_0x5763fbb96820 .scope generate, "genblk1[0]" "genblk1[0]" 7 12, 7 12 0, S_0x5763fbb96480;
 .timescale 0 0;
P_0x5763fbb96a40 .param/l "i" 1 7 12, +C4<00>;
S_0x5763fbb96b20 .scope module, "dff" "D_ff" 7 13, 8 1 0, S_0x5763fbb96820;
 .timescale 0 0;
    .port_info 0 /INPUT 1 "clk";
    .port_info 1 /INPUT 1 "chipSelect";
    .port_info 2 /INPUT 1 "reset";
    .port_info 3 /INPUT 1 "regWrite";
    .port_info 4 /INPUT 1 "enable";
    .port_info 5 /INPUT 1 "d";
    .port_info 6 /OUTPUT 1 "q";
v0x5763fbb96df0_0 .net "chipSelect", 0 0, v0x5763fbc186d0_0;  alias, 1 drivers
v0x5763fbb96eb0_0 .net "clk", 0 0, v0x5763fbc18790_0;  alias, 1 drivers
v0x5763fbb96f70_0 .net "d", 0 0, L_0x5763fbc27760;  1 drivers
v0x5763fbb97010_0 .net "enable", 0 0, L_0x5763fbc281b0;  alias, 1 drivers
v0x5763fbb970b0_0 .var "q", 0 0;
v0x5763fbb971c0_0 .net "regWrite", 0 0, v0x5763fbc18b00_0;  alias, 1 drivers
v0x5763fbb97260_0 .net "reset", 0 0, v0x5763fbc189c0_0;  alias, 1 drivers
S_0x5763fbb97420 .scope generate, "genblk1[1]" "genblk1[1]" 7 12, 7 12 0, S_0x5763fbb96480;
 .timescale 0 0;
P_0x5763fbb97640 .param/l "i" 1 7 12, +C4<01>;
S_0x5763fbb97700 .scope module, "dff" "D_ff" 7 13, 8 1 0, S_0x5763fbb97420;
 .timescale 0 0;
    .port_info 0 /INPUT 1 "clk";
    .port_info 1 /INPUT 1 "chipSelect";
    .port_info 2 /INPUT 1 "reset";
    .port_info 3 /INPUT 1 "regWrite";
    .port_info 4 /INPUT 1 "enable";
    .port_info 5 /INPUT 1 "d";
    .port_info 6 /OUTPUT 1 "q";
v0x5763fbb97990_0 .net "chipSelect", 0 0, v0x5763fbc186d0_0;  alias, 1 drivers
v0x5763fbb97a50_0 .net "clk", 0 0, v0x5763fbc18790_0;  alias, 1 drivers
v0x5763fbb97b10_0 .net "d", 0 0, L_0x5763fbc27860;  1 drivers
v0x5763fbb97bb0_0 .net "enable", 0 0, L_0x5763fbc281b0;  alias, 1 drivers
v0x5763fbb97c50_0 .var "q", 0 0;
v0x5763fbb97d40_0 .net "regWrite", 0 0, v0x5763fbc18b00_0;  alias, 1 drivers
v0x5763fbb97de0_0 .net "reset", 0 0, v0x5763fbc189c0_0;  alias, 1 drivers
S_0x5763fbb97f80 .scope generate, "genblk1[2]" "genblk1[2]" 7 12, 7 12 0, S_0x5763fbb96480;
 .timescale 0 0;
P_0x5763fbb98180 .param/l "i" 1 7 12, +C4<010>;
S_0x5763fbb98240 .scope module, "dff" "D_ff" 7 13, 8 1 0, S_0x5763fbb97f80;
 .timescale 0 0;
    .port_info 0 /INPUT 1 "clk";
    .port_info 1 /INPUT 1 "chipSelect";
    .port_info 2 /INPUT 1 "reset";
    .port_info 3 /INPUT 1 "regWrite";
    .port_info 4 /INPUT 1 "enable";
    .port_info 5 /INPUT 1 "d";
    .port_info 6 /OUTPUT 1 "q";
v0x5763fbb984d0_0 .net "chipSelect", 0 0, v0x5763fbc186d0_0;  alias, 1 drivers
v0x5763fbb98590_0 .net "clk", 0 0, v0x5763fbc18790_0;  alias, 1 drivers
v0x5763fbb98650_0 .net "d", 0 0, L_0x5763fbc27980;  1 drivers
v0x5763fbb98720_0 .net "enable", 0 0, L_0x5763fbc281b0;  alias, 1 drivers
v0x5763fbb98810_0 .var "q", 0 0;
v0x5763fbb98900_0 .net "regWrite", 0 0, v0x5763fbc18b00_0;  alias, 1 drivers
v0x5763fbb989a0_0 .net "reset", 0 0, v0x5763fbc189c0_0;  alias, 1 drivers
S_0x5763fbb98b60 .scope generate, "genblk1[3]" "genblk1[3]" 7 12, 7 12 0, S_0x5763fbb96480;
 .timescale 0 0;
P_0x5763fbb98d60 .param/l "i" 1 7 12, +C4<011>;
S_0x5763fbb98e40 .scope module, "dff" "D_ff" 7 13, 8 1 0, S_0x5763fbb98b60;
 .timescale 0 0;
    .port_info 0 /INPUT 1 "clk";
    .port_info 1 /INPUT 1 "chipSelect";
    .port_info 2 /INPUT 1 "reset";
    .port_info 3 /INPUT 1 "regWrite";
    .port_info 4 /INPUT 1 "enable";
    .port_info 5 /INPUT 1 "d";
    .port_info 6 /OUTPUT 1 "q";
v0x5763fbb990d0_0 .net "chipSelect", 0 0, v0x5763fbc186d0_0;  alias, 1 drivers
v0x5763fbb99190_0 .net "clk", 0 0, v0x5763fbc18790_0;  alias, 1 drivers
v0x5763fbb99250_0 .net "d", 0 0, L_0x5763fbc27a20;  1 drivers
v0x5763fbb992f0_0 .net "enable", 0 0, L_0x5763fbc281b0;  alias, 1 drivers
v0x5763fbb99390_0 .var "q", 0 0;
v0x5763fbb99480_0 .net "regWrite", 0 0, v0x5763fbc18b00_0;  alias, 1 drivers
v0x5763fbb99520_0 .net "reset", 0 0, v0x5763fbc189c0_0;  alias, 1 drivers
S_0x5763fbb996e0 .scope generate, "genblk1[4]" "genblk1[4]" 7 12, 7 12 0, S_0x5763fbb96480;
 .timescale 0 0;
P_0x5763fbb99930 .param/l "i" 1 7 12, +C4<0100>;
S_0x5763fbb99a10 .scope module, "dff" "D_ff" 7 13, 8 1 0, S_0x5763fbb996e0;
 .timescale 0 0;
    .port_info 0 /INPUT 1 "clk";
    .port_info 1 /INPUT 1 "chipSelect";
    .port_info 2 /INPUT 1 "reset";
    .port_info 3 /INPUT 1 "regWrite";
    .port_info 4 /INPUT 1 "enable";
    .port_info 5 /INPUT 1 "d";
    .port_info 6 /OUTPUT 1 "q";
v0x5763fbb99ca0_0 .net "chipSelect", 0 0, v0x5763fbc186d0_0;  alias, 1 drivers
v0x5763fbb99d60_0 .net "clk", 0 0, v0x5763fbc18790_0;  alias, 1 drivers
v0x5763fbb99e20_0 .net "d", 0 0, L_0x5763fbc27b20;  1 drivers
v0x5763fbb99ec0_0 .net "enable", 0 0, L_0x5763fbc281b0;  alias, 1 drivers
v0x5763fbb99f60_0 .var "q", 0 0;
v0x5763fbb9a000_0 .net "regWrite", 0 0, v0x5763fbc18b00_0;  alias, 1 drivers
v0x5763fbb9a0a0_0 .net "reset", 0 0, v0x5763fbc189c0_0;  alias, 1 drivers
S_0x5763fbb9a260 .scope generate, "genblk1[5]" "genblk1[5]" 7 12, 7 12 0, S_0x5763fbb96480;
 .timescale 0 0;
P_0x5763fbb9a460 .param/l "i" 1 7 12, +C4<0101>;
S_0x5763fbb9a540 .scope module, "dff" "D_ff" 7 13, 8 1 0, S_0x5763fbb9a260;
 .timescale 0 0;
    .port_info 0 /INPUT 1 "clk";
    .port_info 1 /INPUT 1 "chipSelect";
    .port_info 2 /INPUT 1 "reset";
    .port_info 3 /INPUT 1 "regWrite";
    .port_info 4 /INPUT 1 "enable";
    .port_info 5 /INPUT 1 "d";
    .port_info 6 /OUTPUT 1 "q";
v0x5763fbb9a7d0_0 .net "chipSelect", 0 0, v0x5763fbc186d0_0;  alias, 1 drivers
v0x5763fbb9a890_0 .net "clk", 0 0, v0x5763fbc18790_0;  alias, 1 drivers
v0x5763fbb9a950_0 .net "d", 0 0, L_0x5763fbc27bf0;  1 drivers
v0x5763fbb9a9f0_0 .net "enable", 0 0, L_0x5763fbc281b0;  alias, 1 drivers
v0x5763fbb9aa90_0 .var "q", 0 0;
v0x5763fbb9ab80_0 .net "regWrite", 0 0, v0x5763fbc18b00_0;  alias, 1 drivers
v0x5763fbb9ac20_0 .net "reset", 0 0, v0x5763fbc189c0_0;  alias, 1 drivers
S_0x5763fbb9ade0 .scope generate, "genblk1[6]" "genblk1[6]" 7 12, 7 12 0, S_0x5763fbb96480;
 .timescale 0 0;
P_0x5763fbb9afe0 .param/l "i" 1 7 12, +C4<0110>;
S_0x5763fbb9b0c0 .scope module, "dff" "D_ff" 7 13, 8 1 0, S_0x5763fbb9ade0;
 .timescale 0 0;
    .port_info 0 /INPUT 1 "clk";
    .port_info 1 /INPUT 1 "chipSelect";
    .port_info 2 /INPUT 1 "reset";
    .port_info 3 /INPUT 1 "regWrite";
    .port_info 4 /INPUT 1 "enable";
    .port_info 5 /INPUT 1 "d";
    .port_info 6 /OUTPUT 1 "q";
v0x5763fbb9b350_0 .net "chipSelect", 0 0, v0x5763fbc186d0_0;  alias, 1 drivers
v0x5763fbb9b410_0 .net "clk", 0 0, v0x5763fbc18790_0;  alias, 1 drivers
v0x5763fbb9b4d0_0 .net "d", 0 0, L_0x5763fbc27cc0;  1 drivers
v0x5763fbb9b570_0 .net "enable", 0 0, L_0x5763fbc281b0;  alias, 1 drivers
v0x5763fbb9b610_0 .var "q", 0 0;
v0x5763fbb9b700_0 .net "regWrite", 0 0, v0x5763fbc18b00_0;  alias, 1 drivers
v0x5763fbb9b7a0_0 .net "reset", 0 0, v0x5763fbc189c0_0;  alias, 1 drivers
S_0x5763fbb9b960 .scope generate, "genblk1[7]" "genblk1[7]" 7 12, 7 12 0, S_0x5763fbb96480;
 .timescale 0 0;
P_0x5763fbb9bb60 .param/l "i" 1 7 12, +C4<0111>;
S_0x5763fbb9bc40 .scope module, "dff" "D_ff" 7 13, 8 1 0, S_0x5763fbb9b960;
 .timescale 0 0;
    .port_info 0 /INPUT 1 "clk";
    .port_info 1 /INPUT 1 "chipSelect";
    .port_info 2 /INPUT 1 "reset";
    .port_info 3 /INPUT 1 "regWrite";
    .port_info 4 /INPUT 1 "enable";
    .port_info 5 /INPUT 1 "d";
    .port_info 6 /OUTPUT 1 "q";
v0x5763fbb9bed0_0 .net "chipSelect", 0 0, v0x5763fbc186d0_0;  alias, 1 drivers
v0x5763fbb9bf90_0 .net "clk", 0 0, v0x5763fbc18790_0;  alias, 1 drivers
v0x5763fbb9c050_0 .net "d", 0 0, L_0x5763fbc27d60;  1 drivers
v0x5763fbb9c0f0_0 .net "enable", 0 0, L_0x5763fbc281b0;  alias, 1 drivers
v0x5763fbb9c190_0 .var "q", 0 0;
v0x5763fbb9c280_0 .net "regWrite", 0 0, v0x5763fbc18b00_0;  alias, 1 drivers
v0x5763fbb9c320_0 .net "reset", 0 0, v0x5763fbc189c0_0;  alias, 1 drivers
S_0x5763fbb9cbc0 .scope module, "rMem21" "register8bit" 3 54, 7 2 0, S_0x5763fbb495f0;
 .timescale 0 0;
    .port_info 0 /INPUT 1 "clk";
    .port_info 1 /INPUT 1 "chipSelect";
    .port_info 2 /INPUT 1 "reset";
    .port_info 3 /INPUT 1 "regWrite";
    .port_info 4 /INPUT 1 "enable";
    .port_info 5 /INPUT 8 "inR";
    .port_info 6 /OUTPUT 8 "outR";
v0x5763fbba4b10_0 .net "chipSelect", 0 0, v0x5763fbc186d0_0;  alias, 1 drivers
v0x5763fbba4bd0_0 .net "clk", 0 0, v0x5763fbc18790_0;  alias, 1 drivers
v0x5763fbba4c90_0 .net "enable", 0 0, L_0x5763fbc28ea0;  1 drivers
v0x5763fbba4e40_0 .net "inR", 7 0, L_0x5763fbc28f40;  1 drivers
v0x5763fbba4ee0_0 .net "outR", 7 0, L_0x5763fbc28c80;  alias, 1 drivers
v0x5763fbba4ff0_0 .net "regWrite", 0 0, v0x5763fbc18b00_0;  alias, 1 drivers
v0x5763fbba5090_0 .net "reset", 0 0, v0x5763fbc189c0_0;  alias, 1 drivers
L_0x5763fbc28450 .part L_0x5763fbc28f40, 0, 1;
L_0x5763fbc28550 .part L_0x5763fbc28f40, 1, 1;
L_0x5763fbc28670 .part L_0x5763fbc28f40, 2, 1;
L_0x5763fbc28710 .part L_0x5763fbc28f40, 3, 1;
L_0x5763fbc28810 .part L_0x5763fbc28f40, 4, 1;
L_0x5763fbc288e0 .part L_0x5763fbc28f40, 5, 1;
L_0x5763fbc289b0 .part L_0x5763fbc28f40, 6, 1;
L_0x5763fbc28a50 .part L_0x5763fbc28f40, 7, 1;
LS_0x5763fbc28c80_0_0 .concat8 [ 1 1 1 1], v0x5763fbb9d6e0_0, v0x5763fbb9e280_0, v0x5763fbb74340_0, v0x5763fbb75ed0_0;
LS_0x5763fbc28c80_0_4 .concat8 [ 1 1 1 1], v0x5763fbba2590_0, v0x5763fbba30c0_0, v0x5763fbba3c40_0, v0x5763fbba47c0_0;
L_0x5763fbc28c80 .concat8 [ 4 4 0 0], LS_0x5763fbc28c80_0_0, LS_0x5763fbc28c80_0_4;
S_0x5763fbb9ce50 .scope generate, "genblk1[0]" "genblk1[0]" 7 12, 7 12 0, S_0x5763fbb9cbc0;
 .timescale 0 0;
P_0x5763fbb9d070 .param/l "i" 1 7 12, +C4<00>;
S_0x5763fbb9d150 .scope module, "dff" "D_ff" 7 13, 8 1 0, S_0x5763fbb9ce50;
 .timescale 0 0;
    .port_info 0 /INPUT 1 "clk";
    .port_info 1 /INPUT 1 "chipSelect";
    .port_info 2 /INPUT 1 "reset";
    .port_info 3 /INPUT 1 "regWrite";
    .port_info 4 /INPUT 1 "enable";
    .port_info 5 /INPUT 1 "d";
    .port_info 6 /OUTPUT 1 "q";
v0x5763fbb9d420_0 .net "chipSelect", 0 0, v0x5763fbc186d0_0;  alias, 1 drivers
v0x5763fbb9d4e0_0 .net "clk", 0 0, v0x5763fbc18790_0;  alias, 1 drivers
v0x5763fbb9d5a0_0 .net "d", 0 0, L_0x5763fbc28450;  1 drivers
v0x5763fbb9d640_0 .net "enable", 0 0, L_0x5763fbc28ea0;  alias, 1 drivers
v0x5763fbb9d6e0_0 .var "q", 0 0;
v0x5763fbb9d7f0_0 .net "regWrite", 0 0, v0x5763fbc18b00_0;  alias, 1 drivers
v0x5763fbb9d890_0 .net "reset", 0 0, v0x5763fbc189c0_0;  alias, 1 drivers
S_0x5763fbb9da50 .scope generate, "genblk1[1]" "genblk1[1]" 7 12, 7 12 0, S_0x5763fbb9cbc0;
 .timescale 0 0;
P_0x5763fbb9dc70 .param/l "i" 1 7 12, +C4<01>;
S_0x5763fbb9dd30 .scope module, "dff" "D_ff" 7 13, 8 1 0, S_0x5763fbb9da50;
 .timescale 0 0;
    .port_info 0 /INPUT 1 "clk";
    .port_info 1 /INPUT 1 "chipSelect";
    .port_info 2 /INPUT 1 "reset";
    .port_info 3 /INPUT 1 "regWrite";
    .port_info 4 /INPUT 1 "enable";
    .port_info 5 /INPUT 1 "d";
    .port_info 6 /OUTPUT 1 "q";
v0x5763fbb9dfc0_0 .net "chipSelect", 0 0, v0x5763fbc186d0_0;  alias, 1 drivers
v0x5763fbb9e080_0 .net "clk", 0 0, v0x5763fbc18790_0;  alias, 1 drivers
v0x5763fbb9e140_0 .net "d", 0 0, L_0x5763fbc28550;  1 drivers
v0x5763fbb9e1e0_0 .net "enable", 0 0, L_0x5763fbc28ea0;  alias, 1 drivers
v0x5763fbb9e280_0 .var "q", 0 0;
v0x5763fbb9e370_0 .net "regWrite", 0 0, v0x5763fbc18b00_0;  alias, 1 drivers
v0x5763fbb9e410_0 .net "reset", 0 0, v0x5763fbc189c0_0;  alias, 1 drivers
S_0x5763fbb9e5b0 .scope generate, "genblk1[2]" "genblk1[2]" 7 12, 7 12 0, S_0x5763fbb9cbc0;
 .timescale 0 0;
P_0x5763fbb9e7b0 .param/l "i" 1 7 12, +C4<010>;
S_0x5763fbb9e870 .scope module, "dff" "D_ff" 7 13, 8 1 0, S_0x5763fbb9e5b0;
 .timescale 0 0;
    .port_info 0 /INPUT 1 "clk";
    .port_info 1 /INPUT 1 "chipSelect";
    .port_info 2 /INPUT 1 "reset";
    .port_info 3 /INPUT 1 "regWrite";
    .port_info 4 /INPUT 1 "enable";
    .port_info 5 /INPUT 1 "d";
    .port_info 6 /OUTPUT 1 "q";
v0x5763fbb9eb00_0 .net "chipSelect", 0 0, v0x5763fbc186d0_0;  alias, 1 drivers
v0x5763fbb740c0_0 .net "clk", 0 0, v0x5763fbc18790_0;  alias, 1 drivers
v0x5763fbb74180_0 .net "d", 0 0, L_0x5763fbc28670;  1 drivers
v0x5763fbb74250_0 .net "enable", 0 0, L_0x5763fbc28ea0;  alias, 1 drivers
v0x5763fbb74340_0 .var "q", 0 0;
v0x5763fbb74430_0 .net "regWrite", 0 0, v0x5763fbc18b00_0;  alias, 1 drivers
v0x5763fbb744d0_0 .net "reset", 0 0, v0x5763fbc189c0_0;  alias, 1 drivers
S_0x5763fbb756a0 .scope generate, "genblk1[3]" "genblk1[3]" 7 12, 7 12 0, S_0x5763fbb9cbc0;
 .timescale 0 0;
P_0x5763fbb758a0 .param/l "i" 1 7 12, +C4<011>;
S_0x5763fbb75980 .scope module, "dff" "D_ff" 7 13, 8 1 0, S_0x5763fbb756a0;
 .timescale 0 0;
    .port_info 0 /INPUT 1 "clk";
    .port_info 1 /INPUT 1 "chipSelect";
    .port_info 2 /INPUT 1 "reset";
    .port_info 3 /INPUT 1 "regWrite";
    .port_info 4 /INPUT 1 "enable";
    .port_info 5 /INPUT 1 "d";
    .port_info 6 /OUTPUT 1 "q";
v0x5763fbb75c10_0 .net "chipSelect", 0 0, v0x5763fbc186d0_0;  alias, 1 drivers
v0x5763fbb75cd0_0 .net "clk", 0 0, v0x5763fbc18790_0;  alias, 1 drivers
v0x5763fbb75d90_0 .net "d", 0 0, L_0x5763fbc28710;  1 drivers
v0x5763fbb75e30_0 .net "enable", 0 0, L_0x5763fbc28ea0;  alias, 1 drivers
v0x5763fbb75ed0_0 .var "q", 0 0;
v0x5763fbb75fc0_0 .net "regWrite", 0 0, v0x5763fbc18b00_0;  alias, 1 drivers
v0x5763fbb76060_0 .net "reset", 0 0, v0x5763fbc189c0_0;  alias, 1 drivers
S_0x5763fbba1d10 .scope generate, "genblk1[4]" "genblk1[4]" 7 12, 7 12 0, S_0x5763fbb9cbc0;
 .timescale 0 0;
P_0x5763fbba1f60 .param/l "i" 1 7 12, +C4<0100>;
S_0x5763fbba2040 .scope module, "dff" "D_ff" 7 13, 8 1 0, S_0x5763fbba1d10;
 .timescale 0 0;
    .port_info 0 /INPUT 1 "clk";
    .port_info 1 /INPUT 1 "chipSelect";
    .port_info 2 /INPUT 1 "reset";
    .port_info 3 /INPUT 1 "regWrite";
    .port_info 4 /INPUT 1 "enable";
    .port_info 5 /INPUT 1 "d";
    .port_info 6 /OUTPUT 1 "q";
v0x5763fbba22d0_0 .net "chipSelect", 0 0, v0x5763fbc186d0_0;  alias, 1 drivers
v0x5763fbba2390_0 .net "clk", 0 0, v0x5763fbc18790_0;  alias, 1 drivers
v0x5763fbba2450_0 .net "d", 0 0, L_0x5763fbc28810;  1 drivers
v0x5763fbba24f0_0 .net "enable", 0 0, L_0x5763fbc28ea0;  alias, 1 drivers
v0x5763fbba2590_0 .var "q", 0 0;
v0x5763fbba2630_0 .net "regWrite", 0 0, v0x5763fbc18b00_0;  alias, 1 drivers
v0x5763fbba26d0_0 .net "reset", 0 0, v0x5763fbc189c0_0;  alias, 1 drivers
S_0x5763fbba2890 .scope generate, "genblk1[5]" "genblk1[5]" 7 12, 7 12 0, S_0x5763fbb9cbc0;
 .timescale 0 0;
P_0x5763fbba2a90 .param/l "i" 1 7 12, +C4<0101>;
S_0x5763fbba2b70 .scope module, "dff" "D_ff" 7 13, 8 1 0, S_0x5763fbba2890;
 .timescale 0 0;
    .port_info 0 /INPUT 1 "clk";
    .port_info 1 /INPUT 1 "chipSelect";
    .port_info 2 /INPUT 1 "reset";
    .port_info 3 /INPUT 1 "regWrite";
    .port_info 4 /INPUT 1 "enable";
    .port_info 5 /INPUT 1 "d";
    .port_info 6 /OUTPUT 1 "q";
v0x5763fbba2e00_0 .net "chipSelect", 0 0, v0x5763fbc186d0_0;  alias, 1 drivers
v0x5763fbba2ec0_0 .net "clk", 0 0, v0x5763fbc18790_0;  alias, 1 drivers
v0x5763fbba2f80_0 .net "d", 0 0, L_0x5763fbc288e0;  1 drivers
v0x5763fbba3020_0 .net "enable", 0 0, L_0x5763fbc28ea0;  alias, 1 drivers
v0x5763fbba30c0_0 .var "q", 0 0;
v0x5763fbba31b0_0 .net "regWrite", 0 0, v0x5763fbc18b00_0;  alias, 1 drivers
v0x5763fbba3250_0 .net "reset", 0 0, v0x5763fbc189c0_0;  alias, 1 drivers
S_0x5763fbba3410 .scope generate, "genblk1[6]" "genblk1[6]" 7 12, 7 12 0, S_0x5763fbb9cbc0;
 .timescale 0 0;
P_0x5763fbba3610 .param/l "i" 1 7 12, +C4<0110>;
S_0x5763fbba36f0 .scope module, "dff" "D_ff" 7 13, 8 1 0, S_0x5763fbba3410;
 .timescale 0 0;
    .port_info 0 /INPUT 1 "clk";
    .port_info 1 /INPUT 1 "chipSelect";
    .port_info 2 /INPUT 1 "reset";
    .port_info 3 /INPUT 1 "regWrite";
    .port_info 4 /INPUT 1 "enable";
    .port_info 5 /INPUT 1 "d";
    .port_info 6 /OUTPUT 1 "q";
v0x5763fbba3980_0 .net "chipSelect", 0 0, v0x5763fbc186d0_0;  alias, 1 drivers
v0x5763fbba3a40_0 .net "clk", 0 0, v0x5763fbc18790_0;  alias, 1 drivers
v0x5763fbba3b00_0 .net "d", 0 0, L_0x5763fbc289b0;  1 drivers
v0x5763fbba3ba0_0 .net "enable", 0 0, L_0x5763fbc28ea0;  alias, 1 drivers
v0x5763fbba3c40_0 .var "q", 0 0;
v0x5763fbba3d30_0 .net "regWrite", 0 0, v0x5763fbc18b00_0;  alias, 1 drivers
v0x5763fbba3dd0_0 .net "reset", 0 0, v0x5763fbc189c0_0;  alias, 1 drivers
S_0x5763fbba3f90 .scope generate, "genblk1[7]" "genblk1[7]" 7 12, 7 12 0, S_0x5763fbb9cbc0;
 .timescale 0 0;
P_0x5763fbba4190 .param/l "i" 1 7 12, +C4<0111>;
S_0x5763fbba4270 .scope module, "dff" "D_ff" 7 13, 8 1 0, S_0x5763fbba3f90;
 .timescale 0 0;
    .port_info 0 /INPUT 1 "clk";
    .port_info 1 /INPUT 1 "chipSelect";
    .port_info 2 /INPUT 1 "reset";
    .port_info 3 /INPUT 1 "regWrite";
    .port_info 4 /INPUT 1 "enable";
    .port_info 5 /INPUT 1 "d";
    .port_info 6 /OUTPUT 1 "q";
v0x5763fbba4500_0 .net "chipSelect", 0 0, v0x5763fbc186d0_0;  alias, 1 drivers
v0x5763fbba45c0_0 .net "clk", 0 0, v0x5763fbc18790_0;  alias, 1 drivers
v0x5763fbba4680_0 .net "d", 0 0, L_0x5763fbc28a50;  1 drivers
v0x5763fbba4720_0 .net "enable", 0 0, L_0x5763fbc28ea0;  alias, 1 drivers
v0x5763fbba47c0_0 .var "q", 0 0;
v0x5763fbba48b0_0 .net "regWrite", 0 0, v0x5763fbc18b00_0;  alias, 1 drivers
v0x5763fbba4950_0 .net "reset", 0 0, v0x5763fbc189c0_0;  alias, 1 drivers
S_0x5763fbba51f0 .scope module, "rMem22" "register8bit" 3 56, 7 2 0, S_0x5763fbb495f0;
 .timescale 0 0;
    .port_info 0 /INPUT 1 "clk";
    .port_info 1 /INPUT 1 "chipSelect";
    .port_info 2 /INPUT 1 "reset";
    .port_info 3 /INPUT 1 "regWrite";
    .port_info 4 /INPUT 1 "enable";
    .port_info 5 /INPUT 8 "inR";
    .port_info 6 /OUTPUT 8 "outR";
v0x5763fbbab140_0 .net "chipSelect", 0 0, v0x5763fbc186d0_0;  alias, 1 drivers
v0x5763fbbab200_0 .net "clk", 0 0, v0x5763fbc18790_0;  alias, 1 drivers
v0x5763fbbab2c0_0 .net "enable", 0 0, L_0x5763fbc29ba0;  1 drivers
v0x5763fbbab470_0 .net "inR", 7 0, L_0x5763fbc29c40;  1 drivers
v0x5763fbbab510_0 .net "outR", 7 0, L_0x5763fbc29980;  alias, 1 drivers
v0x5763fbbab620_0 .net "regWrite", 0 0, v0x5763fbc18b00_0;  alias, 1 drivers
v0x5763fbbab6c0_0 .net "reset", 0 0, v0x5763fbc189c0_0;  alias, 1 drivers
L_0x5763fbc29150 .part L_0x5763fbc29c40, 0, 1;
L_0x5763fbc29250 .part L_0x5763fbc29c40, 1, 1;
L_0x5763fbc29370 .part L_0x5763fbc29c40, 2, 1;
L_0x5763fbc29410 .part L_0x5763fbc29c40, 3, 1;
L_0x5763fbc29510 .part L_0x5763fbc29c40, 4, 1;
L_0x5763fbc295e0 .part L_0x5763fbc29c40, 5, 1;
L_0x5763fbc296b0 .part L_0x5763fbc29c40, 6, 1;
L_0x5763fbc29750 .part L_0x5763fbc29c40, 7, 1;
LS_0x5763fbc29980_0_0 .concat8 [ 1 1 1 1], v0x5763fbba5d10_0, v0x5763fbba68b0_0, v0x5763fbba7470_0, v0x5763fbba7ff0_0;
LS_0x5763fbc29980_0_4 .concat8 [ 1 1 1 1], v0x5763fbba8bc0_0, v0x5763fbba96f0_0, v0x5763fbbaa270_0, v0x5763fbbaadf0_0;
L_0x5763fbc29980 .concat8 [ 4 4 0 0], LS_0x5763fbc29980_0_0, LS_0x5763fbc29980_0_4;
S_0x5763fbba5480 .scope generate, "genblk1[0]" "genblk1[0]" 7 12, 7 12 0, S_0x5763fbba51f0;
 .timescale 0 0;
P_0x5763fbba56a0 .param/l "i" 1 7 12, +C4<00>;
S_0x5763fbba5780 .scope module, "dff" "D_ff" 7 13, 8 1 0, S_0x5763fbba5480;
 .timescale 0 0;
    .port_info 0 /INPUT 1 "clk";
    .port_info 1 /INPUT 1 "chipSelect";
    .port_info 2 /INPUT 1 "reset";
    .port_info 3 /INPUT 1 "regWrite";
    .port_info 4 /INPUT 1 "enable";
    .port_info 5 /INPUT 1 "d";
    .port_info 6 /OUTPUT 1 "q";
v0x5763fbba5a50_0 .net "chipSelect", 0 0, v0x5763fbc186d0_0;  alias, 1 drivers
v0x5763fbba5b10_0 .net "clk", 0 0, v0x5763fbc18790_0;  alias, 1 drivers
v0x5763fbba5bd0_0 .net "d", 0 0, L_0x5763fbc29150;  1 drivers
v0x5763fbba5c70_0 .net "enable", 0 0, L_0x5763fbc29ba0;  alias, 1 drivers
v0x5763fbba5d10_0 .var "q", 0 0;
v0x5763fbba5e20_0 .net "regWrite", 0 0, v0x5763fbc18b00_0;  alias, 1 drivers
v0x5763fbba5ec0_0 .net "reset", 0 0, v0x5763fbc189c0_0;  alias, 1 drivers
S_0x5763fbba6080 .scope generate, "genblk1[1]" "genblk1[1]" 7 12, 7 12 0, S_0x5763fbba51f0;
 .timescale 0 0;
P_0x5763fbba62a0 .param/l "i" 1 7 12, +C4<01>;
S_0x5763fbba6360 .scope module, "dff" "D_ff" 7 13, 8 1 0, S_0x5763fbba6080;
 .timescale 0 0;
    .port_info 0 /INPUT 1 "clk";
    .port_info 1 /INPUT 1 "chipSelect";
    .port_info 2 /INPUT 1 "reset";
    .port_info 3 /INPUT 1 "regWrite";
    .port_info 4 /INPUT 1 "enable";
    .port_info 5 /INPUT 1 "d";
    .port_info 6 /OUTPUT 1 "q";
v0x5763fbba65f0_0 .net "chipSelect", 0 0, v0x5763fbc186d0_0;  alias, 1 drivers
v0x5763fbba66b0_0 .net "clk", 0 0, v0x5763fbc18790_0;  alias, 1 drivers
v0x5763fbba6770_0 .net "d", 0 0, L_0x5763fbc29250;  1 drivers
v0x5763fbba6810_0 .net "enable", 0 0, L_0x5763fbc29ba0;  alias, 1 drivers
v0x5763fbba68b0_0 .var "q", 0 0;
v0x5763fbba69a0_0 .net "regWrite", 0 0, v0x5763fbc18b00_0;  alias, 1 drivers
v0x5763fbba6a40_0 .net "reset", 0 0, v0x5763fbc189c0_0;  alias, 1 drivers
S_0x5763fbba6be0 .scope generate, "genblk1[2]" "genblk1[2]" 7 12, 7 12 0, S_0x5763fbba51f0;
 .timescale 0 0;
P_0x5763fbba6de0 .param/l "i" 1 7 12, +C4<010>;
S_0x5763fbba6ea0 .scope module, "dff" "D_ff" 7 13, 8 1 0, S_0x5763fbba6be0;
 .timescale 0 0;
    .port_info 0 /INPUT 1 "clk";
    .port_info 1 /INPUT 1 "chipSelect";
    .port_info 2 /INPUT 1 "reset";
    .port_info 3 /INPUT 1 "regWrite";
    .port_info 4 /INPUT 1 "enable";
    .port_info 5 /INPUT 1 "d";
    .port_info 6 /OUTPUT 1 "q";
v0x5763fbba7130_0 .net "chipSelect", 0 0, v0x5763fbc186d0_0;  alias, 1 drivers
v0x5763fbba71f0_0 .net "clk", 0 0, v0x5763fbc18790_0;  alias, 1 drivers
v0x5763fbba72b0_0 .net "d", 0 0, L_0x5763fbc29370;  1 drivers
v0x5763fbba7380_0 .net "enable", 0 0, L_0x5763fbc29ba0;  alias, 1 drivers
v0x5763fbba7470_0 .var "q", 0 0;
v0x5763fbba7560_0 .net "regWrite", 0 0, v0x5763fbc18b00_0;  alias, 1 drivers
v0x5763fbba7600_0 .net "reset", 0 0, v0x5763fbc189c0_0;  alias, 1 drivers
S_0x5763fbba77c0 .scope generate, "genblk1[3]" "genblk1[3]" 7 12, 7 12 0, S_0x5763fbba51f0;
 .timescale 0 0;
P_0x5763fbba79c0 .param/l "i" 1 7 12, +C4<011>;
S_0x5763fbba7aa0 .scope module, "dff" "D_ff" 7 13, 8 1 0, S_0x5763fbba77c0;
 .timescale 0 0;
    .port_info 0 /INPUT 1 "clk";
    .port_info 1 /INPUT 1 "chipSelect";
    .port_info 2 /INPUT 1 "reset";
    .port_info 3 /INPUT 1 "regWrite";
    .port_info 4 /INPUT 1 "enable";
    .port_info 5 /INPUT 1 "d";
    .port_info 6 /OUTPUT 1 "q";
v0x5763fbba7d30_0 .net "chipSelect", 0 0, v0x5763fbc186d0_0;  alias, 1 drivers
v0x5763fbba7df0_0 .net "clk", 0 0, v0x5763fbc18790_0;  alias, 1 drivers
v0x5763fbba7eb0_0 .net "d", 0 0, L_0x5763fbc29410;  1 drivers
v0x5763fbba7f50_0 .net "enable", 0 0, L_0x5763fbc29ba0;  alias, 1 drivers
v0x5763fbba7ff0_0 .var "q", 0 0;
v0x5763fbba80e0_0 .net "regWrite", 0 0, v0x5763fbc18b00_0;  alias, 1 drivers
v0x5763fbba8180_0 .net "reset", 0 0, v0x5763fbc189c0_0;  alias, 1 drivers
S_0x5763fbba8340 .scope generate, "genblk1[4]" "genblk1[4]" 7 12, 7 12 0, S_0x5763fbba51f0;
 .timescale 0 0;
P_0x5763fbba8590 .param/l "i" 1 7 12, +C4<0100>;
S_0x5763fbba8670 .scope module, "dff" "D_ff" 7 13, 8 1 0, S_0x5763fbba8340;
 .timescale 0 0;
    .port_info 0 /INPUT 1 "clk";
    .port_info 1 /INPUT 1 "chipSelect";
    .port_info 2 /INPUT 1 "reset";
    .port_info 3 /INPUT 1 "regWrite";
    .port_info 4 /INPUT 1 "enable";
    .port_info 5 /INPUT 1 "d";
    .port_info 6 /OUTPUT 1 "q";
v0x5763fbba8900_0 .net "chipSelect", 0 0, v0x5763fbc186d0_0;  alias, 1 drivers
v0x5763fbba89c0_0 .net "clk", 0 0, v0x5763fbc18790_0;  alias, 1 drivers
v0x5763fbba8a80_0 .net "d", 0 0, L_0x5763fbc29510;  1 drivers
v0x5763fbba8b20_0 .net "enable", 0 0, L_0x5763fbc29ba0;  alias, 1 drivers
v0x5763fbba8bc0_0 .var "q", 0 0;
v0x5763fbba8c60_0 .net "regWrite", 0 0, v0x5763fbc18b00_0;  alias, 1 drivers
v0x5763fbba8d00_0 .net "reset", 0 0, v0x5763fbc189c0_0;  alias, 1 drivers
S_0x5763fbba8ec0 .scope generate, "genblk1[5]" "genblk1[5]" 7 12, 7 12 0, S_0x5763fbba51f0;
 .timescale 0 0;
P_0x5763fbba90c0 .param/l "i" 1 7 12, +C4<0101>;
S_0x5763fbba91a0 .scope module, "dff" "D_ff" 7 13, 8 1 0, S_0x5763fbba8ec0;
 .timescale 0 0;
    .port_info 0 /INPUT 1 "clk";
    .port_info 1 /INPUT 1 "chipSelect";
    .port_info 2 /INPUT 1 "reset";
    .port_info 3 /INPUT 1 "regWrite";
    .port_info 4 /INPUT 1 "enable";
    .port_info 5 /INPUT 1 "d";
    .port_info 6 /OUTPUT 1 "q";
v0x5763fbba9430_0 .net "chipSelect", 0 0, v0x5763fbc186d0_0;  alias, 1 drivers
v0x5763fbba94f0_0 .net "clk", 0 0, v0x5763fbc18790_0;  alias, 1 drivers
v0x5763fbba95b0_0 .net "d", 0 0, L_0x5763fbc295e0;  1 drivers
v0x5763fbba9650_0 .net "enable", 0 0, L_0x5763fbc29ba0;  alias, 1 drivers
v0x5763fbba96f0_0 .var "q", 0 0;
v0x5763fbba97e0_0 .net "regWrite", 0 0, v0x5763fbc18b00_0;  alias, 1 drivers
v0x5763fbba9880_0 .net "reset", 0 0, v0x5763fbc189c0_0;  alias, 1 drivers
S_0x5763fbba9a40 .scope generate, "genblk1[6]" "genblk1[6]" 7 12, 7 12 0, S_0x5763fbba51f0;
 .timescale 0 0;
P_0x5763fbba9c40 .param/l "i" 1 7 12, +C4<0110>;
S_0x5763fbba9d20 .scope module, "dff" "D_ff" 7 13, 8 1 0, S_0x5763fbba9a40;
 .timescale 0 0;
    .port_info 0 /INPUT 1 "clk";
    .port_info 1 /INPUT 1 "chipSelect";
    .port_info 2 /INPUT 1 "reset";
    .port_info 3 /INPUT 1 "regWrite";
    .port_info 4 /INPUT 1 "enable";
    .port_info 5 /INPUT 1 "d";
    .port_info 6 /OUTPUT 1 "q";
v0x5763fbba9fb0_0 .net "chipSelect", 0 0, v0x5763fbc186d0_0;  alias, 1 drivers
v0x5763fbbaa070_0 .net "clk", 0 0, v0x5763fbc18790_0;  alias, 1 drivers
v0x5763fbbaa130_0 .net "d", 0 0, L_0x5763fbc296b0;  1 drivers
v0x5763fbbaa1d0_0 .net "enable", 0 0, L_0x5763fbc29ba0;  alias, 1 drivers
v0x5763fbbaa270_0 .var "q", 0 0;
v0x5763fbbaa360_0 .net "regWrite", 0 0, v0x5763fbc18b00_0;  alias, 1 drivers
v0x5763fbbaa400_0 .net "reset", 0 0, v0x5763fbc189c0_0;  alias, 1 drivers
S_0x5763fbbaa5c0 .scope generate, "genblk1[7]" "genblk1[7]" 7 12, 7 12 0, S_0x5763fbba51f0;
 .timescale 0 0;
P_0x5763fbbaa7c0 .param/l "i" 1 7 12, +C4<0111>;
S_0x5763fbbaa8a0 .scope module, "dff" "D_ff" 7 13, 8 1 0, S_0x5763fbbaa5c0;
 .timescale 0 0;
    .port_info 0 /INPUT 1 "clk";
    .port_info 1 /INPUT 1 "chipSelect";
    .port_info 2 /INPUT 1 "reset";
    .port_info 3 /INPUT 1 "regWrite";
    .port_info 4 /INPUT 1 "enable";
    .port_info 5 /INPUT 1 "d";
    .port_info 6 /OUTPUT 1 "q";
v0x5763fbbaab30_0 .net "chipSelect", 0 0, v0x5763fbc186d0_0;  alias, 1 drivers
v0x5763fbbaabf0_0 .net "clk", 0 0, v0x5763fbc18790_0;  alias, 1 drivers
v0x5763fbbaacb0_0 .net "d", 0 0, L_0x5763fbc29750;  1 drivers
v0x5763fbbaad50_0 .net "enable", 0 0, L_0x5763fbc29ba0;  alias, 1 drivers
v0x5763fbbaadf0_0 .var "q", 0 0;
v0x5763fbbaaee0_0 .net "regWrite", 0 0, v0x5763fbc18b00_0;  alias, 1 drivers
v0x5763fbbaaf80_0 .net "reset", 0 0, v0x5763fbc189c0_0;  alias, 1 drivers
S_0x5763fbbab820 .scope module, "rMem23" "register8bit" 3 57, 7 2 0, S_0x5763fbb495f0;
 .timescale 0 0;
    .port_info 0 /INPUT 1 "clk";
    .port_info 1 /INPUT 1 "chipSelect";
    .port_info 2 /INPUT 1 "reset";
    .port_info 3 /INPUT 1 "regWrite";
    .port_info 4 /INPUT 1 "enable";
    .port_info 5 /INPUT 8 "inR";
    .port_info 6 /OUTPUT 8 "outR";
v0x5763fbbb1770_0 .net "chipSelect", 0 0, v0x5763fbc186d0_0;  alias, 1 drivers
v0x5763fbbb1830_0 .net "clk", 0 0, v0x5763fbc18790_0;  alias, 1 drivers
v0x5763fbbb18f0_0 .net "enable", 0 0, L_0x5763fbc2a8b0;  1 drivers
v0x5763fbbb1aa0_0 .net "inR", 7 0, L_0x5763fbc2a950;  1 drivers
v0x5763fbbb1b40_0 .net "outR", 7 0, L_0x5763fbc2a690;  alias, 1 drivers
v0x5763fbbb1c50_0 .net "regWrite", 0 0, v0x5763fbc18b00_0;  alias, 1 drivers
v0x5763fbbb1cf0_0 .net "reset", 0 0, v0x5763fbc189c0_0;  alias, 1 drivers
L_0x5763fbc29e60 .part L_0x5763fbc2a950, 0, 1;
L_0x5763fbc29f60 .part L_0x5763fbc2a950, 1, 1;
L_0x5763fbc2a080 .part L_0x5763fbc2a950, 2, 1;
L_0x5763fbc2a120 .part L_0x5763fbc2a950, 3, 1;
L_0x5763fbc2a220 .part L_0x5763fbc2a950, 4, 1;
L_0x5763fbc2a2f0 .part L_0x5763fbc2a950, 5, 1;
L_0x5763fbc2a3c0 .part L_0x5763fbc2a950, 6, 1;
L_0x5763fbc2a460 .part L_0x5763fbc2a950, 7, 1;
LS_0x5763fbc2a690_0_0 .concat8 [ 1 1 1 1], v0x5763fbbac340_0, v0x5763fbbacee0_0, v0x5763fbbadaa0_0, v0x5763fbbae620_0;
LS_0x5763fbc2a690_0_4 .concat8 [ 1 1 1 1], v0x5763fbbaf1f0_0, v0x5763fbbafd20_0, v0x5763fbbb08a0_0, v0x5763fbbb1420_0;
L_0x5763fbc2a690 .concat8 [ 4 4 0 0], LS_0x5763fbc2a690_0_0, LS_0x5763fbc2a690_0_4;
S_0x5763fbbabab0 .scope generate, "genblk1[0]" "genblk1[0]" 7 12, 7 12 0, S_0x5763fbbab820;
 .timescale 0 0;
P_0x5763fbbabcd0 .param/l "i" 1 7 12, +C4<00>;
S_0x5763fbbabdb0 .scope module, "dff" "D_ff" 7 13, 8 1 0, S_0x5763fbbabab0;
 .timescale 0 0;
    .port_info 0 /INPUT 1 "clk";
    .port_info 1 /INPUT 1 "chipSelect";
    .port_info 2 /INPUT 1 "reset";
    .port_info 3 /INPUT 1 "regWrite";
    .port_info 4 /INPUT 1 "enable";
    .port_info 5 /INPUT 1 "d";
    .port_info 6 /OUTPUT 1 "q";
v0x5763fbbac080_0 .net "chipSelect", 0 0, v0x5763fbc186d0_0;  alias, 1 drivers
v0x5763fbbac140_0 .net "clk", 0 0, v0x5763fbc18790_0;  alias, 1 drivers
v0x5763fbbac200_0 .net "d", 0 0, L_0x5763fbc29e60;  1 drivers
v0x5763fbbac2a0_0 .net "enable", 0 0, L_0x5763fbc2a8b0;  alias, 1 drivers
v0x5763fbbac340_0 .var "q", 0 0;
v0x5763fbbac450_0 .net "regWrite", 0 0, v0x5763fbc18b00_0;  alias, 1 drivers
v0x5763fbbac4f0_0 .net "reset", 0 0, v0x5763fbc189c0_0;  alias, 1 drivers
S_0x5763fbbac6b0 .scope generate, "genblk1[1]" "genblk1[1]" 7 12, 7 12 0, S_0x5763fbbab820;
 .timescale 0 0;
P_0x5763fbbac8d0 .param/l "i" 1 7 12, +C4<01>;
S_0x5763fbbac990 .scope module, "dff" "D_ff" 7 13, 8 1 0, S_0x5763fbbac6b0;
 .timescale 0 0;
    .port_info 0 /INPUT 1 "clk";
    .port_info 1 /INPUT 1 "chipSelect";
    .port_info 2 /INPUT 1 "reset";
    .port_info 3 /INPUT 1 "regWrite";
    .port_info 4 /INPUT 1 "enable";
    .port_info 5 /INPUT 1 "d";
    .port_info 6 /OUTPUT 1 "q";
v0x5763fbbacc20_0 .net "chipSelect", 0 0, v0x5763fbc186d0_0;  alias, 1 drivers
v0x5763fbbacce0_0 .net "clk", 0 0, v0x5763fbc18790_0;  alias, 1 drivers
v0x5763fbbacda0_0 .net "d", 0 0, L_0x5763fbc29f60;  1 drivers
v0x5763fbbace40_0 .net "enable", 0 0, L_0x5763fbc2a8b0;  alias, 1 drivers
v0x5763fbbacee0_0 .var "q", 0 0;
v0x5763fbbacfd0_0 .net "regWrite", 0 0, v0x5763fbc18b00_0;  alias, 1 drivers
v0x5763fbbad070_0 .net "reset", 0 0, v0x5763fbc189c0_0;  alias, 1 drivers
S_0x5763fbbad210 .scope generate, "genblk1[2]" "genblk1[2]" 7 12, 7 12 0, S_0x5763fbbab820;
 .timescale 0 0;
P_0x5763fbbad410 .param/l "i" 1 7 12, +C4<010>;
S_0x5763fbbad4d0 .scope module, "dff" "D_ff" 7 13, 8 1 0, S_0x5763fbbad210;
 .timescale 0 0;
    .port_info 0 /INPUT 1 "clk";
    .port_info 1 /INPUT 1 "chipSelect";
    .port_info 2 /INPUT 1 "reset";
    .port_info 3 /INPUT 1 "regWrite";
    .port_info 4 /INPUT 1 "enable";
    .port_info 5 /INPUT 1 "d";
    .port_info 6 /OUTPUT 1 "q";
v0x5763fbbad760_0 .net "chipSelect", 0 0, v0x5763fbc186d0_0;  alias, 1 drivers
v0x5763fbbad820_0 .net "clk", 0 0, v0x5763fbc18790_0;  alias, 1 drivers
v0x5763fbbad8e0_0 .net "d", 0 0, L_0x5763fbc2a080;  1 drivers
v0x5763fbbad9b0_0 .net "enable", 0 0, L_0x5763fbc2a8b0;  alias, 1 drivers
v0x5763fbbadaa0_0 .var "q", 0 0;
v0x5763fbbadb90_0 .net "regWrite", 0 0, v0x5763fbc18b00_0;  alias, 1 drivers
v0x5763fbbadc30_0 .net "reset", 0 0, v0x5763fbc189c0_0;  alias, 1 drivers
S_0x5763fbbaddf0 .scope generate, "genblk1[3]" "genblk1[3]" 7 12, 7 12 0, S_0x5763fbbab820;
 .timescale 0 0;
P_0x5763fbbadff0 .param/l "i" 1 7 12, +C4<011>;
S_0x5763fbbae0d0 .scope module, "dff" "D_ff" 7 13, 8 1 0, S_0x5763fbbaddf0;
 .timescale 0 0;
    .port_info 0 /INPUT 1 "clk";
    .port_info 1 /INPUT 1 "chipSelect";
    .port_info 2 /INPUT 1 "reset";
    .port_info 3 /INPUT 1 "regWrite";
    .port_info 4 /INPUT 1 "enable";
    .port_info 5 /INPUT 1 "d";
    .port_info 6 /OUTPUT 1 "q";
v0x5763fbbae360_0 .net "chipSelect", 0 0, v0x5763fbc186d0_0;  alias, 1 drivers
v0x5763fbbae420_0 .net "clk", 0 0, v0x5763fbc18790_0;  alias, 1 drivers
v0x5763fbbae4e0_0 .net "d", 0 0, L_0x5763fbc2a120;  1 drivers
v0x5763fbbae580_0 .net "enable", 0 0, L_0x5763fbc2a8b0;  alias, 1 drivers
v0x5763fbbae620_0 .var "q", 0 0;
v0x5763fbbae710_0 .net "regWrite", 0 0, v0x5763fbc18b00_0;  alias, 1 drivers
v0x5763fbbae7b0_0 .net "reset", 0 0, v0x5763fbc189c0_0;  alias, 1 drivers
S_0x5763fbbae970 .scope generate, "genblk1[4]" "genblk1[4]" 7 12, 7 12 0, S_0x5763fbbab820;
 .timescale 0 0;
P_0x5763fbbaebc0 .param/l "i" 1 7 12, +C4<0100>;
S_0x5763fbbaeca0 .scope module, "dff" "D_ff" 7 13, 8 1 0, S_0x5763fbbae970;
 .timescale 0 0;
    .port_info 0 /INPUT 1 "clk";
    .port_info 1 /INPUT 1 "chipSelect";
    .port_info 2 /INPUT 1 "reset";
    .port_info 3 /INPUT 1 "regWrite";
    .port_info 4 /INPUT 1 "enable";
    .port_info 5 /INPUT 1 "d";
    .port_info 6 /OUTPUT 1 "q";
v0x5763fbbaef30_0 .net "chipSelect", 0 0, v0x5763fbc186d0_0;  alias, 1 drivers
v0x5763fbbaeff0_0 .net "clk", 0 0, v0x5763fbc18790_0;  alias, 1 drivers
v0x5763fbbaf0b0_0 .net "d", 0 0, L_0x5763fbc2a220;  1 drivers
v0x5763fbbaf150_0 .net "enable", 0 0, L_0x5763fbc2a8b0;  alias, 1 drivers
v0x5763fbbaf1f0_0 .var "q", 0 0;
v0x5763fbbaf290_0 .net "regWrite", 0 0, v0x5763fbc18b00_0;  alias, 1 drivers
v0x5763fbbaf330_0 .net "reset", 0 0, v0x5763fbc189c0_0;  alias, 1 drivers
S_0x5763fbbaf4f0 .scope generate, "genblk1[5]" "genblk1[5]" 7 12, 7 12 0, S_0x5763fbbab820;
 .timescale 0 0;
P_0x5763fbbaf6f0 .param/l "i" 1 7 12, +C4<0101>;
S_0x5763fbbaf7d0 .scope module, "dff" "D_ff" 7 13, 8 1 0, S_0x5763fbbaf4f0;
 .timescale 0 0;
    .port_info 0 /INPUT 1 "clk";
    .port_info 1 /INPUT 1 "chipSelect";
    .port_info 2 /INPUT 1 "reset";
    .port_info 3 /INPUT 1 "regWrite";
    .port_info 4 /INPUT 1 "enable";
    .port_info 5 /INPUT 1 "d";
    .port_info 6 /OUTPUT 1 "q";
v0x5763fbbafa60_0 .net "chipSelect", 0 0, v0x5763fbc186d0_0;  alias, 1 drivers
v0x5763fbbafb20_0 .net "clk", 0 0, v0x5763fbc18790_0;  alias, 1 drivers
v0x5763fbbafbe0_0 .net "d", 0 0, L_0x5763fbc2a2f0;  1 drivers
v0x5763fbbafc80_0 .net "enable", 0 0, L_0x5763fbc2a8b0;  alias, 1 drivers
v0x5763fbbafd20_0 .var "q", 0 0;
v0x5763fbbafe10_0 .net "regWrite", 0 0, v0x5763fbc18b00_0;  alias, 1 drivers
v0x5763fbbafeb0_0 .net "reset", 0 0, v0x5763fbc189c0_0;  alias, 1 drivers
S_0x5763fbbb0070 .scope generate, "genblk1[6]" "genblk1[6]" 7 12, 7 12 0, S_0x5763fbbab820;
 .timescale 0 0;
P_0x5763fbbb0270 .param/l "i" 1 7 12, +C4<0110>;
S_0x5763fbbb0350 .scope module, "dff" "D_ff" 7 13, 8 1 0, S_0x5763fbbb0070;
 .timescale 0 0;
    .port_info 0 /INPUT 1 "clk";
    .port_info 1 /INPUT 1 "chipSelect";
    .port_info 2 /INPUT 1 "reset";
    .port_info 3 /INPUT 1 "regWrite";
    .port_info 4 /INPUT 1 "enable";
    .port_info 5 /INPUT 1 "d";
    .port_info 6 /OUTPUT 1 "q";
v0x5763fbbb05e0_0 .net "chipSelect", 0 0, v0x5763fbc186d0_0;  alias, 1 drivers
v0x5763fbbb06a0_0 .net "clk", 0 0, v0x5763fbc18790_0;  alias, 1 drivers
v0x5763fbbb0760_0 .net "d", 0 0, L_0x5763fbc2a3c0;  1 drivers
v0x5763fbbb0800_0 .net "enable", 0 0, L_0x5763fbc2a8b0;  alias, 1 drivers
v0x5763fbbb08a0_0 .var "q", 0 0;
v0x5763fbbb0990_0 .net "regWrite", 0 0, v0x5763fbc18b00_0;  alias, 1 drivers
v0x5763fbbb0a30_0 .net "reset", 0 0, v0x5763fbc189c0_0;  alias, 1 drivers
S_0x5763fbbb0bf0 .scope generate, "genblk1[7]" "genblk1[7]" 7 12, 7 12 0, S_0x5763fbbab820;
 .timescale 0 0;
P_0x5763fbbb0df0 .param/l "i" 1 7 12, +C4<0111>;
S_0x5763fbbb0ed0 .scope module, "dff" "D_ff" 7 13, 8 1 0, S_0x5763fbbb0bf0;
 .timescale 0 0;
    .port_info 0 /INPUT 1 "clk";
    .port_info 1 /INPUT 1 "chipSelect";
    .port_info 2 /INPUT 1 "reset";
    .port_info 3 /INPUT 1 "regWrite";
    .port_info 4 /INPUT 1 "enable";
    .port_info 5 /INPUT 1 "d";
    .port_info 6 /OUTPUT 1 "q";
v0x5763fbbb1160_0 .net "chipSelect", 0 0, v0x5763fbc186d0_0;  alias, 1 drivers
v0x5763fbbb1220_0 .net "clk", 0 0, v0x5763fbc18790_0;  alias, 1 drivers
v0x5763fbbb12e0_0 .net "d", 0 0, L_0x5763fbc2a460;  1 drivers
v0x5763fbbb1380_0 .net "enable", 0 0, L_0x5763fbc2a8b0;  alias, 1 drivers
v0x5763fbbb1420_0 .var "q", 0 0;
v0x5763fbbb1510_0 .net "regWrite", 0 0, v0x5763fbc18b00_0;  alias, 1 drivers
v0x5763fbbb15b0_0 .net "reset", 0 0, v0x5763fbc189c0_0;  alias, 1 drivers
S_0x5763fbbb1e50 .scope module, "rMem24" "register8bit" 3 59, 7 2 0, S_0x5763fbb495f0;
 .timescale 0 0;
    .port_info 0 /INPUT 1 "clk";
    .port_info 1 /INPUT 1 "chipSelect";
    .port_info 2 /INPUT 1 "reset";
    .port_info 3 /INPUT 1 "regWrite";
    .port_info 4 /INPUT 1 "enable";
    .port_info 5 /INPUT 8 "inR";
    .port_info 6 /OUTPUT 8 "outR";
v0x5763fbbb7da0_0 .net "chipSelect", 0 0, v0x5763fbc186d0_0;  alias, 1 drivers
v0x5763fbbb7e60_0 .net "clk", 0 0, v0x5763fbc18790_0;  alias, 1 drivers
v0x5763fbbb7f20_0 .net "enable", 0 0, L_0x5763fbc2b5d0;  1 drivers
v0x5763fbbb80d0_0 .net "inR", 7 0, L_0x5763fbc2b670;  1 drivers
v0x5763fbbb8170_0 .net "outR", 7 0, L_0x5763fbc2b3b0;  alias, 1 drivers
v0x5763fbbb8280_0 .net "regWrite", 0 0, v0x5763fbc18b00_0;  alias, 1 drivers
v0x5763fbbb8320_0 .net "reset", 0 0, v0x5763fbc189c0_0;  alias, 1 drivers
L_0x5763fbc2ab80 .part L_0x5763fbc2b670, 0, 1;
L_0x5763fbc2ac80 .part L_0x5763fbc2b670, 1, 1;
L_0x5763fbc2ada0 .part L_0x5763fbc2b670, 2, 1;
L_0x5763fbc2ae40 .part L_0x5763fbc2b670, 3, 1;
L_0x5763fbc2af40 .part L_0x5763fbc2b670, 4, 1;
L_0x5763fbc2b010 .part L_0x5763fbc2b670, 5, 1;
L_0x5763fbc2b0e0 .part L_0x5763fbc2b670, 6, 1;
L_0x5763fbc2b180 .part L_0x5763fbc2b670, 7, 1;
LS_0x5763fbc2b3b0_0_0 .concat8 [ 1 1 1 1], v0x5763fbbb2970_0, v0x5763fbbb3510_0, v0x5763fbbb40d0_0, v0x5763fbbb4c50_0;
LS_0x5763fbc2b3b0_0_4 .concat8 [ 1 1 1 1], v0x5763fbbb5820_0, v0x5763fbbb6350_0, v0x5763fbbb6ed0_0, v0x5763fbbb7a50_0;
L_0x5763fbc2b3b0 .concat8 [ 4 4 0 0], LS_0x5763fbc2b3b0_0_0, LS_0x5763fbc2b3b0_0_4;
S_0x5763fbbb20e0 .scope generate, "genblk1[0]" "genblk1[0]" 7 12, 7 12 0, S_0x5763fbbb1e50;
 .timescale 0 0;
P_0x5763fbbb2300 .param/l "i" 1 7 12, +C4<00>;
S_0x5763fbbb23e0 .scope module, "dff" "D_ff" 7 13, 8 1 0, S_0x5763fbbb20e0;
 .timescale 0 0;
    .port_info 0 /INPUT 1 "clk";
    .port_info 1 /INPUT 1 "chipSelect";
    .port_info 2 /INPUT 1 "reset";
    .port_info 3 /INPUT 1 "regWrite";
    .port_info 4 /INPUT 1 "enable";
    .port_info 5 /INPUT 1 "d";
    .port_info 6 /OUTPUT 1 "q";
v0x5763fbbb26b0_0 .net "chipSelect", 0 0, v0x5763fbc186d0_0;  alias, 1 drivers
v0x5763fbbb2770_0 .net "clk", 0 0, v0x5763fbc18790_0;  alias, 1 drivers
v0x5763fbbb2830_0 .net "d", 0 0, L_0x5763fbc2ab80;  1 drivers
v0x5763fbbb28d0_0 .net "enable", 0 0, L_0x5763fbc2b5d0;  alias, 1 drivers
v0x5763fbbb2970_0 .var "q", 0 0;
v0x5763fbbb2a80_0 .net "regWrite", 0 0, v0x5763fbc18b00_0;  alias, 1 drivers
v0x5763fbbb2b20_0 .net "reset", 0 0, v0x5763fbc189c0_0;  alias, 1 drivers
S_0x5763fbbb2ce0 .scope generate, "genblk1[1]" "genblk1[1]" 7 12, 7 12 0, S_0x5763fbbb1e50;
 .timescale 0 0;
P_0x5763fbbb2f00 .param/l "i" 1 7 12, +C4<01>;
S_0x5763fbbb2fc0 .scope module, "dff" "D_ff" 7 13, 8 1 0, S_0x5763fbbb2ce0;
 .timescale 0 0;
    .port_info 0 /INPUT 1 "clk";
    .port_info 1 /INPUT 1 "chipSelect";
    .port_info 2 /INPUT 1 "reset";
    .port_info 3 /INPUT 1 "regWrite";
    .port_info 4 /INPUT 1 "enable";
    .port_info 5 /INPUT 1 "d";
    .port_info 6 /OUTPUT 1 "q";
v0x5763fbbb3250_0 .net "chipSelect", 0 0, v0x5763fbc186d0_0;  alias, 1 drivers
v0x5763fbbb3310_0 .net "clk", 0 0, v0x5763fbc18790_0;  alias, 1 drivers
v0x5763fbbb33d0_0 .net "d", 0 0, L_0x5763fbc2ac80;  1 drivers
v0x5763fbbb3470_0 .net "enable", 0 0, L_0x5763fbc2b5d0;  alias, 1 drivers
v0x5763fbbb3510_0 .var "q", 0 0;
v0x5763fbbb3600_0 .net "regWrite", 0 0, v0x5763fbc18b00_0;  alias, 1 drivers
v0x5763fbbb36a0_0 .net "reset", 0 0, v0x5763fbc189c0_0;  alias, 1 drivers
S_0x5763fbbb3840 .scope generate, "genblk1[2]" "genblk1[2]" 7 12, 7 12 0, S_0x5763fbbb1e50;
 .timescale 0 0;
P_0x5763fbbb3a40 .param/l "i" 1 7 12, +C4<010>;
S_0x5763fbbb3b00 .scope module, "dff" "D_ff" 7 13, 8 1 0, S_0x5763fbbb3840;
 .timescale 0 0;
    .port_info 0 /INPUT 1 "clk";
    .port_info 1 /INPUT 1 "chipSelect";
    .port_info 2 /INPUT 1 "reset";
    .port_info 3 /INPUT 1 "regWrite";
    .port_info 4 /INPUT 1 "enable";
    .port_info 5 /INPUT 1 "d";
    .port_info 6 /OUTPUT 1 "q";
v0x5763fbbb3d90_0 .net "chipSelect", 0 0, v0x5763fbc186d0_0;  alias, 1 drivers
v0x5763fbbb3e50_0 .net "clk", 0 0, v0x5763fbc18790_0;  alias, 1 drivers
v0x5763fbbb3f10_0 .net "d", 0 0, L_0x5763fbc2ada0;  1 drivers
v0x5763fbbb3fe0_0 .net "enable", 0 0, L_0x5763fbc2b5d0;  alias, 1 drivers
v0x5763fbbb40d0_0 .var "q", 0 0;
v0x5763fbbb41c0_0 .net "regWrite", 0 0, v0x5763fbc18b00_0;  alias, 1 drivers
v0x5763fbbb4260_0 .net "reset", 0 0, v0x5763fbc189c0_0;  alias, 1 drivers
S_0x5763fbbb4420 .scope generate, "genblk1[3]" "genblk1[3]" 7 12, 7 12 0, S_0x5763fbbb1e50;
 .timescale 0 0;
P_0x5763fbbb4620 .param/l "i" 1 7 12, +C4<011>;
S_0x5763fbbb4700 .scope module, "dff" "D_ff" 7 13, 8 1 0, S_0x5763fbbb4420;
 .timescale 0 0;
    .port_info 0 /INPUT 1 "clk";
    .port_info 1 /INPUT 1 "chipSelect";
    .port_info 2 /INPUT 1 "reset";
    .port_info 3 /INPUT 1 "regWrite";
    .port_info 4 /INPUT 1 "enable";
    .port_info 5 /INPUT 1 "d";
    .port_info 6 /OUTPUT 1 "q";
v0x5763fbbb4990_0 .net "chipSelect", 0 0, v0x5763fbc186d0_0;  alias, 1 drivers
v0x5763fbbb4a50_0 .net "clk", 0 0, v0x5763fbc18790_0;  alias, 1 drivers
v0x5763fbbb4b10_0 .net "d", 0 0, L_0x5763fbc2ae40;  1 drivers
v0x5763fbbb4bb0_0 .net "enable", 0 0, L_0x5763fbc2b5d0;  alias, 1 drivers
v0x5763fbbb4c50_0 .var "q", 0 0;
v0x5763fbbb4d40_0 .net "regWrite", 0 0, v0x5763fbc18b00_0;  alias, 1 drivers
v0x5763fbbb4de0_0 .net "reset", 0 0, v0x5763fbc189c0_0;  alias, 1 drivers
S_0x5763fbbb4fa0 .scope generate, "genblk1[4]" "genblk1[4]" 7 12, 7 12 0, S_0x5763fbbb1e50;
 .timescale 0 0;
P_0x5763fbbb51f0 .param/l "i" 1 7 12, +C4<0100>;
S_0x5763fbbb52d0 .scope module, "dff" "D_ff" 7 13, 8 1 0, S_0x5763fbbb4fa0;
 .timescale 0 0;
    .port_info 0 /INPUT 1 "clk";
    .port_info 1 /INPUT 1 "chipSelect";
    .port_info 2 /INPUT 1 "reset";
    .port_info 3 /INPUT 1 "regWrite";
    .port_info 4 /INPUT 1 "enable";
    .port_info 5 /INPUT 1 "d";
    .port_info 6 /OUTPUT 1 "q";
v0x5763fbbb5560_0 .net "chipSelect", 0 0, v0x5763fbc186d0_0;  alias, 1 drivers
v0x5763fbbb5620_0 .net "clk", 0 0, v0x5763fbc18790_0;  alias, 1 drivers
v0x5763fbbb56e0_0 .net "d", 0 0, L_0x5763fbc2af40;  1 drivers
v0x5763fbbb5780_0 .net "enable", 0 0, L_0x5763fbc2b5d0;  alias, 1 drivers
v0x5763fbbb5820_0 .var "q", 0 0;
v0x5763fbbb58c0_0 .net "regWrite", 0 0, v0x5763fbc18b00_0;  alias, 1 drivers
v0x5763fbbb5960_0 .net "reset", 0 0, v0x5763fbc189c0_0;  alias, 1 drivers
S_0x5763fbbb5b20 .scope generate, "genblk1[5]" "genblk1[5]" 7 12, 7 12 0, S_0x5763fbbb1e50;
 .timescale 0 0;
P_0x5763fbbb5d20 .param/l "i" 1 7 12, +C4<0101>;
S_0x5763fbbb5e00 .scope module, "dff" "D_ff" 7 13, 8 1 0, S_0x5763fbbb5b20;
 .timescale 0 0;
    .port_info 0 /INPUT 1 "clk";
    .port_info 1 /INPUT 1 "chipSelect";
    .port_info 2 /INPUT 1 "reset";
    .port_info 3 /INPUT 1 "regWrite";
    .port_info 4 /INPUT 1 "enable";
    .port_info 5 /INPUT 1 "d";
    .port_info 6 /OUTPUT 1 "q";
v0x5763fbbb6090_0 .net "chipSelect", 0 0, v0x5763fbc186d0_0;  alias, 1 drivers
v0x5763fbbb6150_0 .net "clk", 0 0, v0x5763fbc18790_0;  alias, 1 drivers
v0x5763fbbb6210_0 .net "d", 0 0, L_0x5763fbc2b010;  1 drivers
v0x5763fbbb62b0_0 .net "enable", 0 0, L_0x5763fbc2b5d0;  alias, 1 drivers
v0x5763fbbb6350_0 .var "q", 0 0;
v0x5763fbbb6440_0 .net "regWrite", 0 0, v0x5763fbc18b00_0;  alias, 1 drivers
v0x5763fbbb64e0_0 .net "reset", 0 0, v0x5763fbc189c0_0;  alias, 1 drivers
S_0x5763fbbb66a0 .scope generate, "genblk1[6]" "genblk1[6]" 7 12, 7 12 0, S_0x5763fbbb1e50;
 .timescale 0 0;
P_0x5763fbbb68a0 .param/l "i" 1 7 12, +C4<0110>;
S_0x5763fbbb6980 .scope module, "dff" "D_ff" 7 13, 8 1 0, S_0x5763fbbb66a0;
 .timescale 0 0;
    .port_info 0 /INPUT 1 "clk";
    .port_info 1 /INPUT 1 "chipSelect";
    .port_info 2 /INPUT 1 "reset";
    .port_info 3 /INPUT 1 "regWrite";
    .port_info 4 /INPUT 1 "enable";
    .port_info 5 /INPUT 1 "d";
    .port_info 6 /OUTPUT 1 "q";
v0x5763fbbb6c10_0 .net "chipSelect", 0 0, v0x5763fbc186d0_0;  alias, 1 drivers
v0x5763fbbb6cd0_0 .net "clk", 0 0, v0x5763fbc18790_0;  alias, 1 drivers
v0x5763fbbb6d90_0 .net "d", 0 0, L_0x5763fbc2b0e0;  1 drivers
v0x5763fbbb6e30_0 .net "enable", 0 0, L_0x5763fbc2b5d0;  alias, 1 drivers
v0x5763fbbb6ed0_0 .var "q", 0 0;
v0x5763fbbb6fc0_0 .net "regWrite", 0 0, v0x5763fbc18b00_0;  alias, 1 drivers
v0x5763fbbb7060_0 .net "reset", 0 0, v0x5763fbc189c0_0;  alias, 1 drivers
S_0x5763fbbb7220 .scope generate, "genblk1[7]" "genblk1[7]" 7 12, 7 12 0, S_0x5763fbbb1e50;
 .timescale 0 0;
P_0x5763fbbb7420 .param/l "i" 1 7 12, +C4<0111>;
S_0x5763fbbb7500 .scope module, "dff" "D_ff" 7 13, 8 1 0, S_0x5763fbbb7220;
 .timescale 0 0;
    .port_info 0 /INPUT 1 "clk";
    .port_info 1 /INPUT 1 "chipSelect";
    .port_info 2 /INPUT 1 "reset";
    .port_info 3 /INPUT 1 "regWrite";
    .port_info 4 /INPUT 1 "enable";
    .port_info 5 /INPUT 1 "d";
    .port_info 6 /OUTPUT 1 "q";
v0x5763fbbb7790_0 .net "chipSelect", 0 0, v0x5763fbc186d0_0;  alias, 1 drivers
v0x5763fbbb7850_0 .net "clk", 0 0, v0x5763fbc18790_0;  alias, 1 drivers
v0x5763fbbb7910_0 .net "d", 0 0, L_0x5763fbc2b180;  1 drivers
v0x5763fbbb79b0_0 .net "enable", 0 0, L_0x5763fbc2b5d0;  alias, 1 drivers
v0x5763fbbb7a50_0 .var "q", 0 0;
v0x5763fbbb7b40_0 .net "regWrite", 0 0, v0x5763fbc18b00_0;  alias, 1 drivers
v0x5763fbbb7be0_0 .net "reset", 0 0, v0x5763fbc189c0_0;  alias, 1 drivers
S_0x5763fbbb8480 .scope module, "rMem25" "register8bit" 3 60, 7 2 0, S_0x5763fbb495f0;
 .timescale 0 0;
    .port_info 0 /INPUT 1 "clk";
    .port_info 1 /INPUT 1 "chipSelect";
    .port_info 2 /INPUT 1 "reset";
    .port_info 3 /INPUT 1 "regWrite";
    .port_info 4 /INPUT 1 "enable";
    .port_info 5 /INPUT 8 "inR";
    .port_info 6 /OUTPUT 8 "outR";
v0x5763fbbbe3d0_0 .net "chipSelect", 0 0, v0x5763fbc186d0_0;  alias, 1 drivers
v0x5763fbbbe490_0 .net "clk", 0 0, v0x5763fbc18790_0;  alias, 1 drivers
v0x5763fbbbe550_0 .net "enable", 0 0, L_0x5763fbc2c300;  1 drivers
v0x5763fbbbe700_0 .net "inR", 7 0, L_0x5763fbc2c3a0;  1 drivers
v0x5763fbbbe7a0_0 .net "outR", 7 0, L_0x5763fbc2c0e0;  alias, 1 drivers
v0x5763fbbbe8b0_0 .net "regWrite", 0 0, v0x5763fbc18b00_0;  alias, 1 drivers
v0x5763fbbbe950_0 .net "reset", 0 0, v0x5763fbc189c0_0;  alias, 1 drivers
L_0x5763fbc2b8b0 .part L_0x5763fbc2c3a0, 0, 1;
L_0x5763fbc2b9b0 .part L_0x5763fbc2c3a0, 1, 1;
L_0x5763fbc2bad0 .part L_0x5763fbc2c3a0, 2, 1;
L_0x5763fbc2bb70 .part L_0x5763fbc2c3a0, 3, 1;
L_0x5763fbc2bc70 .part L_0x5763fbc2c3a0, 4, 1;
L_0x5763fbc2bd40 .part L_0x5763fbc2c3a0, 5, 1;
L_0x5763fbc2be10 .part L_0x5763fbc2c3a0, 6, 1;
L_0x5763fbc2beb0 .part L_0x5763fbc2c3a0, 7, 1;
LS_0x5763fbc2c0e0_0_0 .concat8 [ 1 1 1 1], v0x5763fbbb8fa0_0, v0x5763fbbb9b40_0, v0x5763fbbba700_0, v0x5763fbbbb280_0;
LS_0x5763fbc2c0e0_0_4 .concat8 [ 1 1 1 1], v0x5763fbbbbe50_0, v0x5763fbbbc980_0, v0x5763fbbbd500_0, v0x5763fbbbe080_0;
L_0x5763fbc2c0e0 .concat8 [ 4 4 0 0], LS_0x5763fbc2c0e0_0_0, LS_0x5763fbc2c0e0_0_4;
S_0x5763fbbb8710 .scope generate, "genblk1[0]" "genblk1[0]" 7 12, 7 12 0, S_0x5763fbbb8480;
 .timescale 0 0;
P_0x5763fbbb8930 .param/l "i" 1 7 12, +C4<00>;
S_0x5763fbbb8a10 .scope module, "dff" "D_ff" 7 13, 8 1 0, S_0x5763fbbb8710;
 .timescale 0 0;
    .port_info 0 /INPUT 1 "clk";
    .port_info 1 /INPUT 1 "chipSelect";
    .port_info 2 /INPUT 1 "reset";
    .port_info 3 /INPUT 1 "regWrite";
    .port_info 4 /INPUT 1 "enable";
    .port_info 5 /INPUT 1 "d";
    .port_info 6 /OUTPUT 1 "q";
v0x5763fbbb8ce0_0 .net "chipSelect", 0 0, v0x5763fbc186d0_0;  alias, 1 drivers
v0x5763fbbb8da0_0 .net "clk", 0 0, v0x5763fbc18790_0;  alias, 1 drivers
v0x5763fbbb8e60_0 .net "d", 0 0, L_0x5763fbc2b8b0;  1 drivers
v0x5763fbbb8f00_0 .net "enable", 0 0, L_0x5763fbc2c300;  alias, 1 drivers
v0x5763fbbb8fa0_0 .var "q", 0 0;
v0x5763fbbb90b0_0 .net "regWrite", 0 0, v0x5763fbc18b00_0;  alias, 1 drivers
v0x5763fbbb9150_0 .net "reset", 0 0, v0x5763fbc189c0_0;  alias, 1 drivers
S_0x5763fbbb9310 .scope generate, "genblk1[1]" "genblk1[1]" 7 12, 7 12 0, S_0x5763fbbb8480;
 .timescale 0 0;
P_0x5763fbbb9530 .param/l "i" 1 7 12, +C4<01>;
S_0x5763fbbb95f0 .scope module, "dff" "D_ff" 7 13, 8 1 0, S_0x5763fbbb9310;
 .timescale 0 0;
    .port_info 0 /INPUT 1 "clk";
    .port_info 1 /INPUT 1 "chipSelect";
    .port_info 2 /INPUT 1 "reset";
    .port_info 3 /INPUT 1 "regWrite";
    .port_info 4 /INPUT 1 "enable";
    .port_info 5 /INPUT 1 "d";
    .port_info 6 /OUTPUT 1 "q";
v0x5763fbbb9880_0 .net "chipSelect", 0 0, v0x5763fbc186d0_0;  alias, 1 drivers
v0x5763fbbb9940_0 .net "clk", 0 0, v0x5763fbc18790_0;  alias, 1 drivers
v0x5763fbbb9a00_0 .net "d", 0 0, L_0x5763fbc2b9b0;  1 drivers
v0x5763fbbb9aa0_0 .net "enable", 0 0, L_0x5763fbc2c300;  alias, 1 drivers
v0x5763fbbb9b40_0 .var "q", 0 0;
v0x5763fbbb9c30_0 .net "regWrite", 0 0, v0x5763fbc18b00_0;  alias, 1 drivers
v0x5763fbbb9cd0_0 .net "reset", 0 0, v0x5763fbc189c0_0;  alias, 1 drivers
S_0x5763fbbb9e70 .scope generate, "genblk1[2]" "genblk1[2]" 7 12, 7 12 0, S_0x5763fbbb8480;
 .timescale 0 0;
P_0x5763fbbba070 .param/l "i" 1 7 12, +C4<010>;
S_0x5763fbbba130 .scope module, "dff" "D_ff" 7 13, 8 1 0, S_0x5763fbbb9e70;
 .timescale 0 0;
    .port_info 0 /INPUT 1 "clk";
    .port_info 1 /INPUT 1 "chipSelect";
    .port_info 2 /INPUT 1 "reset";
    .port_info 3 /INPUT 1 "regWrite";
    .port_info 4 /INPUT 1 "enable";
    .port_info 5 /INPUT 1 "d";
    .port_info 6 /OUTPUT 1 "q";
v0x5763fbbba3c0_0 .net "chipSelect", 0 0, v0x5763fbc186d0_0;  alias, 1 drivers
v0x5763fbbba480_0 .net "clk", 0 0, v0x5763fbc18790_0;  alias, 1 drivers
v0x5763fbbba540_0 .net "d", 0 0, L_0x5763fbc2bad0;  1 drivers
v0x5763fbbba610_0 .net "enable", 0 0, L_0x5763fbc2c300;  alias, 1 drivers
v0x5763fbbba700_0 .var "q", 0 0;
v0x5763fbbba7f0_0 .net "regWrite", 0 0, v0x5763fbc18b00_0;  alias, 1 drivers
v0x5763fbbba890_0 .net "reset", 0 0, v0x5763fbc189c0_0;  alias, 1 drivers
S_0x5763fbbbaa50 .scope generate, "genblk1[3]" "genblk1[3]" 7 12, 7 12 0, S_0x5763fbbb8480;
 .timescale 0 0;
P_0x5763fbbbac50 .param/l "i" 1 7 12, +C4<011>;
S_0x5763fbbbad30 .scope module, "dff" "D_ff" 7 13, 8 1 0, S_0x5763fbbbaa50;
 .timescale 0 0;
    .port_info 0 /INPUT 1 "clk";
    .port_info 1 /INPUT 1 "chipSelect";
    .port_info 2 /INPUT 1 "reset";
    .port_info 3 /INPUT 1 "regWrite";
    .port_info 4 /INPUT 1 "enable";
    .port_info 5 /INPUT 1 "d";
    .port_info 6 /OUTPUT 1 "q";
v0x5763fbbbafc0_0 .net "chipSelect", 0 0, v0x5763fbc186d0_0;  alias, 1 drivers
v0x5763fbbbb080_0 .net "clk", 0 0, v0x5763fbc18790_0;  alias, 1 drivers
v0x5763fbbbb140_0 .net "d", 0 0, L_0x5763fbc2bb70;  1 drivers
v0x5763fbbbb1e0_0 .net "enable", 0 0, L_0x5763fbc2c300;  alias, 1 drivers
v0x5763fbbbb280_0 .var "q", 0 0;
v0x5763fbbbb370_0 .net "regWrite", 0 0, v0x5763fbc18b00_0;  alias, 1 drivers
v0x5763fbbbb410_0 .net "reset", 0 0, v0x5763fbc189c0_0;  alias, 1 drivers
S_0x5763fbbbb5d0 .scope generate, "genblk1[4]" "genblk1[4]" 7 12, 7 12 0, S_0x5763fbbb8480;
 .timescale 0 0;
P_0x5763fbbbb820 .param/l "i" 1 7 12, +C4<0100>;
S_0x5763fbbbb900 .scope module, "dff" "D_ff" 7 13, 8 1 0, S_0x5763fbbbb5d0;
 .timescale 0 0;
    .port_info 0 /INPUT 1 "clk";
    .port_info 1 /INPUT 1 "chipSelect";
    .port_info 2 /INPUT 1 "reset";
    .port_info 3 /INPUT 1 "regWrite";
    .port_info 4 /INPUT 1 "enable";
    .port_info 5 /INPUT 1 "d";
    .port_info 6 /OUTPUT 1 "q";
v0x5763fbbbbb90_0 .net "chipSelect", 0 0, v0x5763fbc186d0_0;  alias, 1 drivers
v0x5763fbbbbc50_0 .net "clk", 0 0, v0x5763fbc18790_0;  alias, 1 drivers
v0x5763fbbbbd10_0 .net "d", 0 0, L_0x5763fbc2bc70;  1 drivers
v0x5763fbbbbdb0_0 .net "enable", 0 0, L_0x5763fbc2c300;  alias, 1 drivers
v0x5763fbbbbe50_0 .var "q", 0 0;
v0x5763fbbbbef0_0 .net "regWrite", 0 0, v0x5763fbc18b00_0;  alias, 1 drivers
v0x5763fbbbbf90_0 .net "reset", 0 0, v0x5763fbc189c0_0;  alias, 1 drivers
S_0x5763fbbbc150 .scope generate, "genblk1[5]" "genblk1[5]" 7 12, 7 12 0, S_0x5763fbbb8480;
 .timescale 0 0;
P_0x5763fbbbc350 .param/l "i" 1 7 12, +C4<0101>;
S_0x5763fbbbc430 .scope module, "dff" "D_ff" 7 13, 8 1 0, S_0x5763fbbbc150;
 .timescale 0 0;
    .port_info 0 /INPUT 1 "clk";
    .port_info 1 /INPUT 1 "chipSelect";
    .port_info 2 /INPUT 1 "reset";
    .port_info 3 /INPUT 1 "regWrite";
    .port_info 4 /INPUT 1 "enable";
    .port_info 5 /INPUT 1 "d";
    .port_info 6 /OUTPUT 1 "q";
v0x5763fbbbc6c0_0 .net "chipSelect", 0 0, v0x5763fbc186d0_0;  alias, 1 drivers
v0x5763fbbbc780_0 .net "clk", 0 0, v0x5763fbc18790_0;  alias, 1 drivers
v0x5763fbbbc840_0 .net "d", 0 0, L_0x5763fbc2bd40;  1 drivers
v0x5763fbbbc8e0_0 .net "enable", 0 0, L_0x5763fbc2c300;  alias, 1 drivers
v0x5763fbbbc980_0 .var "q", 0 0;
v0x5763fbbbca70_0 .net "regWrite", 0 0, v0x5763fbc18b00_0;  alias, 1 drivers
v0x5763fbbbcb10_0 .net "reset", 0 0, v0x5763fbc189c0_0;  alias, 1 drivers
S_0x5763fbbbccd0 .scope generate, "genblk1[6]" "genblk1[6]" 7 12, 7 12 0, S_0x5763fbbb8480;
 .timescale 0 0;
P_0x5763fbbbced0 .param/l "i" 1 7 12, +C4<0110>;
S_0x5763fbbbcfb0 .scope module, "dff" "D_ff" 7 13, 8 1 0, S_0x5763fbbbccd0;
 .timescale 0 0;
    .port_info 0 /INPUT 1 "clk";
    .port_info 1 /INPUT 1 "chipSelect";
    .port_info 2 /INPUT 1 "reset";
    .port_info 3 /INPUT 1 "regWrite";
    .port_info 4 /INPUT 1 "enable";
    .port_info 5 /INPUT 1 "d";
    .port_info 6 /OUTPUT 1 "q";
v0x5763fbbbd240_0 .net "chipSelect", 0 0, v0x5763fbc186d0_0;  alias, 1 drivers
v0x5763fbbbd300_0 .net "clk", 0 0, v0x5763fbc18790_0;  alias, 1 drivers
v0x5763fbbbd3c0_0 .net "d", 0 0, L_0x5763fbc2be10;  1 drivers
v0x5763fbbbd460_0 .net "enable", 0 0, L_0x5763fbc2c300;  alias, 1 drivers
v0x5763fbbbd500_0 .var "q", 0 0;
v0x5763fbbbd5f0_0 .net "regWrite", 0 0, v0x5763fbc18b00_0;  alias, 1 drivers
v0x5763fbbbd690_0 .net "reset", 0 0, v0x5763fbc189c0_0;  alias, 1 drivers
S_0x5763fbbbd850 .scope generate, "genblk1[7]" "genblk1[7]" 7 12, 7 12 0, S_0x5763fbbb8480;
 .timescale 0 0;
P_0x5763fbbbda50 .param/l "i" 1 7 12, +C4<0111>;
S_0x5763fbbbdb30 .scope module, "dff" "D_ff" 7 13, 8 1 0, S_0x5763fbbbd850;
 .timescale 0 0;
    .port_info 0 /INPUT 1 "clk";
    .port_info 1 /INPUT 1 "chipSelect";
    .port_info 2 /INPUT 1 "reset";
    .port_info 3 /INPUT 1 "regWrite";
    .port_info 4 /INPUT 1 "enable";
    .port_info 5 /INPUT 1 "d";
    .port_info 6 /OUTPUT 1 "q";
v0x5763fbbbddc0_0 .net "chipSelect", 0 0, v0x5763fbc186d0_0;  alias, 1 drivers
v0x5763fbbbde80_0 .net "clk", 0 0, v0x5763fbc18790_0;  alias, 1 drivers
v0x5763fbbbdf40_0 .net "d", 0 0, L_0x5763fbc2beb0;  1 drivers
v0x5763fbbbdfe0_0 .net "enable", 0 0, L_0x5763fbc2c300;  alias, 1 drivers
v0x5763fbbbe080_0 .var "q", 0 0;
v0x5763fbbbe170_0 .net "regWrite", 0 0, v0x5763fbc18b00_0;  alias, 1 drivers
v0x5763fbbbe210_0 .net "reset", 0 0, v0x5763fbc189c0_0;  alias, 1 drivers
S_0x5763fbbbeab0 .scope module, "rMem26" "register8bit" 3 62, 7 2 0, S_0x5763fbb495f0;
 .timescale 0 0;
    .port_info 0 /INPUT 1 "clk";
    .port_info 1 /INPUT 1 "chipSelect";
    .port_info 2 /INPUT 1 "reset";
    .port_info 3 /INPUT 1 "regWrite";
    .port_info 4 /INPUT 1 "enable";
    .port_info 5 /INPUT 8 "inR";
    .port_info 6 /OUTPUT 8 "outR";
v0x5763fbbc4a00_0 .net "chipSelect", 0 0, v0x5763fbc186d0_0;  alias, 1 drivers
v0x5763fbbc4ac0_0 .net "clk", 0 0, v0x5763fbc18790_0;  alias, 1 drivers
v0x5763fbbc4b80_0 .net "enable", 0 0, L_0x5763fbc2d040;  1 drivers
v0x5763fbbc4d30_0 .net "inR", 7 0, L_0x5763fbc2d0e0;  1 drivers
v0x5763fbbc4dd0_0 .net "outR", 7 0, L_0x5763fbc2ce20;  alias, 1 drivers
v0x5763fbbc4ee0_0 .net "regWrite", 0 0, v0x5763fbc18b00_0;  alias, 1 drivers
v0x5763fbbc4f80_0 .net "reset", 0 0, v0x5763fbc189c0_0;  alias, 1 drivers
L_0x5763fbc2c5f0 .part L_0x5763fbc2d0e0, 0, 1;
L_0x5763fbc2c6f0 .part L_0x5763fbc2d0e0, 1, 1;
L_0x5763fbc2c810 .part L_0x5763fbc2d0e0, 2, 1;
L_0x5763fbc2c8b0 .part L_0x5763fbc2d0e0, 3, 1;
L_0x5763fbc2c9b0 .part L_0x5763fbc2d0e0, 4, 1;
L_0x5763fbc2ca80 .part L_0x5763fbc2d0e0, 5, 1;
L_0x5763fbc2cb50 .part L_0x5763fbc2d0e0, 6, 1;
L_0x5763fbc2cbf0 .part L_0x5763fbc2d0e0, 7, 1;
LS_0x5763fbc2ce20_0_0 .concat8 [ 1 1 1 1], v0x5763fbbbf5d0_0, v0x5763fbbc0170_0, v0x5763fbbc0d30_0, v0x5763fbbc18b0_0;
LS_0x5763fbc2ce20_0_4 .concat8 [ 1 1 1 1], v0x5763fbbc2480_0, v0x5763fbbc2fb0_0, v0x5763fbbc3b30_0, v0x5763fbbc46b0_0;
L_0x5763fbc2ce20 .concat8 [ 4 4 0 0], LS_0x5763fbc2ce20_0_0, LS_0x5763fbc2ce20_0_4;
S_0x5763fbbbed40 .scope generate, "genblk1[0]" "genblk1[0]" 7 12, 7 12 0, S_0x5763fbbbeab0;
 .timescale 0 0;
P_0x5763fbbbef60 .param/l "i" 1 7 12, +C4<00>;
S_0x5763fbbbf040 .scope module, "dff" "D_ff" 7 13, 8 1 0, S_0x5763fbbbed40;
 .timescale 0 0;
    .port_info 0 /INPUT 1 "clk";
    .port_info 1 /INPUT 1 "chipSelect";
    .port_info 2 /INPUT 1 "reset";
    .port_info 3 /INPUT 1 "regWrite";
    .port_info 4 /INPUT 1 "enable";
    .port_info 5 /INPUT 1 "d";
    .port_info 6 /OUTPUT 1 "q";
v0x5763fbbbf310_0 .net "chipSelect", 0 0, v0x5763fbc186d0_0;  alias, 1 drivers
v0x5763fbbbf3d0_0 .net "clk", 0 0, v0x5763fbc18790_0;  alias, 1 drivers
v0x5763fbbbf490_0 .net "d", 0 0, L_0x5763fbc2c5f0;  1 drivers
v0x5763fbbbf530_0 .net "enable", 0 0, L_0x5763fbc2d040;  alias, 1 drivers
v0x5763fbbbf5d0_0 .var "q", 0 0;
v0x5763fbbbf6e0_0 .net "regWrite", 0 0, v0x5763fbc18b00_0;  alias, 1 drivers
v0x5763fbbbf780_0 .net "reset", 0 0, v0x5763fbc189c0_0;  alias, 1 drivers
S_0x5763fbbbf940 .scope generate, "genblk1[1]" "genblk1[1]" 7 12, 7 12 0, S_0x5763fbbbeab0;
 .timescale 0 0;
P_0x5763fbbbfb60 .param/l "i" 1 7 12, +C4<01>;
S_0x5763fbbbfc20 .scope module, "dff" "D_ff" 7 13, 8 1 0, S_0x5763fbbbf940;
 .timescale 0 0;
    .port_info 0 /INPUT 1 "clk";
    .port_info 1 /INPUT 1 "chipSelect";
    .port_info 2 /INPUT 1 "reset";
    .port_info 3 /INPUT 1 "regWrite";
    .port_info 4 /INPUT 1 "enable";
    .port_info 5 /INPUT 1 "d";
    .port_info 6 /OUTPUT 1 "q";
v0x5763fbbbfeb0_0 .net "chipSelect", 0 0, v0x5763fbc186d0_0;  alias, 1 drivers
v0x5763fbbbff70_0 .net "clk", 0 0, v0x5763fbc18790_0;  alias, 1 drivers
v0x5763fbbc0030_0 .net "d", 0 0, L_0x5763fbc2c6f0;  1 drivers
v0x5763fbbc00d0_0 .net "enable", 0 0, L_0x5763fbc2d040;  alias, 1 drivers
v0x5763fbbc0170_0 .var "q", 0 0;
v0x5763fbbc0260_0 .net "regWrite", 0 0, v0x5763fbc18b00_0;  alias, 1 drivers
v0x5763fbbc0300_0 .net "reset", 0 0, v0x5763fbc189c0_0;  alias, 1 drivers
S_0x5763fbbc04a0 .scope generate, "genblk1[2]" "genblk1[2]" 7 12, 7 12 0, S_0x5763fbbbeab0;
 .timescale 0 0;
P_0x5763fbbc06a0 .param/l "i" 1 7 12, +C4<010>;
S_0x5763fbbc0760 .scope module, "dff" "D_ff" 7 13, 8 1 0, S_0x5763fbbc04a0;
 .timescale 0 0;
    .port_info 0 /INPUT 1 "clk";
    .port_info 1 /INPUT 1 "chipSelect";
    .port_info 2 /INPUT 1 "reset";
    .port_info 3 /INPUT 1 "regWrite";
    .port_info 4 /INPUT 1 "enable";
    .port_info 5 /INPUT 1 "d";
    .port_info 6 /OUTPUT 1 "q";
v0x5763fbbc09f0_0 .net "chipSelect", 0 0, v0x5763fbc186d0_0;  alias, 1 drivers
v0x5763fbbc0ab0_0 .net "clk", 0 0, v0x5763fbc18790_0;  alias, 1 drivers
v0x5763fbbc0b70_0 .net "d", 0 0, L_0x5763fbc2c810;  1 drivers
v0x5763fbbc0c40_0 .net "enable", 0 0, L_0x5763fbc2d040;  alias, 1 drivers
v0x5763fbbc0d30_0 .var "q", 0 0;
v0x5763fbbc0e20_0 .net "regWrite", 0 0, v0x5763fbc18b00_0;  alias, 1 drivers
v0x5763fbbc0ec0_0 .net "reset", 0 0, v0x5763fbc189c0_0;  alias, 1 drivers
S_0x5763fbbc1080 .scope generate, "genblk1[3]" "genblk1[3]" 7 12, 7 12 0, S_0x5763fbbbeab0;
 .timescale 0 0;
P_0x5763fbbc1280 .param/l "i" 1 7 12, +C4<011>;
S_0x5763fbbc1360 .scope module, "dff" "D_ff" 7 13, 8 1 0, S_0x5763fbbc1080;
 .timescale 0 0;
    .port_info 0 /INPUT 1 "clk";
    .port_info 1 /INPUT 1 "chipSelect";
    .port_info 2 /INPUT 1 "reset";
    .port_info 3 /INPUT 1 "regWrite";
    .port_info 4 /INPUT 1 "enable";
    .port_info 5 /INPUT 1 "d";
    .port_info 6 /OUTPUT 1 "q";
v0x5763fbbc15f0_0 .net "chipSelect", 0 0, v0x5763fbc186d0_0;  alias, 1 drivers
v0x5763fbbc16b0_0 .net "clk", 0 0, v0x5763fbc18790_0;  alias, 1 drivers
v0x5763fbbc1770_0 .net "d", 0 0, L_0x5763fbc2c8b0;  1 drivers
v0x5763fbbc1810_0 .net "enable", 0 0, L_0x5763fbc2d040;  alias, 1 drivers
v0x5763fbbc18b0_0 .var "q", 0 0;
v0x5763fbbc19a0_0 .net "regWrite", 0 0, v0x5763fbc18b00_0;  alias, 1 drivers
v0x5763fbbc1a40_0 .net "reset", 0 0, v0x5763fbc189c0_0;  alias, 1 drivers
S_0x5763fbbc1c00 .scope generate, "genblk1[4]" "genblk1[4]" 7 12, 7 12 0, S_0x5763fbbbeab0;
 .timescale 0 0;
P_0x5763fbbc1e50 .param/l "i" 1 7 12, +C4<0100>;
S_0x5763fbbc1f30 .scope module, "dff" "D_ff" 7 13, 8 1 0, S_0x5763fbbc1c00;
 .timescale 0 0;
    .port_info 0 /INPUT 1 "clk";
    .port_info 1 /INPUT 1 "chipSelect";
    .port_info 2 /INPUT 1 "reset";
    .port_info 3 /INPUT 1 "regWrite";
    .port_info 4 /INPUT 1 "enable";
    .port_info 5 /INPUT 1 "d";
    .port_info 6 /OUTPUT 1 "q";
v0x5763fbbc21c0_0 .net "chipSelect", 0 0, v0x5763fbc186d0_0;  alias, 1 drivers
v0x5763fbbc2280_0 .net "clk", 0 0, v0x5763fbc18790_0;  alias, 1 drivers
v0x5763fbbc2340_0 .net "d", 0 0, L_0x5763fbc2c9b0;  1 drivers
v0x5763fbbc23e0_0 .net "enable", 0 0, L_0x5763fbc2d040;  alias, 1 drivers
v0x5763fbbc2480_0 .var "q", 0 0;
v0x5763fbbc2520_0 .net "regWrite", 0 0, v0x5763fbc18b00_0;  alias, 1 drivers
v0x5763fbbc25c0_0 .net "reset", 0 0, v0x5763fbc189c0_0;  alias, 1 drivers
S_0x5763fbbc2780 .scope generate, "genblk1[5]" "genblk1[5]" 7 12, 7 12 0, S_0x5763fbbbeab0;
 .timescale 0 0;
P_0x5763fbbc2980 .param/l "i" 1 7 12, +C4<0101>;
S_0x5763fbbc2a60 .scope module, "dff" "D_ff" 7 13, 8 1 0, S_0x5763fbbc2780;
 .timescale 0 0;
    .port_info 0 /INPUT 1 "clk";
    .port_info 1 /INPUT 1 "chipSelect";
    .port_info 2 /INPUT 1 "reset";
    .port_info 3 /INPUT 1 "regWrite";
    .port_info 4 /INPUT 1 "enable";
    .port_info 5 /INPUT 1 "d";
    .port_info 6 /OUTPUT 1 "q";
v0x5763fbbc2cf0_0 .net "chipSelect", 0 0, v0x5763fbc186d0_0;  alias, 1 drivers
v0x5763fbbc2db0_0 .net "clk", 0 0, v0x5763fbc18790_0;  alias, 1 drivers
v0x5763fbbc2e70_0 .net "d", 0 0, L_0x5763fbc2ca80;  1 drivers
v0x5763fbbc2f10_0 .net "enable", 0 0, L_0x5763fbc2d040;  alias, 1 drivers
v0x5763fbbc2fb0_0 .var "q", 0 0;
v0x5763fbbc30a0_0 .net "regWrite", 0 0, v0x5763fbc18b00_0;  alias, 1 drivers
v0x5763fbbc3140_0 .net "reset", 0 0, v0x5763fbc189c0_0;  alias, 1 drivers
S_0x5763fbbc3300 .scope generate, "genblk1[6]" "genblk1[6]" 7 12, 7 12 0, S_0x5763fbbbeab0;
 .timescale 0 0;
P_0x5763fbbc3500 .param/l "i" 1 7 12, +C4<0110>;
S_0x5763fbbc35e0 .scope module, "dff" "D_ff" 7 13, 8 1 0, S_0x5763fbbc3300;
 .timescale 0 0;
    .port_info 0 /INPUT 1 "clk";
    .port_info 1 /INPUT 1 "chipSelect";
    .port_info 2 /INPUT 1 "reset";
    .port_info 3 /INPUT 1 "regWrite";
    .port_info 4 /INPUT 1 "enable";
    .port_info 5 /INPUT 1 "d";
    .port_info 6 /OUTPUT 1 "q";
v0x5763fbbc3870_0 .net "chipSelect", 0 0, v0x5763fbc186d0_0;  alias, 1 drivers
v0x5763fbbc3930_0 .net "clk", 0 0, v0x5763fbc18790_0;  alias, 1 drivers
v0x5763fbbc39f0_0 .net "d", 0 0, L_0x5763fbc2cb50;  1 drivers
v0x5763fbbc3a90_0 .net "enable", 0 0, L_0x5763fbc2d040;  alias, 1 drivers
v0x5763fbbc3b30_0 .var "q", 0 0;
v0x5763fbbc3c20_0 .net "regWrite", 0 0, v0x5763fbc18b00_0;  alias, 1 drivers
v0x5763fbbc3cc0_0 .net "reset", 0 0, v0x5763fbc189c0_0;  alias, 1 drivers
S_0x5763fbbc3e80 .scope generate, "genblk1[7]" "genblk1[7]" 7 12, 7 12 0, S_0x5763fbbbeab0;
 .timescale 0 0;
P_0x5763fbbc4080 .param/l "i" 1 7 12, +C4<0111>;
S_0x5763fbbc4160 .scope module, "dff" "D_ff" 7 13, 8 1 0, S_0x5763fbbc3e80;
 .timescale 0 0;
    .port_info 0 /INPUT 1 "clk";
    .port_info 1 /INPUT 1 "chipSelect";
    .port_info 2 /INPUT 1 "reset";
    .port_info 3 /INPUT 1 "regWrite";
    .port_info 4 /INPUT 1 "enable";
    .port_info 5 /INPUT 1 "d";
    .port_info 6 /OUTPUT 1 "q";
v0x5763fbbc43f0_0 .net "chipSelect", 0 0, v0x5763fbc186d0_0;  alias, 1 drivers
v0x5763fbbc44b0_0 .net "clk", 0 0, v0x5763fbc18790_0;  alias, 1 drivers
v0x5763fbbc4570_0 .net "d", 0 0, L_0x5763fbc2cbf0;  1 drivers
v0x5763fbbc4610_0 .net "enable", 0 0, L_0x5763fbc2d040;  alias, 1 drivers
v0x5763fbbc46b0_0 .var "q", 0 0;
v0x5763fbbc47a0_0 .net "regWrite", 0 0, v0x5763fbc18b00_0;  alias, 1 drivers
v0x5763fbbc4840_0 .net "reset", 0 0, v0x5763fbc189c0_0;  alias, 1 drivers
S_0x5763fbbc50e0 .scope module, "rMem27" "register8bit" 3 63, 7 2 0, S_0x5763fbb495f0;
 .timescale 0 0;
    .port_info 0 /INPUT 1 "clk";
    .port_info 1 /INPUT 1 "chipSelect";
    .port_info 2 /INPUT 1 "reset";
    .port_info 3 /INPUT 1 "regWrite";
    .port_info 4 /INPUT 1 "enable";
    .port_info 5 /INPUT 8 "inR";
    .port_info 6 /OUTPUT 8 "outR";
v0x5763fbbcb030_0 .net "chipSelect", 0 0, v0x5763fbc186d0_0;  alias, 1 drivers
v0x5763fbbcb0f0_0 .net "clk", 0 0, v0x5763fbc18790_0;  alias, 1 drivers
v0x5763fbbcb1b0_0 .net "enable", 0 0, L_0x5763fbc2dd90;  1 drivers
v0x5763fbbcb360_0 .net "inR", 7 0, L_0x5763fbc2de30;  1 drivers
v0x5763fbbcb400_0 .net "outR", 7 0, L_0x5763fbc2db70;  alias, 1 drivers
v0x5763fbbcb510_0 .net "regWrite", 0 0, v0x5763fbc18b00_0;  alias, 1 drivers
v0x5763fbbcb5b0_0 .net "reset", 0 0, v0x5763fbc189c0_0;  alias, 1 drivers
L_0x5763fbc2d340 .part L_0x5763fbc2de30, 0, 1;
L_0x5763fbc2d440 .part L_0x5763fbc2de30, 1, 1;
L_0x5763fbc2d560 .part L_0x5763fbc2de30, 2, 1;
L_0x5763fbc2d600 .part L_0x5763fbc2de30, 3, 1;
L_0x5763fbc2d700 .part L_0x5763fbc2de30, 4, 1;
L_0x5763fbc2d7d0 .part L_0x5763fbc2de30, 5, 1;
L_0x5763fbc2d8a0 .part L_0x5763fbc2de30, 6, 1;
L_0x5763fbc2d940 .part L_0x5763fbc2de30, 7, 1;
LS_0x5763fbc2db70_0_0 .concat8 [ 1 1 1 1], v0x5763fbbc5c00_0, v0x5763fbbc67a0_0, v0x5763fbbc7360_0, v0x5763fbbc7ee0_0;
LS_0x5763fbc2db70_0_4 .concat8 [ 1 1 1 1], v0x5763fbbc8ab0_0, v0x5763fbbc95e0_0, v0x5763fbbca160_0, v0x5763fbbcace0_0;
L_0x5763fbc2db70 .concat8 [ 4 4 0 0], LS_0x5763fbc2db70_0_0, LS_0x5763fbc2db70_0_4;
S_0x5763fbbc5370 .scope generate, "genblk1[0]" "genblk1[0]" 7 12, 7 12 0, S_0x5763fbbc50e0;
 .timescale 0 0;
P_0x5763fbbc5590 .param/l "i" 1 7 12, +C4<00>;
S_0x5763fbbc5670 .scope module, "dff" "D_ff" 7 13, 8 1 0, S_0x5763fbbc5370;
 .timescale 0 0;
    .port_info 0 /INPUT 1 "clk";
    .port_info 1 /INPUT 1 "chipSelect";
    .port_info 2 /INPUT 1 "reset";
    .port_info 3 /INPUT 1 "regWrite";
    .port_info 4 /INPUT 1 "enable";
    .port_info 5 /INPUT 1 "d";
    .port_info 6 /OUTPUT 1 "q";
v0x5763fbbc5940_0 .net "chipSelect", 0 0, v0x5763fbc186d0_0;  alias, 1 drivers
v0x5763fbbc5a00_0 .net "clk", 0 0, v0x5763fbc18790_0;  alias, 1 drivers
v0x5763fbbc5ac0_0 .net "d", 0 0, L_0x5763fbc2d340;  1 drivers
v0x5763fbbc5b60_0 .net "enable", 0 0, L_0x5763fbc2dd90;  alias, 1 drivers
v0x5763fbbc5c00_0 .var "q", 0 0;
v0x5763fbbc5d10_0 .net "regWrite", 0 0, v0x5763fbc18b00_0;  alias, 1 drivers
v0x5763fbbc5db0_0 .net "reset", 0 0, v0x5763fbc189c0_0;  alias, 1 drivers
S_0x5763fbbc5f70 .scope generate, "genblk1[1]" "genblk1[1]" 7 12, 7 12 0, S_0x5763fbbc50e0;
 .timescale 0 0;
P_0x5763fbbc6190 .param/l "i" 1 7 12, +C4<01>;
S_0x5763fbbc6250 .scope module, "dff" "D_ff" 7 13, 8 1 0, S_0x5763fbbc5f70;
 .timescale 0 0;
    .port_info 0 /INPUT 1 "clk";
    .port_info 1 /INPUT 1 "chipSelect";
    .port_info 2 /INPUT 1 "reset";
    .port_info 3 /INPUT 1 "regWrite";
    .port_info 4 /INPUT 1 "enable";
    .port_info 5 /INPUT 1 "d";
    .port_info 6 /OUTPUT 1 "q";
v0x5763fbbc64e0_0 .net "chipSelect", 0 0, v0x5763fbc186d0_0;  alias, 1 drivers
v0x5763fbbc65a0_0 .net "clk", 0 0, v0x5763fbc18790_0;  alias, 1 drivers
v0x5763fbbc6660_0 .net "d", 0 0, L_0x5763fbc2d440;  1 drivers
v0x5763fbbc6700_0 .net "enable", 0 0, L_0x5763fbc2dd90;  alias, 1 drivers
v0x5763fbbc67a0_0 .var "q", 0 0;
v0x5763fbbc6890_0 .net "regWrite", 0 0, v0x5763fbc18b00_0;  alias, 1 drivers
v0x5763fbbc6930_0 .net "reset", 0 0, v0x5763fbc189c0_0;  alias, 1 drivers
S_0x5763fbbc6ad0 .scope generate, "genblk1[2]" "genblk1[2]" 7 12, 7 12 0, S_0x5763fbbc50e0;
 .timescale 0 0;
P_0x5763fbbc6cd0 .param/l "i" 1 7 12, +C4<010>;
S_0x5763fbbc6d90 .scope module, "dff" "D_ff" 7 13, 8 1 0, S_0x5763fbbc6ad0;
 .timescale 0 0;
    .port_info 0 /INPUT 1 "clk";
    .port_info 1 /INPUT 1 "chipSelect";
    .port_info 2 /INPUT 1 "reset";
    .port_info 3 /INPUT 1 "regWrite";
    .port_info 4 /INPUT 1 "enable";
    .port_info 5 /INPUT 1 "d";
    .port_info 6 /OUTPUT 1 "q";
v0x5763fbbc7020_0 .net "chipSelect", 0 0, v0x5763fbc186d0_0;  alias, 1 drivers
v0x5763fbbc70e0_0 .net "clk", 0 0, v0x5763fbc18790_0;  alias, 1 drivers
v0x5763fbbc71a0_0 .net "d", 0 0, L_0x5763fbc2d560;  1 drivers
v0x5763fbbc7270_0 .net "enable", 0 0, L_0x5763fbc2dd90;  alias, 1 drivers
v0x5763fbbc7360_0 .var "q", 0 0;
v0x5763fbbc7450_0 .net "regWrite", 0 0, v0x5763fbc18b00_0;  alias, 1 drivers
v0x5763fbbc74f0_0 .net "reset", 0 0, v0x5763fbc189c0_0;  alias, 1 drivers
S_0x5763fbbc76b0 .scope generate, "genblk1[3]" "genblk1[3]" 7 12, 7 12 0, S_0x5763fbbc50e0;
 .timescale 0 0;
P_0x5763fbbc78b0 .param/l "i" 1 7 12, +C4<011>;
S_0x5763fbbc7990 .scope module, "dff" "D_ff" 7 13, 8 1 0, S_0x5763fbbc76b0;
 .timescale 0 0;
    .port_info 0 /INPUT 1 "clk";
    .port_info 1 /INPUT 1 "chipSelect";
    .port_info 2 /INPUT 1 "reset";
    .port_info 3 /INPUT 1 "regWrite";
    .port_info 4 /INPUT 1 "enable";
    .port_info 5 /INPUT 1 "d";
    .port_info 6 /OUTPUT 1 "q";
v0x5763fbbc7c20_0 .net "chipSelect", 0 0, v0x5763fbc186d0_0;  alias, 1 drivers
v0x5763fbbc7ce0_0 .net "clk", 0 0, v0x5763fbc18790_0;  alias, 1 drivers
v0x5763fbbc7da0_0 .net "d", 0 0, L_0x5763fbc2d600;  1 drivers
v0x5763fbbc7e40_0 .net "enable", 0 0, L_0x5763fbc2dd90;  alias, 1 drivers
v0x5763fbbc7ee0_0 .var "q", 0 0;
v0x5763fbbc7fd0_0 .net "regWrite", 0 0, v0x5763fbc18b00_0;  alias, 1 drivers
v0x5763fbbc8070_0 .net "reset", 0 0, v0x5763fbc189c0_0;  alias, 1 drivers
S_0x5763fbbc8230 .scope generate, "genblk1[4]" "genblk1[4]" 7 12, 7 12 0, S_0x5763fbbc50e0;
 .timescale 0 0;
P_0x5763fbbc8480 .param/l "i" 1 7 12, +C4<0100>;
S_0x5763fbbc8560 .scope module, "dff" "D_ff" 7 13, 8 1 0, S_0x5763fbbc8230;
 .timescale 0 0;
    .port_info 0 /INPUT 1 "clk";
    .port_info 1 /INPUT 1 "chipSelect";
    .port_info 2 /INPUT 1 "reset";
    .port_info 3 /INPUT 1 "regWrite";
    .port_info 4 /INPUT 1 "enable";
    .port_info 5 /INPUT 1 "d";
    .port_info 6 /OUTPUT 1 "q";
v0x5763fbbc87f0_0 .net "chipSelect", 0 0, v0x5763fbc186d0_0;  alias, 1 drivers
v0x5763fbbc88b0_0 .net "clk", 0 0, v0x5763fbc18790_0;  alias, 1 drivers
v0x5763fbbc8970_0 .net "d", 0 0, L_0x5763fbc2d700;  1 drivers
v0x5763fbbc8a10_0 .net "enable", 0 0, L_0x5763fbc2dd90;  alias, 1 drivers
v0x5763fbbc8ab0_0 .var "q", 0 0;
v0x5763fbbc8b50_0 .net "regWrite", 0 0, v0x5763fbc18b00_0;  alias, 1 drivers
v0x5763fbbc8bf0_0 .net "reset", 0 0, v0x5763fbc189c0_0;  alias, 1 drivers
S_0x5763fbbc8db0 .scope generate, "genblk1[5]" "genblk1[5]" 7 12, 7 12 0, S_0x5763fbbc50e0;
 .timescale 0 0;
P_0x5763fbbc8fb0 .param/l "i" 1 7 12, +C4<0101>;
S_0x5763fbbc9090 .scope module, "dff" "D_ff" 7 13, 8 1 0, S_0x5763fbbc8db0;
 .timescale 0 0;
    .port_info 0 /INPUT 1 "clk";
    .port_info 1 /INPUT 1 "chipSelect";
    .port_info 2 /INPUT 1 "reset";
    .port_info 3 /INPUT 1 "regWrite";
    .port_info 4 /INPUT 1 "enable";
    .port_info 5 /INPUT 1 "d";
    .port_info 6 /OUTPUT 1 "q";
v0x5763fbbc9320_0 .net "chipSelect", 0 0, v0x5763fbc186d0_0;  alias, 1 drivers
v0x5763fbbc93e0_0 .net "clk", 0 0, v0x5763fbc18790_0;  alias, 1 drivers
v0x5763fbbc94a0_0 .net "d", 0 0, L_0x5763fbc2d7d0;  1 drivers
v0x5763fbbc9540_0 .net "enable", 0 0, L_0x5763fbc2dd90;  alias, 1 drivers
v0x5763fbbc95e0_0 .var "q", 0 0;
v0x5763fbbc96d0_0 .net "regWrite", 0 0, v0x5763fbc18b00_0;  alias, 1 drivers
v0x5763fbbc9770_0 .net "reset", 0 0, v0x5763fbc189c0_0;  alias, 1 drivers
S_0x5763fbbc9930 .scope generate, "genblk1[6]" "genblk1[6]" 7 12, 7 12 0, S_0x5763fbbc50e0;
 .timescale 0 0;
P_0x5763fbbc9b30 .param/l "i" 1 7 12, +C4<0110>;
S_0x5763fbbc9c10 .scope module, "dff" "D_ff" 7 13, 8 1 0, S_0x5763fbbc9930;
 .timescale 0 0;
    .port_info 0 /INPUT 1 "clk";
    .port_info 1 /INPUT 1 "chipSelect";
    .port_info 2 /INPUT 1 "reset";
    .port_info 3 /INPUT 1 "regWrite";
    .port_info 4 /INPUT 1 "enable";
    .port_info 5 /INPUT 1 "d";
    .port_info 6 /OUTPUT 1 "q";
v0x5763fbbc9ea0_0 .net "chipSelect", 0 0, v0x5763fbc186d0_0;  alias, 1 drivers
v0x5763fbbc9f60_0 .net "clk", 0 0, v0x5763fbc18790_0;  alias, 1 drivers
v0x5763fbbca020_0 .net "d", 0 0, L_0x5763fbc2d8a0;  1 drivers
v0x5763fbbca0c0_0 .net "enable", 0 0, L_0x5763fbc2dd90;  alias, 1 drivers
v0x5763fbbca160_0 .var "q", 0 0;
v0x5763fbbca250_0 .net "regWrite", 0 0, v0x5763fbc18b00_0;  alias, 1 drivers
v0x5763fbbca2f0_0 .net "reset", 0 0, v0x5763fbc189c0_0;  alias, 1 drivers
S_0x5763fbbca4b0 .scope generate, "genblk1[7]" "genblk1[7]" 7 12, 7 12 0, S_0x5763fbbc50e0;
 .timescale 0 0;
P_0x5763fbbca6b0 .param/l "i" 1 7 12, +C4<0111>;
S_0x5763fbbca790 .scope module, "dff" "D_ff" 7 13, 8 1 0, S_0x5763fbbca4b0;
 .timescale 0 0;
    .port_info 0 /INPUT 1 "clk";
    .port_info 1 /INPUT 1 "chipSelect";
    .port_info 2 /INPUT 1 "reset";
    .port_info 3 /INPUT 1 "regWrite";
    .port_info 4 /INPUT 1 "enable";
    .port_info 5 /INPUT 1 "d";
    .port_info 6 /OUTPUT 1 "q";
v0x5763fbbcaa20_0 .net "chipSelect", 0 0, v0x5763fbc186d0_0;  alias, 1 drivers
v0x5763fbbcaae0_0 .net "clk", 0 0, v0x5763fbc18790_0;  alias, 1 drivers
v0x5763fbbcaba0_0 .net "d", 0 0, L_0x5763fbc2d940;  1 drivers
v0x5763fbbcac40_0 .net "enable", 0 0, L_0x5763fbc2dd90;  alias, 1 drivers
v0x5763fbbcace0_0 .var "q", 0 0;
v0x5763fbbcadd0_0 .net "regWrite", 0 0, v0x5763fbc18b00_0;  alias, 1 drivers
v0x5763fbbcae70_0 .net "reset", 0 0, v0x5763fbc189c0_0;  alias, 1 drivers
S_0x5763fbbcb710 .scope module, "rMem28" "register8bit" 3 65, 7 2 0, S_0x5763fbb495f0;
 .timescale 0 0;
    .port_info 0 /INPUT 1 "clk";
    .port_info 1 /INPUT 1 "chipSelect";
    .port_info 2 /INPUT 1 "reset";
    .port_info 3 /INPUT 1 "regWrite";
    .port_info 4 /INPUT 1 "enable";
    .port_info 5 /INPUT 8 "inR";
    .port_info 6 /OUTPUT 8 "outR";
v0x5763fbbd1660_0 .net "chipSelect", 0 0, v0x5763fbc186d0_0;  alias, 1 drivers
v0x5763fbbd1720_0 .net "clk", 0 0, v0x5763fbc18790_0;  alias, 1 drivers
v0x5763fbbd17e0_0 .net "enable", 0 0, L_0x5763fbc2eaf0;  1 drivers
v0x5763fbbd1990_0 .net "inR", 7 0, L_0x5763fbc2eb90;  1 drivers
v0x5763fbbd1a30_0 .net "outR", 7 0, L_0x5763fbc2e8d0;  alias, 1 drivers
v0x5763fbbd1b40_0 .net "regWrite", 0 0, v0x5763fbc18b00_0;  alias, 1 drivers
v0x5763fbbd1be0_0 .net "reset", 0 0, v0x5763fbc189c0_0;  alias, 1 drivers
L_0x5763fbc2e0a0 .part L_0x5763fbc2eb90, 0, 1;
L_0x5763fbc2e1a0 .part L_0x5763fbc2eb90, 1, 1;
L_0x5763fbc2e2c0 .part L_0x5763fbc2eb90, 2, 1;
L_0x5763fbc2e360 .part L_0x5763fbc2eb90, 3, 1;
L_0x5763fbc2e460 .part L_0x5763fbc2eb90, 4, 1;
L_0x5763fbc2e530 .part L_0x5763fbc2eb90, 5, 1;
L_0x5763fbc2e600 .part L_0x5763fbc2eb90, 6, 1;
L_0x5763fbc2e6a0 .part L_0x5763fbc2eb90, 7, 1;
LS_0x5763fbc2e8d0_0_0 .concat8 [ 1 1 1 1], v0x5763fbbcc230_0, v0x5763fbbccdd0_0, v0x5763fbbcd990_0, v0x5763fbbce510_0;
LS_0x5763fbc2e8d0_0_4 .concat8 [ 1 1 1 1], v0x5763fbbcf0e0_0, v0x5763fbbcfc10_0, v0x5763fbbd0790_0, v0x5763fbbd1310_0;
L_0x5763fbc2e8d0 .concat8 [ 4 4 0 0], LS_0x5763fbc2e8d0_0_0, LS_0x5763fbc2e8d0_0_4;
S_0x5763fbbcb9a0 .scope generate, "genblk1[0]" "genblk1[0]" 7 12, 7 12 0, S_0x5763fbbcb710;
 .timescale 0 0;
P_0x5763fbbcbbc0 .param/l "i" 1 7 12, +C4<00>;
S_0x5763fbbcbca0 .scope module, "dff" "D_ff" 7 13, 8 1 0, S_0x5763fbbcb9a0;
 .timescale 0 0;
    .port_info 0 /INPUT 1 "clk";
    .port_info 1 /INPUT 1 "chipSelect";
    .port_info 2 /INPUT 1 "reset";
    .port_info 3 /INPUT 1 "regWrite";
    .port_info 4 /INPUT 1 "enable";
    .port_info 5 /INPUT 1 "d";
    .port_info 6 /OUTPUT 1 "q";
v0x5763fbbcbf70_0 .net "chipSelect", 0 0, v0x5763fbc186d0_0;  alias, 1 drivers
v0x5763fbbcc030_0 .net "clk", 0 0, v0x5763fbc18790_0;  alias, 1 drivers
v0x5763fbbcc0f0_0 .net "d", 0 0, L_0x5763fbc2e0a0;  1 drivers
v0x5763fbbcc190_0 .net "enable", 0 0, L_0x5763fbc2eaf0;  alias, 1 drivers
v0x5763fbbcc230_0 .var "q", 0 0;
v0x5763fbbcc340_0 .net "regWrite", 0 0, v0x5763fbc18b00_0;  alias, 1 drivers
v0x5763fbbcc3e0_0 .net "reset", 0 0, v0x5763fbc189c0_0;  alias, 1 drivers
S_0x5763fbbcc5a0 .scope generate, "genblk1[1]" "genblk1[1]" 7 12, 7 12 0, S_0x5763fbbcb710;
 .timescale 0 0;
P_0x5763fbbcc7c0 .param/l "i" 1 7 12, +C4<01>;
S_0x5763fbbcc880 .scope module, "dff" "D_ff" 7 13, 8 1 0, S_0x5763fbbcc5a0;
 .timescale 0 0;
    .port_info 0 /INPUT 1 "clk";
    .port_info 1 /INPUT 1 "chipSelect";
    .port_info 2 /INPUT 1 "reset";
    .port_info 3 /INPUT 1 "regWrite";
    .port_info 4 /INPUT 1 "enable";
    .port_info 5 /INPUT 1 "d";
    .port_info 6 /OUTPUT 1 "q";
v0x5763fbbccb10_0 .net "chipSelect", 0 0, v0x5763fbc186d0_0;  alias, 1 drivers
v0x5763fbbccbd0_0 .net "clk", 0 0, v0x5763fbc18790_0;  alias, 1 drivers
v0x5763fbbccc90_0 .net "d", 0 0, L_0x5763fbc2e1a0;  1 drivers
v0x5763fbbccd30_0 .net "enable", 0 0, L_0x5763fbc2eaf0;  alias, 1 drivers
v0x5763fbbccdd0_0 .var "q", 0 0;
v0x5763fbbccec0_0 .net "regWrite", 0 0, v0x5763fbc18b00_0;  alias, 1 drivers
v0x5763fbbccf60_0 .net "reset", 0 0, v0x5763fbc189c0_0;  alias, 1 drivers
S_0x5763fbbcd100 .scope generate, "genblk1[2]" "genblk1[2]" 7 12, 7 12 0, S_0x5763fbbcb710;
 .timescale 0 0;
P_0x5763fbbcd300 .param/l "i" 1 7 12, +C4<010>;
S_0x5763fbbcd3c0 .scope module, "dff" "D_ff" 7 13, 8 1 0, S_0x5763fbbcd100;
 .timescale 0 0;
    .port_info 0 /INPUT 1 "clk";
    .port_info 1 /INPUT 1 "chipSelect";
    .port_info 2 /INPUT 1 "reset";
    .port_info 3 /INPUT 1 "regWrite";
    .port_info 4 /INPUT 1 "enable";
    .port_info 5 /INPUT 1 "d";
    .port_info 6 /OUTPUT 1 "q";
v0x5763fbbcd650_0 .net "chipSelect", 0 0, v0x5763fbc186d0_0;  alias, 1 drivers
v0x5763fbbcd710_0 .net "clk", 0 0, v0x5763fbc18790_0;  alias, 1 drivers
v0x5763fbbcd7d0_0 .net "d", 0 0, L_0x5763fbc2e2c0;  1 drivers
v0x5763fbbcd8a0_0 .net "enable", 0 0, L_0x5763fbc2eaf0;  alias, 1 drivers
v0x5763fbbcd990_0 .var "q", 0 0;
v0x5763fbbcda80_0 .net "regWrite", 0 0, v0x5763fbc18b00_0;  alias, 1 drivers
v0x5763fbbcdb20_0 .net "reset", 0 0, v0x5763fbc189c0_0;  alias, 1 drivers
S_0x5763fbbcdce0 .scope generate, "genblk1[3]" "genblk1[3]" 7 12, 7 12 0, S_0x5763fbbcb710;
 .timescale 0 0;
P_0x5763fbbcdee0 .param/l "i" 1 7 12, +C4<011>;
S_0x5763fbbcdfc0 .scope module, "dff" "D_ff" 7 13, 8 1 0, S_0x5763fbbcdce0;
 .timescale 0 0;
    .port_info 0 /INPUT 1 "clk";
    .port_info 1 /INPUT 1 "chipSelect";
    .port_info 2 /INPUT 1 "reset";
    .port_info 3 /INPUT 1 "regWrite";
    .port_info 4 /INPUT 1 "enable";
    .port_info 5 /INPUT 1 "d";
    .port_info 6 /OUTPUT 1 "q";
v0x5763fbbce250_0 .net "chipSelect", 0 0, v0x5763fbc186d0_0;  alias, 1 drivers
v0x5763fbbce310_0 .net "clk", 0 0, v0x5763fbc18790_0;  alias, 1 drivers
v0x5763fbbce3d0_0 .net "d", 0 0, L_0x5763fbc2e360;  1 drivers
v0x5763fbbce470_0 .net "enable", 0 0, L_0x5763fbc2eaf0;  alias, 1 drivers
v0x5763fbbce510_0 .var "q", 0 0;
v0x5763fbbce600_0 .net "regWrite", 0 0, v0x5763fbc18b00_0;  alias, 1 drivers
v0x5763fbbce6a0_0 .net "reset", 0 0, v0x5763fbc189c0_0;  alias, 1 drivers
S_0x5763fbbce860 .scope generate, "genblk1[4]" "genblk1[4]" 7 12, 7 12 0, S_0x5763fbbcb710;
 .timescale 0 0;
P_0x5763fbbceab0 .param/l "i" 1 7 12, +C4<0100>;
S_0x5763fbbceb90 .scope module, "dff" "D_ff" 7 13, 8 1 0, S_0x5763fbbce860;
 .timescale 0 0;
    .port_info 0 /INPUT 1 "clk";
    .port_info 1 /INPUT 1 "chipSelect";
    .port_info 2 /INPUT 1 "reset";
    .port_info 3 /INPUT 1 "regWrite";
    .port_info 4 /INPUT 1 "enable";
    .port_info 5 /INPUT 1 "d";
    .port_info 6 /OUTPUT 1 "q";
v0x5763fbbcee20_0 .net "chipSelect", 0 0, v0x5763fbc186d0_0;  alias, 1 drivers
v0x5763fbbceee0_0 .net "clk", 0 0, v0x5763fbc18790_0;  alias, 1 drivers
v0x5763fbbcefa0_0 .net "d", 0 0, L_0x5763fbc2e460;  1 drivers
v0x5763fbbcf040_0 .net "enable", 0 0, L_0x5763fbc2eaf0;  alias, 1 drivers
v0x5763fbbcf0e0_0 .var "q", 0 0;
v0x5763fbbcf180_0 .net "regWrite", 0 0, v0x5763fbc18b00_0;  alias, 1 drivers
v0x5763fbbcf220_0 .net "reset", 0 0, v0x5763fbc189c0_0;  alias, 1 drivers
S_0x5763fbbcf3e0 .scope generate, "genblk1[5]" "genblk1[5]" 7 12, 7 12 0, S_0x5763fbbcb710;
 .timescale 0 0;
P_0x5763fbbcf5e0 .param/l "i" 1 7 12, +C4<0101>;
S_0x5763fbbcf6c0 .scope module, "dff" "D_ff" 7 13, 8 1 0, S_0x5763fbbcf3e0;
 .timescale 0 0;
    .port_info 0 /INPUT 1 "clk";
    .port_info 1 /INPUT 1 "chipSelect";
    .port_info 2 /INPUT 1 "reset";
    .port_info 3 /INPUT 1 "regWrite";
    .port_info 4 /INPUT 1 "enable";
    .port_info 5 /INPUT 1 "d";
    .port_info 6 /OUTPUT 1 "q";
v0x5763fbbcf950_0 .net "chipSelect", 0 0, v0x5763fbc186d0_0;  alias, 1 drivers
v0x5763fbbcfa10_0 .net "clk", 0 0, v0x5763fbc18790_0;  alias, 1 drivers
v0x5763fbbcfad0_0 .net "d", 0 0, L_0x5763fbc2e530;  1 drivers
v0x5763fbbcfb70_0 .net "enable", 0 0, L_0x5763fbc2eaf0;  alias, 1 drivers
v0x5763fbbcfc10_0 .var "q", 0 0;
v0x5763fbbcfd00_0 .net "regWrite", 0 0, v0x5763fbc18b00_0;  alias, 1 drivers
v0x5763fbbcfda0_0 .net "reset", 0 0, v0x5763fbc189c0_0;  alias, 1 drivers
S_0x5763fbbcff60 .scope generate, "genblk1[6]" "genblk1[6]" 7 12, 7 12 0, S_0x5763fbbcb710;
 .timescale 0 0;
P_0x5763fbbd0160 .param/l "i" 1 7 12, +C4<0110>;
S_0x5763fbbd0240 .scope module, "dff" "D_ff" 7 13, 8 1 0, S_0x5763fbbcff60;
 .timescale 0 0;
    .port_info 0 /INPUT 1 "clk";
    .port_info 1 /INPUT 1 "chipSelect";
    .port_info 2 /INPUT 1 "reset";
    .port_info 3 /INPUT 1 "regWrite";
    .port_info 4 /INPUT 1 "enable";
    .port_info 5 /INPUT 1 "d";
    .port_info 6 /OUTPUT 1 "q";
v0x5763fbbd04d0_0 .net "chipSelect", 0 0, v0x5763fbc186d0_0;  alias, 1 drivers
v0x5763fbbd0590_0 .net "clk", 0 0, v0x5763fbc18790_0;  alias, 1 drivers
v0x5763fbbd0650_0 .net "d", 0 0, L_0x5763fbc2e600;  1 drivers
v0x5763fbbd06f0_0 .net "enable", 0 0, L_0x5763fbc2eaf0;  alias, 1 drivers
v0x5763fbbd0790_0 .var "q", 0 0;
v0x5763fbbd0880_0 .net "regWrite", 0 0, v0x5763fbc18b00_0;  alias, 1 drivers
v0x5763fbbd0920_0 .net "reset", 0 0, v0x5763fbc189c0_0;  alias, 1 drivers
S_0x5763fbbd0ae0 .scope generate, "genblk1[7]" "genblk1[7]" 7 12, 7 12 0, S_0x5763fbbcb710;
 .timescale 0 0;
P_0x5763fbbd0ce0 .param/l "i" 1 7 12, +C4<0111>;
S_0x5763fbbd0dc0 .scope module, "dff" "D_ff" 7 13, 8 1 0, S_0x5763fbbd0ae0;
 .timescale 0 0;
    .port_info 0 /INPUT 1 "clk";
    .port_info 1 /INPUT 1 "chipSelect";
    .port_info 2 /INPUT 1 "reset";
    .port_info 3 /INPUT 1 "regWrite";
    .port_info 4 /INPUT 1 "enable";
    .port_info 5 /INPUT 1 "d";
    .port_info 6 /OUTPUT 1 "q";
v0x5763fbbd1050_0 .net "chipSelect", 0 0, v0x5763fbc186d0_0;  alias, 1 drivers
v0x5763fbbd1110_0 .net "clk", 0 0, v0x5763fbc18790_0;  alias, 1 drivers
v0x5763fbbd11d0_0 .net "d", 0 0, L_0x5763fbc2e6a0;  1 drivers
v0x5763fbbd1270_0 .net "enable", 0 0, L_0x5763fbc2eaf0;  alias, 1 drivers
v0x5763fbbd1310_0 .var "q", 0 0;
v0x5763fbbd1400_0 .net "regWrite", 0 0, v0x5763fbc18b00_0;  alias, 1 drivers
v0x5763fbbd14a0_0 .net "reset", 0 0, v0x5763fbc189c0_0;  alias, 1 drivers
S_0x5763fbbd1d40 .scope module, "rMem29" "register8bit" 3 66, 7 2 0, S_0x5763fbb495f0;
 .timescale 0 0;
    .port_info 0 /INPUT 1 "clk";
    .port_info 1 /INPUT 1 "chipSelect";
    .port_info 2 /INPUT 1 "reset";
    .port_info 3 /INPUT 1 "regWrite";
    .port_info 4 /INPUT 1 "enable";
    .port_info 5 /INPUT 8 "inR";
    .port_info 6 /OUTPUT 8 "outR";
v0x5763fbbd7c90_0 .net "chipSelect", 0 0, v0x5763fbc186d0_0;  alias, 1 drivers
v0x5763fbbd7d50_0 .net "clk", 0 0, v0x5763fbc18790_0;  alias, 1 drivers
v0x5763fbbd7e10_0 .net "enable", 0 0, L_0x5763fbc2f860;  1 drivers
v0x5763fbbd7fc0_0 .net "inR", 7 0, L_0x5763fbc2f900;  1 drivers
v0x5763fbbd8060_0 .net "outR", 7 0, L_0x5763fbc2f640;  alias, 1 drivers
v0x5763fbbd8170_0 .net "regWrite", 0 0, v0x5763fbc18b00_0;  alias, 1 drivers
v0x5763fbbd8210_0 .net "reset", 0 0, v0x5763fbc189c0_0;  alias, 1 drivers
L_0x5763fbc2ee10 .part L_0x5763fbc2f900, 0, 1;
L_0x5763fbc2ef10 .part L_0x5763fbc2f900, 1, 1;
L_0x5763fbc2f030 .part L_0x5763fbc2f900, 2, 1;
L_0x5763fbc2f0d0 .part L_0x5763fbc2f900, 3, 1;
L_0x5763fbc2f1d0 .part L_0x5763fbc2f900, 4, 1;
L_0x5763fbc2f2a0 .part L_0x5763fbc2f900, 5, 1;
L_0x5763fbc2f370 .part L_0x5763fbc2f900, 6, 1;
L_0x5763fbc2f410 .part L_0x5763fbc2f900, 7, 1;
LS_0x5763fbc2f640_0_0 .concat8 [ 1 1 1 1], v0x5763fbbd2860_0, v0x5763fbbd3400_0, v0x5763fbbd3fc0_0, v0x5763fbbd4b40_0;
LS_0x5763fbc2f640_0_4 .concat8 [ 1 1 1 1], v0x5763fbbd5710_0, v0x5763fbbd6240_0, v0x5763fbbd6dc0_0, v0x5763fbbd7940_0;
L_0x5763fbc2f640 .concat8 [ 4 4 0 0], LS_0x5763fbc2f640_0_0, LS_0x5763fbc2f640_0_4;
S_0x5763fbbd1fd0 .scope generate, "genblk1[0]" "genblk1[0]" 7 12, 7 12 0, S_0x5763fbbd1d40;
 .timescale 0 0;
P_0x5763fbbd21f0 .param/l "i" 1 7 12, +C4<00>;
S_0x5763fbbd22d0 .scope module, "dff" "D_ff" 7 13, 8 1 0, S_0x5763fbbd1fd0;
 .timescale 0 0;
    .port_info 0 /INPUT 1 "clk";
    .port_info 1 /INPUT 1 "chipSelect";
    .port_info 2 /INPUT 1 "reset";
    .port_info 3 /INPUT 1 "regWrite";
    .port_info 4 /INPUT 1 "enable";
    .port_info 5 /INPUT 1 "d";
    .port_info 6 /OUTPUT 1 "q";
v0x5763fbbd25a0_0 .net "chipSelect", 0 0, v0x5763fbc186d0_0;  alias, 1 drivers
v0x5763fbbd2660_0 .net "clk", 0 0, v0x5763fbc18790_0;  alias, 1 drivers
v0x5763fbbd2720_0 .net "d", 0 0, L_0x5763fbc2ee10;  1 drivers
v0x5763fbbd27c0_0 .net "enable", 0 0, L_0x5763fbc2f860;  alias, 1 drivers
v0x5763fbbd2860_0 .var "q", 0 0;
v0x5763fbbd2970_0 .net "regWrite", 0 0, v0x5763fbc18b00_0;  alias, 1 drivers
v0x5763fbbd2a10_0 .net "reset", 0 0, v0x5763fbc189c0_0;  alias, 1 drivers
S_0x5763fbbd2bd0 .scope generate, "genblk1[1]" "genblk1[1]" 7 12, 7 12 0, S_0x5763fbbd1d40;
 .timescale 0 0;
P_0x5763fbbd2df0 .param/l "i" 1 7 12, +C4<01>;
S_0x5763fbbd2eb0 .scope module, "dff" "D_ff" 7 13, 8 1 0, S_0x5763fbbd2bd0;
 .timescale 0 0;
    .port_info 0 /INPUT 1 "clk";
    .port_info 1 /INPUT 1 "chipSelect";
    .port_info 2 /INPUT 1 "reset";
    .port_info 3 /INPUT 1 "regWrite";
    .port_info 4 /INPUT 1 "enable";
    .port_info 5 /INPUT 1 "d";
    .port_info 6 /OUTPUT 1 "q";
v0x5763fbbd3140_0 .net "chipSelect", 0 0, v0x5763fbc186d0_0;  alias, 1 drivers
v0x5763fbbd3200_0 .net "clk", 0 0, v0x5763fbc18790_0;  alias, 1 drivers
v0x5763fbbd32c0_0 .net "d", 0 0, L_0x5763fbc2ef10;  1 drivers
v0x5763fbbd3360_0 .net "enable", 0 0, L_0x5763fbc2f860;  alias, 1 drivers
v0x5763fbbd3400_0 .var "q", 0 0;
v0x5763fbbd34f0_0 .net "regWrite", 0 0, v0x5763fbc18b00_0;  alias, 1 drivers
v0x5763fbbd3590_0 .net "reset", 0 0, v0x5763fbc189c0_0;  alias, 1 drivers
S_0x5763fbbd3730 .scope generate, "genblk1[2]" "genblk1[2]" 7 12, 7 12 0, S_0x5763fbbd1d40;
 .timescale 0 0;
P_0x5763fbbd3930 .param/l "i" 1 7 12, +C4<010>;
S_0x5763fbbd39f0 .scope module, "dff" "D_ff" 7 13, 8 1 0, S_0x5763fbbd3730;
 .timescale 0 0;
    .port_info 0 /INPUT 1 "clk";
    .port_info 1 /INPUT 1 "chipSelect";
    .port_info 2 /INPUT 1 "reset";
    .port_info 3 /INPUT 1 "regWrite";
    .port_info 4 /INPUT 1 "enable";
    .port_info 5 /INPUT 1 "d";
    .port_info 6 /OUTPUT 1 "q";
v0x5763fbbd3c80_0 .net "chipSelect", 0 0, v0x5763fbc186d0_0;  alias, 1 drivers
v0x5763fbbd3d40_0 .net "clk", 0 0, v0x5763fbc18790_0;  alias, 1 drivers
v0x5763fbbd3e00_0 .net "d", 0 0, L_0x5763fbc2f030;  1 drivers
v0x5763fbbd3ed0_0 .net "enable", 0 0, L_0x5763fbc2f860;  alias, 1 drivers
v0x5763fbbd3fc0_0 .var "q", 0 0;
v0x5763fbbd40b0_0 .net "regWrite", 0 0, v0x5763fbc18b00_0;  alias, 1 drivers
v0x5763fbbd4150_0 .net "reset", 0 0, v0x5763fbc189c0_0;  alias, 1 drivers
S_0x5763fbbd4310 .scope generate, "genblk1[3]" "genblk1[3]" 7 12, 7 12 0, S_0x5763fbbd1d40;
 .timescale 0 0;
P_0x5763fbbd4510 .param/l "i" 1 7 12, +C4<011>;
S_0x5763fbbd45f0 .scope module, "dff" "D_ff" 7 13, 8 1 0, S_0x5763fbbd4310;
 .timescale 0 0;
    .port_info 0 /INPUT 1 "clk";
    .port_info 1 /INPUT 1 "chipSelect";
    .port_info 2 /INPUT 1 "reset";
    .port_info 3 /INPUT 1 "regWrite";
    .port_info 4 /INPUT 1 "enable";
    .port_info 5 /INPUT 1 "d";
    .port_info 6 /OUTPUT 1 "q";
v0x5763fbbd4880_0 .net "chipSelect", 0 0, v0x5763fbc186d0_0;  alias, 1 drivers
v0x5763fbbd4940_0 .net "clk", 0 0, v0x5763fbc18790_0;  alias, 1 drivers
v0x5763fbbd4a00_0 .net "d", 0 0, L_0x5763fbc2f0d0;  1 drivers
v0x5763fbbd4aa0_0 .net "enable", 0 0, L_0x5763fbc2f860;  alias, 1 drivers
v0x5763fbbd4b40_0 .var "q", 0 0;
v0x5763fbbd4c30_0 .net "regWrite", 0 0, v0x5763fbc18b00_0;  alias, 1 drivers
v0x5763fbbd4cd0_0 .net "reset", 0 0, v0x5763fbc189c0_0;  alias, 1 drivers
S_0x5763fbbd4e90 .scope generate, "genblk1[4]" "genblk1[4]" 7 12, 7 12 0, S_0x5763fbbd1d40;
 .timescale 0 0;
P_0x5763fbbd50e0 .param/l "i" 1 7 12, +C4<0100>;
S_0x5763fbbd51c0 .scope module, "dff" "D_ff" 7 13, 8 1 0, S_0x5763fbbd4e90;
 .timescale 0 0;
    .port_info 0 /INPUT 1 "clk";
    .port_info 1 /INPUT 1 "chipSelect";
    .port_info 2 /INPUT 1 "reset";
    .port_info 3 /INPUT 1 "regWrite";
    .port_info 4 /INPUT 1 "enable";
    .port_info 5 /INPUT 1 "d";
    .port_info 6 /OUTPUT 1 "q";
v0x5763fbbd5450_0 .net "chipSelect", 0 0, v0x5763fbc186d0_0;  alias, 1 drivers
v0x5763fbbd5510_0 .net "clk", 0 0, v0x5763fbc18790_0;  alias, 1 drivers
v0x5763fbbd55d0_0 .net "d", 0 0, L_0x5763fbc2f1d0;  1 drivers
v0x5763fbbd5670_0 .net "enable", 0 0, L_0x5763fbc2f860;  alias, 1 drivers
v0x5763fbbd5710_0 .var "q", 0 0;
v0x5763fbbd57b0_0 .net "regWrite", 0 0, v0x5763fbc18b00_0;  alias, 1 drivers
v0x5763fbbd5850_0 .net "reset", 0 0, v0x5763fbc189c0_0;  alias, 1 drivers
S_0x5763fbbd5a10 .scope generate, "genblk1[5]" "genblk1[5]" 7 12, 7 12 0, S_0x5763fbbd1d40;
 .timescale 0 0;
P_0x5763fbbd5c10 .param/l "i" 1 7 12, +C4<0101>;
S_0x5763fbbd5cf0 .scope module, "dff" "D_ff" 7 13, 8 1 0, S_0x5763fbbd5a10;
 .timescale 0 0;
    .port_info 0 /INPUT 1 "clk";
    .port_info 1 /INPUT 1 "chipSelect";
    .port_info 2 /INPUT 1 "reset";
    .port_info 3 /INPUT 1 "regWrite";
    .port_info 4 /INPUT 1 "enable";
    .port_info 5 /INPUT 1 "d";
    .port_info 6 /OUTPUT 1 "q";
v0x5763fbbd5f80_0 .net "chipSelect", 0 0, v0x5763fbc186d0_0;  alias, 1 drivers
v0x5763fbbd6040_0 .net "clk", 0 0, v0x5763fbc18790_0;  alias, 1 drivers
v0x5763fbbd6100_0 .net "d", 0 0, L_0x5763fbc2f2a0;  1 drivers
v0x5763fbbd61a0_0 .net "enable", 0 0, L_0x5763fbc2f860;  alias, 1 drivers
v0x5763fbbd6240_0 .var "q", 0 0;
v0x5763fbbd6330_0 .net "regWrite", 0 0, v0x5763fbc18b00_0;  alias, 1 drivers
v0x5763fbbd63d0_0 .net "reset", 0 0, v0x5763fbc189c0_0;  alias, 1 drivers
S_0x5763fbbd6590 .scope generate, "genblk1[6]" "genblk1[6]" 7 12, 7 12 0, S_0x5763fbbd1d40;
 .timescale 0 0;
P_0x5763fbbd6790 .param/l "i" 1 7 12, +C4<0110>;
S_0x5763fbbd6870 .scope module, "dff" "D_ff" 7 13, 8 1 0, S_0x5763fbbd6590;
 .timescale 0 0;
    .port_info 0 /INPUT 1 "clk";
    .port_info 1 /INPUT 1 "chipSelect";
    .port_info 2 /INPUT 1 "reset";
    .port_info 3 /INPUT 1 "regWrite";
    .port_info 4 /INPUT 1 "enable";
    .port_info 5 /INPUT 1 "d";
    .port_info 6 /OUTPUT 1 "q";
v0x5763fbbd6b00_0 .net "chipSelect", 0 0, v0x5763fbc186d0_0;  alias, 1 drivers
v0x5763fbbd6bc0_0 .net "clk", 0 0, v0x5763fbc18790_0;  alias, 1 drivers
v0x5763fbbd6c80_0 .net "d", 0 0, L_0x5763fbc2f370;  1 drivers
v0x5763fbbd6d20_0 .net "enable", 0 0, L_0x5763fbc2f860;  alias, 1 drivers
v0x5763fbbd6dc0_0 .var "q", 0 0;
v0x5763fbbd6eb0_0 .net "regWrite", 0 0, v0x5763fbc18b00_0;  alias, 1 drivers
v0x5763fbbd6f50_0 .net "reset", 0 0, v0x5763fbc189c0_0;  alias, 1 drivers
S_0x5763fbbd7110 .scope generate, "genblk1[7]" "genblk1[7]" 7 12, 7 12 0, S_0x5763fbbd1d40;
 .timescale 0 0;
P_0x5763fbbd7310 .param/l "i" 1 7 12, +C4<0111>;
S_0x5763fbbd73f0 .scope module, "dff" "D_ff" 7 13, 8 1 0, S_0x5763fbbd7110;
 .timescale 0 0;
    .port_info 0 /INPUT 1 "clk";
    .port_info 1 /INPUT 1 "chipSelect";
    .port_info 2 /INPUT 1 "reset";
    .port_info 3 /INPUT 1 "regWrite";
    .port_info 4 /INPUT 1 "enable";
    .port_info 5 /INPUT 1 "d";
    .port_info 6 /OUTPUT 1 "q";
v0x5763fbbd7680_0 .net "chipSelect", 0 0, v0x5763fbc186d0_0;  alias, 1 drivers
v0x5763fbbd7740_0 .net "clk", 0 0, v0x5763fbc18790_0;  alias, 1 drivers
v0x5763fbbd7800_0 .net "d", 0 0, L_0x5763fbc2f410;  1 drivers
v0x5763fbbd78a0_0 .net "enable", 0 0, L_0x5763fbc2f860;  alias, 1 drivers
v0x5763fbbd7940_0 .var "q", 0 0;
v0x5763fbbd7a30_0 .net "regWrite", 0 0, v0x5763fbc18b00_0;  alias, 1 drivers
v0x5763fbbd7ad0_0 .net "reset", 0 0, v0x5763fbc189c0_0;  alias, 1 drivers
S_0x5763fbbd8370 .scope module, "rMem3" "register8bit" 3 27, 7 2 0, S_0x5763fbb495f0;
 .timescale 0 0;
    .port_info 0 /INPUT 1 "clk";
    .port_info 1 /INPUT 1 "chipSelect";
    .port_info 2 /INPUT 1 "reset";
    .port_info 3 /INPUT 1 "regWrite";
    .port_info 4 /INPUT 1 "enable";
    .port_info 5 /INPUT 8 "inR";
    .port_info 6 /OUTPUT 8 "outR";
v0x5763fbbde2c0_0 .net "chipSelect", 0 0, v0x5763fbc186d0_0;  alias, 1 drivers
v0x5763fbbde380_0 .net "clk", 0 0, v0x5763fbc18790_0;  alias, 1 drivers
v0x5763fbbde440_0 .net "enable", 0 0, L_0x5763fbc1b220;  1 drivers
v0x5763fbbde5f0_0 .net "inR", 7 0, L_0x5763fbc1b2c0;  1 drivers
v0x5763fbbde690_0 .net "outR", 7 0, L_0x5763fbc1b000;  alias, 1 drivers
v0x5763fbbde7a0_0 .net "regWrite", 0 0, v0x5763fbc18b00_0;  alias, 1 drivers
v0x5763fbbde840_0 .net "reset", 0 0, v0x5763fbc189c0_0;  alias, 1 drivers
L_0x5763fbc1a810 .part L_0x5763fbc1b2c0, 0, 1;
L_0x5763fbc1a8e0 .part L_0x5763fbc1b2c0, 1, 1;
L_0x5763fbc1a9b0 .part L_0x5763fbc1b2c0, 2, 1;
L_0x5763fbc1aa50 .part L_0x5763fbc1b2c0, 3, 1;
L_0x5763fbc1ab50 .part L_0x5763fbc1b2c0, 4, 1;
L_0x5763fbc1ac20 .part L_0x5763fbc1b2c0, 5, 1;
L_0x5763fbc1ad30 .part L_0x5763fbc1b2c0, 6, 1;
L_0x5763fbc1add0 .part L_0x5763fbc1b2c0, 7, 1;
LS_0x5763fbc1b000_0_0 .concat8 [ 1 1 1 1], v0x5763fbbd8e90_0, v0x5763fbbd9a30_0, v0x5763fbbda5f0_0, v0x5763fbbdb170_0;
LS_0x5763fbc1b000_0_4 .concat8 [ 1 1 1 1], v0x5763fbbdbd40_0, v0x5763fbbdc870_0, v0x5763fbbdd3f0_0, v0x5763fbbddf70_0;
L_0x5763fbc1b000 .concat8 [ 4 4 0 0], LS_0x5763fbc1b000_0_0, LS_0x5763fbc1b000_0_4;
S_0x5763fbbd8600 .scope generate, "genblk1[0]" "genblk1[0]" 7 12, 7 12 0, S_0x5763fbbd8370;
 .timescale 0 0;
P_0x5763fbbd8820 .param/l "i" 1 7 12, +C4<00>;
S_0x5763fbbd8900 .scope module, "dff" "D_ff" 7 13, 8 1 0, S_0x5763fbbd8600;
 .timescale 0 0;
    .port_info 0 /INPUT 1 "clk";
    .port_info 1 /INPUT 1 "chipSelect";
    .port_info 2 /INPUT 1 "reset";
    .port_info 3 /INPUT 1 "regWrite";
    .port_info 4 /INPUT 1 "enable";
    .port_info 5 /INPUT 1 "d";
    .port_info 6 /OUTPUT 1 "q";
v0x5763fbbd8bd0_0 .net "chipSelect", 0 0, v0x5763fbc186d0_0;  alias, 1 drivers
v0x5763fbbd8c90_0 .net "clk", 0 0, v0x5763fbc18790_0;  alias, 1 drivers
v0x5763fbbd8d50_0 .net "d", 0 0, L_0x5763fbc1a810;  1 drivers
v0x5763fbbd8df0_0 .net "enable", 0 0, L_0x5763fbc1b220;  alias, 1 drivers
v0x5763fbbd8e90_0 .var "q", 0 0;
v0x5763fbbd8fa0_0 .net "regWrite", 0 0, v0x5763fbc18b00_0;  alias, 1 drivers
v0x5763fbbd9040_0 .net "reset", 0 0, v0x5763fbc189c0_0;  alias, 1 drivers
S_0x5763fbbd9200 .scope generate, "genblk1[1]" "genblk1[1]" 7 12, 7 12 0, S_0x5763fbbd8370;
 .timescale 0 0;
P_0x5763fbbd9420 .param/l "i" 1 7 12, +C4<01>;
S_0x5763fbbd94e0 .scope module, "dff" "D_ff" 7 13, 8 1 0, S_0x5763fbbd9200;
 .timescale 0 0;
    .port_info 0 /INPUT 1 "clk";
    .port_info 1 /INPUT 1 "chipSelect";
    .port_info 2 /INPUT 1 "reset";
    .port_info 3 /INPUT 1 "regWrite";
    .port_info 4 /INPUT 1 "enable";
    .port_info 5 /INPUT 1 "d";
    .port_info 6 /OUTPUT 1 "q";
v0x5763fbbd9770_0 .net "chipSelect", 0 0, v0x5763fbc186d0_0;  alias, 1 drivers
v0x5763fbbd9830_0 .net "clk", 0 0, v0x5763fbc18790_0;  alias, 1 drivers
v0x5763fbbd98f0_0 .net "d", 0 0, L_0x5763fbc1a8e0;  1 drivers
v0x5763fbbd9990_0 .net "enable", 0 0, L_0x5763fbc1b220;  alias, 1 drivers
v0x5763fbbd9a30_0 .var "q", 0 0;
v0x5763fbbd9b20_0 .net "regWrite", 0 0, v0x5763fbc18b00_0;  alias, 1 drivers
v0x5763fbbd9bc0_0 .net "reset", 0 0, v0x5763fbc189c0_0;  alias, 1 drivers
S_0x5763fbbd9d60 .scope generate, "genblk1[2]" "genblk1[2]" 7 12, 7 12 0, S_0x5763fbbd8370;
 .timescale 0 0;
P_0x5763fbbd9f60 .param/l "i" 1 7 12, +C4<010>;
S_0x5763fbbda020 .scope module, "dff" "D_ff" 7 13, 8 1 0, S_0x5763fbbd9d60;
 .timescale 0 0;
    .port_info 0 /INPUT 1 "clk";
    .port_info 1 /INPUT 1 "chipSelect";
    .port_info 2 /INPUT 1 "reset";
    .port_info 3 /INPUT 1 "regWrite";
    .port_info 4 /INPUT 1 "enable";
    .port_info 5 /INPUT 1 "d";
    .port_info 6 /OUTPUT 1 "q";
v0x5763fbbda2b0_0 .net "chipSelect", 0 0, v0x5763fbc186d0_0;  alias, 1 drivers
v0x5763fbbda370_0 .net "clk", 0 0, v0x5763fbc18790_0;  alias, 1 drivers
v0x5763fbbda430_0 .net "d", 0 0, L_0x5763fbc1a9b0;  1 drivers
v0x5763fbbda500_0 .net "enable", 0 0, L_0x5763fbc1b220;  alias, 1 drivers
v0x5763fbbda5f0_0 .var "q", 0 0;
v0x5763fbbda6e0_0 .net "regWrite", 0 0, v0x5763fbc18b00_0;  alias, 1 drivers
v0x5763fbbda780_0 .net "reset", 0 0, v0x5763fbc189c0_0;  alias, 1 drivers
S_0x5763fbbda940 .scope generate, "genblk1[3]" "genblk1[3]" 7 12, 7 12 0, S_0x5763fbbd8370;
 .timescale 0 0;
P_0x5763fbbdab40 .param/l "i" 1 7 12, +C4<011>;
S_0x5763fbbdac20 .scope module, "dff" "D_ff" 7 13, 8 1 0, S_0x5763fbbda940;
 .timescale 0 0;
    .port_info 0 /INPUT 1 "clk";
    .port_info 1 /INPUT 1 "chipSelect";
    .port_info 2 /INPUT 1 "reset";
    .port_info 3 /INPUT 1 "regWrite";
    .port_info 4 /INPUT 1 "enable";
    .port_info 5 /INPUT 1 "d";
    .port_info 6 /OUTPUT 1 "q";
v0x5763fbbdaeb0_0 .net "chipSelect", 0 0, v0x5763fbc186d0_0;  alias, 1 drivers
v0x5763fbbdaf70_0 .net "clk", 0 0, v0x5763fbc18790_0;  alias, 1 drivers
v0x5763fbbdb030_0 .net "d", 0 0, L_0x5763fbc1aa50;  1 drivers
v0x5763fbbdb0d0_0 .net "enable", 0 0, L_0x5763fbc1b220;  alias, 1 drivers
v0x5763fbbdb170_0 .var "q", 0 0;
v0x5763fbbdb260_0 .net "regWrite", 0 0, v0x5763fbc18b00_0;  alias, 1 drivers
v0x5763fbbdb300_0 .net "reset", 0 0, v0x5763fbc189c0_0;  alias, 1 drivers
S_0x5763fbbdb4c0 .scope generate, "genblk1[4]" "genblk1[4]" 7 12, 7 12 0, S_0x5763fbbd8370;
 .timescale 0 0;
P_0x5763fbbdb710 .param/l "i" 1 7 12, +C4<0100>;
S_0x5763fbbdb7f0 .scope module, "dff" "D_ff" 7 13, 8 1 0, S_0x5763fbbdb4c0;
 .timescale 0 0;
    .port_info 0 /INPUT 1 "clk";
    .port_info 1 /INPUT 1 "chipSelect";
    .port_info 2 /INPUT 1 "reset";
    .port_info 3 /INPUT 1 "regWrite";
    .port_info 4 /INPUT 1 "enable";
    .port_info 5 /INPUT 1 "d";
    .port_info 6 /OUTPUT 1 "q";
v0x5763fbbdba80_0 .net "chipSelect", 0 0, v0x5763fbc186d0_0;  alias, 1 drivers
v0x5763fbbdbb40_0 .net "clk", 0 0, v0x5763fbc18790_0;  alias, 1 drivers
v0x5763fbbdbc00_0 .net "d", 0 0, L_0x5763fbc1ab50;  1 drivers
v0x5763fbbdbca0_0 .net "enable", 0 0, L_0x5763fbc1b220;  alias, 1 drivers
v0x5763fbbdbd40_0 .var "q", 0 0;
v0x5763fbbdbde0_0 .net "regWrite", 0 0, v0x5763fbc18b00_0;  alias, 1 drivers
v0x5763fbbdbe80_0 .net "reset", 0 0, v0x5763fbc189c0_0;  alias, 1 drivers
S_0x5763fbbdc040 .scope generate, "genblk1[5]" "genblk1[5]" 7 12, 7 12 0, S_0x5763fbbd8370;
 .timescale 0 0;
P_0x5763fbbdc240 .param/l "i" 1 7 12, +C4<0101>;
S_0x5763fbbdc320 .scope module, "dff" "D_ff" 7 13, 8 1 0, S_0x5763fbbdc040;
 .timescale 0 0;
    .port_info 0 /INPUT 1 "clk";
    .port_info 1 /INPUT 1 "chipSelect";
    .port_info 2 /INPUT 1 "reset";
    .port_info 3 /INPUT 1 "regWrite";
    .port_info 4 /INPUT 1 "enable";
    .port_info 5 /INPUT 1 "d";
    .port_info 6 /OUTPUT 1 "q";
v0x5763fbbdc5b0_0 .net "chipSelect", 0 0, v0x5763fbc186d0_0;  alias, 1 drivers
v0x5763fbbdc670_0 .net "clk", 0 0, v0x5763fbc18790_0;  alias, 1 drivers
v0x5763fbbdc730_0 .net "d", 0 0, L_0x5763fbc1ac20;  1 drivers
v0x5763fbbdc7d0_0 .net "enable", 0 0, L_0x5763fbc1b220;  alias, 1 drivers
v0x5763fbbdc870_0 .var "q", 0 0;
v0x5763fbbdc960_0 .net "regWrite", 0 0, v0x5763fbc18b00_0;  alias, 1 drivers
v0x5763fbbdca00_0 .net "reset", 0 0, v0x5763fbc189c0_0;  alias, 1 drivers
S_0x5763fbbdcbc0 .scope generate, "genblk1[6]" "genblk1[6]" 7 12, 7 12 0, S_0x5763fbbd8370;
 .timescale 0 0;
P_0x5763fbbdcdc0 .param/l "i" 1 7 12, +C4<0110>;
S_0x5763fbbdcea0 .scope module, "dff" "D_ff" 7 13, 8 1 0, S_0x5763fbbdcbc0;
 .timescale 0 0;
    .port_info 0 /INPUT 1 "clk";
    .port_info 1 /INPUT 1 "chipSelect";
    .port_info 2 /INPUT 1 "reset";
    .port_info 3 /INPUT 1 "regWrite";
    .port_info 4 /INPUT 1 "enable";
    .port_info 5 /INPUT 1 "d";
    .port_info 6 /OUTPUT 1 "q";
v0x5763fbbdd130_0 .net "chipSelect", 0 0, v0x5763fbc186d0_0;  alias, 1 drivers
v0x5763fbbdd1f0_0 .net "clk", 0 0, v0x5763fbc18790_0;  alias, 1 drivers
v0x5763fbbdd2b0_0 .net "d", 0 0, L_0x5763fbc1ad30;  1 drivers
v0x5763fbbdd350_0 .net "enable", 0 0, L_0x5763fbc1b220;  alias, 1 drivers
v0x5763fbbdd3f0_0 .var "q", 0 0;
v0x5763fbbdd4e0_0 .net "regWrite", 0 0, v0x5763fbc18b00_0;  alias, 1 drivers
v0x5763fbbdd580_0 .net "reset", 0 0, v0x5763fbc189c0_0;  alias, 1 drivers
S_0x5763fbbdd740 .scope generate, "genblk1[7]" "genblk1[7]" 7 12, 7 12 0, S_0x5763fbbd8370;
 .timescale 0 0;
P_0x5763fbbdd940 .param/l "i" 1 7 12, +C4<0111>;
S_0x5763fbbdda20 .scope module, "dff" "D_ff" 7 13, 8 1 0, S_0x5763fbbdd740;
 .timescale 0 0;
    .port_info 0 /INPUT 1 "clk";
    .port_info 1 /INPUT 1 "chipSelect";
    .port_info 2 /INPUT 1 "reset";
    .port_info 3 /INPUT 1 "regWrite";
    .port_info 4 /INPUT 1 "enable";
    .port_info 5 /INPUT 1 "d";
    .port_info 6 /OUTPUT 1 "q";
v0x5763fbbddcb0_0 .net "chipSelect", 0 0, v0x5763fbc186d0_0;  alias, 1 drivers
v0x5763fbbddd70_0 .net "clk", 0 0, v0x5763fbc18790_0;  alias, 1 drivers
v0x5763fbbdde30_0 .net "d", 0 0, L_0x5763fbc1add0;  1 drivers
v0x5763fbbdded0_0 .net "enable", 0 0, L_0x5763fbc1b220;  alias, 1 drivers
v0x5763fbbddf70_0 .var "q", 0 0;
v0x5763fbbde060_0 .net "regWrite", 0 0, v0x5763fbc18b00_0;  alias, 1 drivers
v0x5763fbbde100_0 .net "reset", 0 0, v0x5763fbc189c0_0;  alias, 1 drivers
S_0x5763fbbde9a0 .scope module, "rMem30" "register8bit" 3 68, 7 2 0, S_0x5763fbb495f0;
 .timescale 0 0;
    .port_info 0 /INPUT 1 "clk";
    .port_info 1 /INPUT 1 "chipSelect";
    .port_info 2 /INPUT 1 "reset";
    .port_info 3 /INPUT 1 "regWrite";
    .port_info 4 /INPUT 1 "enable";
    .port_info 5 /INPUT 8 "inR";
    .port_info 6 /OUTPUT 8 "outR";
v0x5763fbbe48f0_0 .net "chipSelect", 0 0, v0x5763fbc186d0_0;  alias, 1 drivers
v0x5763fbbe49b0_0 .net "clk", 0 0, v0x5763fbc18790_0;  alias, 1 drivers
v0x5763fbbe4a70_0 .net "enable", 0 0, L_0x5763fbc305e0;  1 drivers
v0x5763fbbe4c20_0 .net "inR", 7 0, L_0x5763fbc30680;  1 drivers
v0x5763fbbe4cc0_0 .net "outR", 7 0, L_0x5763fbc303c0;  alias, 1 drivers
v0x5763fbbe4dd0_0 .net "regWrite", 0 0, v0x5763fbc18b00_0;  alias, 1 drivers
v0x5763fbbe4e70_0 .net "reset", 0 0, v0x5763fbc189c0_0;  alias, 1 drivers
L_0x5763fbc2fb90 .part L_0x5763fbc30680, 0, 1;
L_0x5763fbc2fc90 .part L_0x5763fbc30680, 1, 1;
L_0x5763fbc2fdb0 .part L_0x5763fbc30680, 2, 1;
L_0x5763fbc2fe50 .part L_0x5763fbc30680, 3, 1;
L_0x5763fbc2ff50 .part L_0x5763fbc30680, 4, 1;
L_0x5763fbc30020 .part L_0x5763fbc30680, 5, 1;
L_0x5763fbc300f0 .part L_0x5763fbc30680, 6, 1;
L_0x5763fbc30190 .part L_0x5763fbc30680, 7, 1;
LS_0x5763fbc303c0_0_0 .concat8 [ 1 1 1 1], v0x5763fbbdf4c0_0, v0x5763fbbe0060_0, v0x5763fbbe0c20_0, v0x5763fbbe17a0_0;
LS_0x5763fbc303c0_0_4 .concat8 [ 1 1 1 1], v0x5763fbbe2370_0, v0x5763fbbe2ea0_0, v0x5763fbbe3a20_0, v0x5763fbbe45a0_0;
L_0x5763fbc303c0 .concat8 [ 4 4 0 0], LS_0x5763fbc303c0_0_0, LS_0x5763fbc303c0_0_4;
S_0x5763fbbdec30 .scope generate, "genblk1[0]" "genblk1[0]" 7 12, 7 12 0, S_0x5763fbbde9a0;
 .timescale 0 0;
P_0x5763fbbdee50 .param/l "i" 1 7 12, +C4<00>;
S_0x5763fbbdef30 .scope module, "dff" "D_ff" 7 13, 8 1 0, S_0x5763fbbdec30;
 .timescale 0 0;
    .port_info 0 /INPUT 1 "clk";
    .port_info 1 /INPUT 1 "chipSelect";
    .port_info 2 /INPUT 1 "reset";
    .port_info 3 /INPUT 1 "regWrite";
    .port_info 4 /INPUT 1 "enable";
    .port_info 5 /INPUT 1 "d";
    .port_info 6 /OUTPUT 1 "q";
v0x5763fbbdf200_0 .net "chipSelect", 0 0, v0x5763fbc186d0_0;  alias, 1 drivers
v0x5763fbbdf2c0_0 .net "clk", 0 0, v0x5763fbc18790_0;  alias, 1 drivers
v0x5763fbbdf380_0 .net "d", 0 0, L_0x5763fbc2fb90;  1 drivers
v0x5763fbbdf420_0 .net "enable", 0 0, L_0x5763fbc305e0;  alias, 1 drivers
v0x5763fbbdf4c0_0 .var "q", 0 0;
v0x5763fbbdf5d0_0 .net "regWrite", 0 0, v0x5763fbc18b00_0;  alias, 1 drivers
v0x5763fbbdf670_0 .net "reset", 0 0, v0x5763fbc189c0_0;  alias, 1 drivers
S_0x5763fbbdf830 .scope generate, "genblk1[1]" "genblk1[1]" 7 12, 7 12 0, S_0x5763fbbde9a0;
 .timescale 0 0;
P_0x5763fbbdfa50 .param/l "i" 1 7 12, +C4<01>;
S_0x5763fbbdfb10 .scope module, "dff" "D_ff" 7 13, 8 1 0, S_0x5763fbbdf830;
 .timescale 0 0;
    .port_info 0 /INPUT 1 "clk";
    .port_info 1 /INPUT 1 "chipSelect";
    .port_info 2 /INPUT 1 "reset";
    .port_info 3 /INPUT 1 "regWrite";
    .port_info 4 /INPUT 1 "enable";
    .port_info 5 /INPUT 1 "d";
    .port_info 6 /OUTPUT 1 "q";
v0x5763fbbdfda0_0 .net "chipSelect", 0 0, v0x5763fbc186d0_0;  alias, 1 drivers
v0x5763fbbdfe60_0 .net "clk", 0 0, v0x5763fbc18790_0;  alias, 1 drivers
v0x5763fbbdff20_0 .net "d", 0 0, L_0x5763fbc2fc90;  1 drivers
v0x5763fbbdffc0_0 .net "enable", 0 0, L_0x5763fbc305e0;  alias, 1 drivers
v0x5763fbbe0060_0 .var "q", 0 0;
v0x5763fbbe0150_0 .net "regWrite", 0 0, v0x5763fbc18b00_0;  alias, 1 drivers
v0x5763fbbe01f0_0 .net "reset", 0 0, v0x5763fbc189c0_0;  alias, 1 drivers
S_0x5763fbbe0390 .scope generate, "genblk1[2]" "genblk1[2]" 7 12, 7 12 0, S_0x5763fbbde9a0;
 .timescale 0 0;
P_0x5763fbbe0590 .param/l "i" 1 7 12, +C4<010>;
S_0x5763fbbe0650 .scope module, "dff" "D_ff" 7 13, 8 1 0, S_0x5763fbbe0390;
 .timescale 0 0;
    .port_info 0 /INPUT 1 "clk";
    .port_info 1 /INPUT 1 "chipSelect";
    .port_info 2 /INPUT 1 "reset";
    .port_info 3 /INPUT 1 "regWrite";
    .port_info 4 /INPUT 1 "enable";
    .port_info 5 /INPUT 1 "d";
    .port_info 6 /OUTPUT 1 "q";
v0x5763fbbe08e0_0 .net "chipSelect", 0 0, v0x5763fbc186d0_0;  alias, 1 drivers
v0x5763fbbe09a0_0 .net "clk", 0 0, v0x5763fbc18790_0;  alias, 1 drivers
v0x5763fbbe0a60_0 .net "d", 0 0, L_0x5763fbc2fdb0;  1 drivers
v0x5763fbbe0b30_0 .net "enable", 0 0, L_0x5763fbc305e0;  alias, 1 drivers
v0x5763fbbe0c20_0 .var "q", 0 0;
v0x5763fbbe0d10_0 .net "regWrite", 0 0, v0x5763fbc18b00_0;  alias, 1 drivers
v0x5763fbbe0db0_0 .net "reset", 0 0, v0x5763fbc189c0_0;  alias, 1 drivers
S_0x5763fbbe0f70 .scope generate, "genblk1[3]" "genblk1[3]" 7 12, 7 12 0, S_0x5763fbbde9a0;
 .timescale 0 0;
P_0x5763fbbe1170 .param/l "i" 1 7 12, +C4<011>;
S_0x5763fbbe1250 .scope module, "dff" "D_ff" 7 13, 8 1 0, S_0x5763fbbe0f70;
 .timescale 0 0;
    .port_info 0 /INPUT 1 "clk";
    .port_info 1 /INPUT 1 "chipSelect";
    .port_info 2 /INPUT 1 "reset";
    .port_info 3 /INPUT 1 "regWrite";
    .port_info 4 /INPUT 1 "enable";
    .port_info 5 /INPUT 1 "d";
    .port_info 6 /OUTPUT 1 "q";
v0x5763fbbe14e0_0 .net "chipSelect", 0 0, v0x5763fbc186d0_0;  alias, 1 drivers
v0x5763fbbe15a0_0 .net "clk", 0 0, v0x5763fbc18790_0;  alias, 1 drivers
v0x5763fbbe1660_0 .net "d", 0 0, L_0x5763fbc2fe50;  1 drivers
v0x5763fbbe1700_0 .net "enable", 0 0, L_0x5763fbc305e0;  alias, 1 drivers
v0x5763fbbe17a0_0 .var "q", 0 0;
v0x5763fbbe1890_0 .net "regWrite", 0 0, v0x5763fbc18b00_0;  alias, 1 drivers
v0x5763fbbe1930_0 .net "reset", 0 0, v0x5763fbc189c0_0;  alias, 1 drivers
S_0x5763fbbe1af0 .scope generate, "genblk1[4]" "genblk1[4]" 7 12, 7 12 0, S_0x5763fbbde9a0;
 .timescale 0 0;
P_0x5763fbbe1d40 .param/l "i" 1 7 12, +C4<0100>;
S_0x5763fbbe1e20 .scope module, "dff" "D_ff" 7 13, 8 1 0, S_0x5763fbbe1af0;
 .timescale 0 0;
    .port_info 0 /INPUT 1 "clk";
    .port_info 1 /INPUT 1 "chipSelect";
    .port_info 2 /INPUT 1 "reset";
    .port_info 3 /INPUT 1 "regWrite";
    .port_info 4 /INPUT 1 "enable";
    .port_info 5 /INPUT 1 "d";
    .port_info 6 /OUTPUT 1 "q";
v0x5763fbbe20b0_0 .net "chipSelect", 0 0, v0x5763fbc186d0_0;  alias, 1 drivers
v0x5763fbbe2170_0 .net "clk", 0 0, v0x5763fbc18790_0;  alias, 1 drivers
v0x5763fbbe2230_0 .net "d", 0 0, L_0x5763fbc2ff50;  1 drivers
v0x5763fbbe22d0_0 .net "enable", 0 0, L_0x5763fbc305e0;  alias, 1 drivers
v0x5763fbbe2370_0 .var "q", 0 0;
v0x5763fbbe2410_0 .net "regWrite", 0 0, v0x5763fbc18b00_0;  alias, 1 drivers
v0x5763fbbe24b0_0 .net "reset", 0 0, v0x5763fbc189c0_0;  alias, 1 drivers
S_0x5763fbbe2670 .scope generate, "genblk1[5]" "genblk1[5]" 7 12, 7 12 0, S_0x5763fbbde9a0;
 .timescale 0 0;
P_0x5763fbbe2870 .param/l "i" 1 7 12, +C4<0101>;
S_0x5763fbbe2950 .scope module, "dff" "D_ff" 7 13, 8 1 0, S_0x5763fbbe2670;
 .timescale 0 0;
    .port_info 0 /INPUT 1 "clk";
    .port_info 1 /INPUT 1 "chipSelect";
    .port_info 2 /INPUT 1 "reset";
    .port_info 3 /INPUT 1 "regWrite";
    .port_info 4 /INPUT 1 "enable";
    .port_info 5 /INPUT 1 "d";
    .port_info 6 /OUTPUT 1 "q";
v0x5763fbbe2be0_0 .net "chipSelect", 0 0, v0x5763fbc186d0_0;  alias, 1 drivers
v0x5763fbbe2ca0_0 .net "clk", 0 0, v0x5763fbc18790_0;  alias, 1 drivers
v0x5763fbbe2d60_0 .net "d", 0 0, L_0x5763fbc30020;  1 drivers
v0x5763fbbe2e00_0 .net "enable", 0 0, L_0x5763fbc305e0;  alias, 1 drivers
v0x5763fbbe2ea0_0 .var "q", 0 0;
v0x5763fbbe2f90_0 .net "regWrite", 0 0, v0x5763fbc18b00_0;  alias, 1 drivers
v0x5763fbbe3030_0 .net "reset", 0 0, v0x5763fbc189c0_0;  alias, 1 drivers
S_0x5763fbbe31f0 .scope generate, "genblk1[6]" "genblk1[6]" 7 12, 7 12 0, S_0x5763fbbde9a0;
 .timescale 0 0;
P_0x5763fbbe33f0 .param/l "i" 1 7 12, +C4<0110>;
S_0x5763fbbe34d0 .scope module, "dff" "D_ff" 7 13, 8 1 0, S_0x5763fbbe31f0;
 .timescale 0 0;
    .port_info 0 /INPUT 1 "clk";
    .port_info 1 /INPUT 1 "chipSelect";
    .port_info 2 /INPUT 1 "reset";
    .port_info 3 /INPUT 1 "regWrite";
    .port_info 4 /INPUT 1 "enable";
    .port_info 5 /INPUT 1 "d";
    .port_info 6 /OUTPUT 1 "q";
v0x5763fbbe3760_0 .net "chipSelect", 0 0, v0x5763fbc186d0_0;  alias, 1 drivers
v0x5763fbbe3820_0 .net "clk", 0 0, v0x5763fbc18790_0;  alias, 1 drivers
v0x5763fbbe38e0_0 .net "d", 0 0, L_0x5763fbc300f0;  1 drivers
v0x5763fbbe3980_0 .net "enable", 0 0, L_0x5763fbc305e0;  alias, 1 drivers
v0x5763fbbe3a20_0 .var "q", 0 0;
v0x5763fbbe3b10_0 .net "regWrite", 0 0, v0x5763fbc18b00_0;  alias, 1 drivers
v0x5763fbbe3bb0_0 .net "reset", 0 0, v0x5763fbc189c0_0;  alias, 1 drivers
S_0x5763fbbe3d70 .scope generate, "genblk1[7]" "genblk1[7]" 7 12, 7 12 0, S_0x5763fbbde9a0;
 .timescale 0 0;
P_0x5763fbbe3f70 .param/l "i" 1 7 12, +C4<0111>;
S_0x5763fbbe4050 .scope module, "dff" "D_ff" 7 13, 8 1 0, S_0x5763fbbe3d70;
 .timescale 0 0;
    .port_info 0 /INPUT 1 "clk";
    .port_info 1 /INPUT 1 "chipSelect";
    .port_info 2 /INPUT 1 "reset";
    .port_info 3 /INPUT 1 "regWrite";
    .port_info 4 /INPUT 1 "enable";
    .port_info 5 /INPUT 1 "d";
    .port_info 6 /OUTPUT 1 "q";
v0x5763fbbe42e0_0 .net "chipSelect", 0 0, v0x5763fbc186d0_0;  alias, 1 drivers
v0x5763fbbe43a0_0 .net "clk", 0 0, v0x5763fbc18790_0;  alias, 1 drivers
v0x5763fbbe4460_0 .net "d", 0 0, L_0x5763fbc30190;  1 drivers
v0x5763fbbe4500_0 .net "enable", 0 0, L_0x5763fbc305e0;  alias, 1 drivers
v0x5763fbbe45a0_0 .var "q", 0 0;
v0x5763fbbe4690_0 .net "regWrite", 0 0, v0x5763fbc18b00_0;  alias, 1 drivers
v0x5763fbbe4730_0 .net "reset", 0 0, v0x5763fbc189c0_0;  alias, 1 drivers
S_0x5763fbbe4fd0 .scope module, "rMem31" "register8bit" 3 69, 7 2 0, S_0x5763fbb495f0;
 .timescale 0 0;
    .port_info 0 /INPUT 1 "clk";
    .port_info 1 /INPUT 1 "chipSelect";
    .port_info 2 /INPUT 1 "reset";
    .port_info 3 /INPUT 1 "regWrite";
    .port_info 4 /INPUT 1 "enable";
    .port_info 5 /INPUT 8 "inR";
    .port_info 6 /OUTPUT 8 "outR";
v0x5763fbbeaf20_0 .net "chipSelect", 0 0, v0x5763fbc186d0_0;  alias, 1 drivers
v0x5763fbbeafe0_0 .net "clk", 0 0, v0x5763fbc18790_0;  alias, 1 drivers
v0x5763fbbeb0a0_0 .net "enable", 0 0, L_0x5763fbc31370;  1 drivers
v0x5763fbbeb250_0 .net "inR", 7 0, L_0x5763fbc31410;  1 drivers
v0x5763fbbeb2f0_0 .net "outR", 7 0, L_0x5763fbc31150;  alias, 1 drivers
v0x5763fbbeb400_0 .net "regWrite", 0 0, v0x5763fbc18b00_0;  alias, 1 drivers
v0x5763fbbeb4a0_0 .net "reset", 0 0, v0x5763fbc189c0_0;  alias, 1 drivers
L_0x5763fbc30920 .part L_0x5763fbc31410, 0, 1;
L_0x5763fbc30a20 .part L_0x5763fbc31410, 1, 1;
L_0x5763fbc30b40 .part L_0x5763fbc31410, 2, 1;
L_0x5763fbc30be0 .part L_0x5763fbc31410, 3, 1;
L_0x5763fbc30ce0 .part L_0x5763fbc31410, 4, 1;
L_0x5763fbc30db0 .part L_0x5763fbc31410, 5, 1;
L_0x5763fbc30e80 .part L_0x5763fbc31410, 6, 1;
L_0x5763fbc30f20 .part L_0x5763fbc31410, 7, 1;
LS_0x5763fbc31150_0_0 .concat8 [ 1 1 1 1], v0x5763fbbe5af0_0, v0x5763fbbe6690_0, v0x5763fbbe7250_0, v0x5763fbbe7dd0_0;
LS_0x5763fbc31150_0_4 .concat8 [ 1 1 1 1], v0x5763fbbe89a0_0, v0x5763fbbe94d0_0, v0x5763fbbea050_0, v0x5763fbbeabd0_0;
L_0x5763fbc31150 .concat8 [ 4 4 0 0], LS_0x5763fbc31150_0_0, LS_0x5763fbc31150_0_4;
S_0x5763fbbe5260 .scope generate, "genblk1[0]" "genblk1[0]" 7 12, 7 12 0, S_0x5763fbbe4fd0;
 .timescale 0 0;
P_0x5763fbbe5480 .param/l "i" 1 7 12, +C4<00>;
S_0x5763fbbe5560 .scope module, "dff" "D_ff" 7 13, 8 1 0, S_0x5763fbbe5260;
 .timescale 0 0;
    .port_info 0 /INPUT 1 "clk";
    .port_info 1 /INPUT 1 "chipSelect";
    .port_info 2 /INPUT 1 "reset";
    .port_info 3 /INPUT 1 "regWrite";
    .port_info 4 /INPUT 1 "enable";
    .port_info 5 /INPUT 1 "d";
    .port_info 6 /OUTPUT 1 "q";
v0x5763fbbe5830_0 .net "chipSelect", 0 0, v0x5763fbc186d0_0;  alias, 1 drivers
v0x5763fbbe58f0_0 .net "clk", 0 0, v0x5763fbc18790_0;  alias, 1 drivers
v0x5763fbbe59b0_0 .net "d", 0 0, L_0x5763fbc30920;  1 drivers
v0x5763fbbe5a50_0 .net "enable", 0 0, L_0x5763fbc31370;  alias, 1 drivers
v0x5763fbbe5af0_0 .var "q", 0 0;
v0x5763fbbe5c00_0 .net "regWrite", 0 0, v0x5763fbc18b00_0;  alias, 1 drivers
v0x5763fbbe5ca0_0 .net "reset", 0 0, v0x5763fbc189c0_0;  alias, 1 drivers
S_0x5763fbbe5e60 .scope generate, "genblk1[1]" "genblk1[1]" 7 12, 7 12 0, S_0x5763fbbe4fd0;
 .timescale 0 0;
P_0x5763fbbe6080 .param/l "i" 1 7 12, +C4<01>;
S_0x5763fbbe6140 .scope module, "dff" "D_ff" 7 13, 8 1 0, S_0x5763fbbe5e60;
 .timescale 0 0;
    .port_info 0 /INPUT 1 "clk";
    .port_info 1 /INPUT 1 "chipSelect";
    .port_info 2 /INPUT 1 "reset";
    .port_info 3 /INPUT 1 "regWrite";
    .port_info 4 /INPUT 1 "enable";
    .port_info 5 /INPUT 1 "d";
    .port_info 6 /OUTPUT 1 "q";
v0x5763fbbe63d0_0 .net "chipSelect", 0 0, v0x5763fbc186d0_0;  alias, 1 drivers
v0x5763fbbe6490_0 .net "clk", 0 0, v0x5763fbc18790_0;  alias, 1 drivers
v0x5763fbbe6550_0 .net "d", 0 0, L_0x5763fbc30a20;  1 drivers
v0x5763fbbe65f0_0 .net "enable", 0 0, L_0x5763fbc31370;  alias, 1 drivers
v0x5763fbbe6690_0 .var "q", 0 0;
v0x5763fbbe6780_0 .net "regWrite", 0 0, v0x5763fbc18b00_0;  alias, 1 drivers
v0x5763fbbe6820_0 .net "reset", 0 0, v0x5763fbc189c0_0;  alias, 1 drivers
S_0x5763fbbe69c0 .scope generate, "genblk1[2]" "genblk1[2]" 7 12, 7 12 0, S_0x5763fbbe4fd0;
 .timescale 0 0;
P_0x5763fbbe6bc0 .param/l "i" 1 7 12, +C4<010>;
S_0x5763fbbe6c80 .scope module, "dff" "D_ff" 7 13, 8 1 0, S_0x5763fbbe69c0;
 .timescale 0 0;
    .port_info 0 /INPUT 1 "clk";
    .port_info 1 /INPUT 1 "chipSelect";
    .port_info 2 /INPUT 1 "reset";
    .port_info 3 /INPUT 1 "regWrite";
    .port_info 4 /INPUT 1 "enable";
    .port_info 5 /INPUT 1 "d";
    .port_info 6 /OUTPUT 1 "q";
v0x5763fbbe6f10_0 .net "chipSelect", 0 0, v0x5763fbc186d0_0;  alias, 1 drivers
v0x5763fbbe6fd0_0 .net "clk", 0 0, v0x5763fbc18790_0;  alias, 1 drivers
v0x5763fbbe7090_0 .net "d", 0 0, L_0x5763fbc30b40;  1 drivers
v0x5763fbbe7160_0 .net "enable", 0 0, L_0x5763fbc31370;  alias, 1 drivers
v0x5763fbbe7250_0 .var "q", 0 0;
v0x5763fbbe7340_0 .net "regWrite", 0 0, v0x5763fbc18b00_0;  alias, 1 drivers
v0x5763fbbe73e0_0 .net "reset", 0 0, v0x5763fbc189c0_0;  alias, 1 drivers
S_0x5763fbbe75a0 .scope generate, "genblk1[3]" "genblk1[3]" 7 12, 7 12 0, S_0x5763fbbe4fd0;
 .timescale 0 0;
P_0x5763fbbe77a0 .param/l "i" 1 7 12, +C4<011>;
S_0x5763fbbe7880 .scope module, "dff" "D_ff" 7 13, 8 1 0, S_0x5763fbbe75a0;
 .timescale 0 0;
    .port_info 0 /INPUT 1 "clk";
    .port_info 1 /INPUT 1 "chipSelect";
    .port_info 2 /INPUT 1 "reset";
    .port_info 3 /INPUT 1 "regWrite";
    .port_info 4 /INPUT 1 "enable";
    .port_info 5 /INPUT 1 "d";
    .port_info 6 /OUTPUT 1 "q";
v0x5763fbbe7b10_0 .net "chipSelect", 0 0, v0x5763fbc186d0_0;  alias, 1 drivers
v0x5763fbbe7bd0_0 .net "clk", 0 0, v0x5763fbc18790_0;  alias, 1 drivers
v0x5763fbbe7c90_0 .net "d", 0 0, L_0x5763fbc30be0;  1 drivers
v0x5763fbbe7d30_0 .net "enable", 0 0, L_0x5763fbc31370;  alias, 1 drivers
v0x5763fbbe7dd0_0 .var "q", 0 0;
v0x5763fbbe7ec0_0 .net "regWrite", 0 0, v0x5763fbc18b00_0;  alias, 1 drivers
v0x5763fbbe7f60_0 .net "reset", 0 0, v0x5763fbc189c0_0;  alias, 1 drivers
S_0x5763fbbe8120 .scope generate, "genblk1[4]" "genblk1[4]" 7 12, 7 12 0, S_0x5763fbbe4fd0;
 .timescale 0 0;
P_0x5763fbbe8370 .param/l "i" 1 7 12, +C4<0100>;
S_0x5763fbbe8450 .scope module, "dff" "D_ff" 7 13, 8 1 0, S_0x5763fbbe8120;
 .timescale 0 0;
    .port_info 0 /INPUT 1 "clk";
    .port_info 1 /INPUT 1 "chipSelect";
    .port_info 2 /INPUT 1 "reset";
    .port_info 3 /INPUT 1 "regWrite";
    .port_info 4 /INPUT 1 "enable";
    .port_info 5 /INPUT 1 "d";
    .port_info 6 /OUTPUT 1 "q";
v0x5763fbbe86e0_0 .net "chipSelect", 0 0, v0x5763fbc186d0_0;  alias, 1 drivers
v0x5763fbbe87a0_0 .net "clk", 0 0, v0x5763fbc18790_0;  alias, 1 drivers
v0x5763fbbe8860_0 .net "d", 0 0, L_0x5763fbc30ce0;  1 drivers
v0x5763fbbe8900_0 .net "enable", 0 0, L_0x5763fbc31370;  alias, 1 drivers
v0x5763fbbe89a0_0 .var "q", 0 0;
v0x5763fbbe8a40_0 .net "regWrite", 0 0, v0x5763fbc18b00_0;  alias, 1 drivers
v0x5763fbbe8ae0_0 .net "reset", 0 0, v0x5763fbc189c0_0;  alias, 1 drivers
S_0x5763fbbe8ca0 .scope generate, "genblk1[5]" "genblk1[5]" 7 12, 7 12 0, S_0x5763fbbe4fd0;
 .timescale 0 0;
P_0x5763fbbe8ea0 .param/l "i" 1 7 12, +C4<0101>;
S_0x5763fbbe8f80 .scope module, "dff" "D_ff" 7 13, 8 1 0, S_0x5763fbbe8ca0;
 .timescale 0 0;
    .port_info 0 /INPUT 1 "clk";
    .port_info 1 /INPUT 1 "chipSelect";
    .port_info 2 /INPUT 1 "reset";
    .port_info 3 /INPUT 1 "regWrite";
    .port_info 4 /INPUT 1 "enable";
    .port_info 5 /INPUT 1 "d";
    .port_info 6 /OUTPUT 1 "q";
v0x5763fbbe9210_0 .net "chipSelect", 0 0, v0x5763fbc186d0_0;  alias, 1 drivers
v0x5763fbbe92d0_0 .net "clk", 0 0, v0x5763fbc18790_0;  alias, 1 drivers
v0x5763fbbe9390_0 .net "d", 0 0, L_0x5763fbc30db0;  1 drivers
v0x5763fbbe9430_0 .net "enable", 0 0, L_0x5763fbc31370;  alias, 1 drivers
v0x5763fbbe94d0_0 .var "q", 0 0;
v0x5763fbbe95c0_0 .net "regWrite", 0 0, v0x5763fbc18b00_0;  alias, 1 drivers
v0x5763fbbe9660_0 .net "reset", 0 0, v0x5763fbc189c0_0;  alias, 1 drivers
S_0x5763fbbe9820 .scope generate, "genblk1[6]" "genblk1[6]" 7 12, 7 12 0, S_0x5763fbbe4fd0;
 .timescale 0 0;
P_0x5763fbbe9a20 .param/l "i" 1 7 12, +C4<0110>;
S_0x5763fbbe9b00 .scope module, "dff" "D_ff" 7 13, 8 1 0, S_0x5763fbbe9820;
 .timescale 0 0;
    .port_info 0 /INPUT 1 "clk";
    .port_info 1 /INPUT 1 "chipSelect";
    .port_info 2 /INPUT 1 "reset";
    .port_info 3 /INPUT 1 "regWrite";
    .port_info 4 /INPUT 1 "enable";
    .port_info 5 /INPUT 1 "d";
    .port_info 6 /OUTPUT 1 "q";
v0x5763fbbe9d90_0 .net "chipSelect", 0 0, v0x5763fbc186d0_0;  alias, 1 drivers
v0x5763fbbe9e50_0 .net "clk", 0 0, v0x5763fbc18790_0;  alias, 1 drivers
v0x5763fbbe9f10_0 .net "d", 0 0, L_0x5763fbc30e80;  1 drivers
v0x5763fbbe9fb0_0 .net "enable", 0 0, L_0x5763fbc31370;  alias, 1 drivers
v0x5763fbbea050_0 .var "q", 0 0;
v0x5763fbbea140_0 .net "regWrite", 0 0, v0x5763fbc18b00_0;  alias, 1 drivers
v0x5763fbbea1e0_0 .net "reset", 0 0, v0x5763fbc189c0_0;  alias, 1 drivers
S_0x5763fbbea3a0 .scope generate, "genblk1[7]" "genblk1[7]" 7 12, 7 12 0, S_0x5763fbbe4fd0;
 .timescale 0 0;
P_0x5763fbbea5a0 .param/l "i" 1 7 12, +C4<0111>;
S_0x5763fbbea680 .scope module, "dff" "D_ff" 7 13, 8 1 0, S_0x5763fbbea3a0;
 .timescale 0 0;
    .port_info 0 /INPUT 1 "clk";
    .port_info 1 /INPUT 1 "chipSelect";
    .port_info 2 /INPUT 1 "reset";
    .port_info 3 /INPUT 1 "regWrite";
    .port_info 4 /INPUT 1 "enable";
    .port_info 5 /INPUT 1 "d";
    .port_info 6 /OUTPUT 1 "q";
v0x5763fbbea910_0 .net "chipSelect", 0 0, v0x5763fbc186d0_0;  alias, 1 drivers
v0x5763fbbea9d0_0 .net "clk", 0 0, v0x5763fbc18790_0;  alias, 1 drivers
v0x5763fbbeaa90_0 .net "d", 0 0, L_0x5763fbc30f20;  1 drivers
v0x5763fbbeab30_0 .net "enable", 0 0, L_0x5763fbc31370;  alias, 1 drivers
v0x5763fbbeabd0_0 .var "q", 0 0;
v0x5763fbbeacc0_0 .net "regWrite", 0 0, v0x5763fbc18b00_0;  alias, 1 drivers
v0x5763fbbead60_0 .net "reset", 0 0, v0x5763fbc189c0_0;  alias, 1 drivers
S_0x5763fbbeb600 .scope module, "rMem4" "register8bit" 3 29, 7 2 0, S_0x5763fbb495f0;
 .timescale 0 0;
    .port_info 0 /INPUT 1 "clk";
    .port_info 1 /INPUT 1 "chipSelect";
    .port_info 2 /INPUT 1 "reset";
    .port_info 3 /INPUT 1 "regWrite";
    .port_info 4 /INPUT 1 "enable";
    .port_info 5 /INPUT 8 "inR";
    .port_info 6 /OUTPUT 8 "outR";
v0x5763fbbf1550_0 .net "chipSelect", 0 0, v0x5763fbc186d0_0;  alias, 1 drivers
v0x5763fbbf1610_0 .net "clk", 0 0, v0x5763fbc18790_0;  alias, 1 drivers
v0x5763fbbf16d0_0 .net "enable", 0 0, L_0x5763fbc1bdf0;  1 drivers
v0x5763fbbf1880_0 .net "inR", 7 0, L_0x5763fbc1be90;  1 drivers
v0x5763fbbf1920_0 .net "outR", 7 0, L_0x5763fbc1bbd0;  alias, 1 drivers
v0x5763fbbf1a30_0 .net "regWrite", 0 0, v0x5763fbc18b00_0;  alias, 1 drivers
v0x5763fbbf1ad0_0 .net "reset", 0 0, v0x5763fbc189c0_0;  alias, 1 drivers
L_0x5763fbc1b3b0 .part L_0x5763fbc1be90, 0, 1;
L_0x5763fbc1b4b0 .part L_0x5763fbc1be90, 1, 1;
L_0x5763fbc1b580 .part L_0x5763fbc1be90, 2, 1;
L_0x5763fbc1b620 .part L_0x5763fbc1be90, 3, 1;
L_0x5763fbc1b720 .part L_0x5763fbc1be90, 4, 1;
L_0x5763fbc1b7f0 .part L_0x5763fbc1be90, 5, 1;
L_0x5763fbc1b900 .part L_0x5763fbc1be90, 6, 1;
L_0x5763fbc1b9a0 .part L_0x5763fbc1be90, 7, 1;
LS_0x5763fbc1bbd0_0_0 .concat8 [ 1 1 1 1], v0x5763fbbec120_0, v0x5763fbbeccc0_0, v0x5763fbbed880_0, v0x5763fbbee400_0;
LS_0x5763fbc1bbd0_0_4 .concat8 [ 1 1 1 1], v0x5763fbbeefd0_0, v0x5763fbbefb00_0, v0x5763fbbf0680_0, v0x5763fbbf1200_0;
L_0x5763fbc1bbd0 .concat8 [ 4 4 0 0], LS_0x5763fbc1bbd0_0_0, LS_0x5763fbc1bbd0_0_4;
S_0x5763fbbeb890 .scope generate, "genblk1[0]" "genblk1[0]" 7 12, 7 12 0, S_0x5763fbbeb600;
 .timescale 0 0;
P_0x5763fbbebab0 .param/l "i" 1 7 12, +C4<00>;
S_0x5763fbbebb90 .scope module, "dff" "D_ff" 7 13, 8 1 0, S_0x5763fbbeb890;
 .timescale 0 0;
    .port_info 0 /INPUT 1 "clk";
    .port_info 1 /INPUT 1 "chipSelect";
    .port_info 2 /INPUT 1 "reset";
    .port_info 3 /INPUT 1 "regWrite";
    .port_info 4 /INPUT 1 "enable";
    .port_info 5 /INPUT 1 "d";
    .port_info 6 /OUTPUT 1 "q";
v0x5763fbbebe60_0 .net "chipSelect", 0 0, v0x5763fbc186d0_0;  alias, 1 drivers
v0x5763fbbebf20_0 .net "clk", 0 0, v0x5763fbc18790_0;  alias, 1 drivers
v0x5763fbbebfe0_0 .net "d", 0 0, L_0x5763fbc1b3b0;  1 drivers
v0x5763fbbec080_0 .net "enable", 0 0, L_0x5763fbc1bdf0;  alias, 1 drivers
v0x5763fbbec120_0 .var "q", 0 0;
v0x5763fbbec230_0 .net "regWrite", 0 0, v0x5763fbc18b00_0;  alias, 1 drivers
v0x5763fbbec2d0_0 .net "reset", 0 0, v0x5763fbc189c0_0;  alias, 1 drivers
S_0x5763fbbec490 .scope generate, "genblk1[1]" "genblk1[1]" 7 12, 7 12 0, S_0x5763fbbeb600;
 .timescale 0 0;
P_0x5763fbbec6b0 .param/l "i" 1 7 12, +C4<01>;
S_0x5763fbbec770 .scope module, "dff" "D_ff" 7 13, 8 1 0, S_0x5763fbbec490;
 .timescale 0 0;
    .port_info 0 /INPUT 1 "clk";
    .port_info 1 /INPUT 1 "chipSelect";
    .port_info 2 /INPUT 1 "reset";
    .port_info 3 /INPUT 1 "regWrite";
    .port_info 4 /INPUT 1 "enable";
    .port_info 5 /INPUT 1 "d";
    .port_info 6 /OUTPUT 1 "q";
v0x5763fbbeca00_0 .net "chipSelect", 0 0, v0x5763fbc186d0_0;  alias, 1 drivers
v0x5763fbbecac0_0 .net "clk", 0 0, v0x5763fbc18790_0;  alias, 1 drivers
v0x5763fbbecb80_0 .net "d", 0 0, L_0x5763fbc1b4b0;  1 drivers
v0x5763fbbecc20_0 .net "enable", 0 0, L_0x5763fbc1bdf0;  alias, 1 drivers
v0x5763fbbeccc0_0 .var "q", 0 0;
v0x5763fbbecdb0_0 .net "regWrite", 0 0, v0x5763fbc18b00_0;  alias, 1 drivers
v0x5763fbbece50_0 .net "reset", 0 0, v0x5763fbc189c0_0;  alias, 1 drivers
S_0x5763fbbecff0 .scope generate, "genblk1[2]" "genblk1[2]" 7 12, 7 12 0, S_0x5763fbbeb600;
 .timescale 0 0;
P_0x5763fbbed1f0 .param/l "i" 1 7 12, +C4<010>;
S_0x5763fbbed2b0 .scope module, "dff" "D_ff" 7 13, 8 1 0, S_0x5763fbbecff0;
 .timescale 0 0;
    .port_info 0 /INPUT 1 "clk";
    .port_info 1 /INPUT 1 "chipSelect";
    .port_info 2 /INPUT 1 "reset";
    .port_info 3 /INPUT 1 "regWrite";
    .port_info 4 /INPUT 1 "enable";
    .port_info 5 /INPUT 1 "d";
    .port_info 6 /OUTPUT 1 "q";
v0x5763fbbed540_0 .net "chipSelect", 0 0, v0x5763fbc186d0_0;  alias, 1 drivers
v0x5763fbbed600_0 .net "clk", 0 0, v0x5763fbc18790_0;  alias, 1 drivers
v0x5763fbbed6c0_0 .net "d", 0 0, L_0x5763fbc1b580;  1 drivers
v0x5763fbbed790_0 .net "enable", 0 0, L_0x5763fbc1bdf0;  alias, 1 drivers
v0x5763fbbed880_0 .var "q", 0 0;
v0x5763fbbed970_0 .net "regWrite", 0 0, v0x5763fbc18b00_0;  alias, 1 drivers
v0x5763fbbeda10_0 .net "reset", 0 0, v0x5763fbc189c0_0;  alias, 1 drivers
S_0x5763fbbedbd0 .scope generate, "genblk1[3]" "genblk1[3]" 7 12, 7 12 0, S_0x5763fbbeb600;
 .timescale 0 0;
P_0x5763fbbeddd0 .param/l "i" 1 7 12, +C4<011>;
S_0x5763fbbedeb0 .scope module, "dff" "D_ff" 7 13, 8 1 0, S_0x5763fbbedbd0;
 .timescale 0 0;
    .port_info 0 /INPUT 1 "clk";
    .port_info 1 /INPUT 1 "chipSelect";
    .port_info 2 /INPUT 1 "reset";
    .port_info 3 /INPUT 1 "regWrite";
    .port_info 4 /INPUT 1 "enable";
    .port_info 5 /INPUT 1 "d";
    .port_info 6 /OUTPUT 1 "q";
v0x5763fbbee140_0 .net "chipSelect", 0 0, v0x5763fbc186d0_0;  alias, 1 drivers
v0x5763fbbee200_0 .net "clk", 0 0, v0x5763fbc18790_0;  alias, 1 drivers
v0x5763fbbee2c0_0 .net "d", 0 0, L_0x5763fbc1b620;  1 drivers
v0x5763fbbee360_0 .net "enable", 0 0, L_0x5763fbc1bdf0;  alias, 1 drivers
v0x5763fbbee400_0 .var "q", 0 0;
v0x5763fbbee4f0_0 .net "regWrite", 0 0, v0x5763fbc18b00_0;  alias, 1 drivers
v0x5763fbbee590_0 .net "reset", 0 0, v0x5763fbc189c0_0;  alias, 1 drivers
S_0x5763fbbee750 .scope generate, "genblk1[4]" "genblk1[4]" 7 12, 7 12 0, S_0x5763fbbeb600;
 .timescale 0 0;
P_0x5763fbbee9a0 .param/l "i" 1 7 12, +C4<0100>;
S_0x5763fbbeea80 .scope module, "dff" "D_ff" 7 13, 8 1 0, S_0x5763fbbee750;
 .timescale 0 0;
    .port_info 0 /INPUT 1 "clk";
    .port_info 1 /INPUT 1 "chipSelect";
    .port_info 2 /INPUT 1 "reset";
    .port_info 3 /INPUT 1 "regWrite";
    .port_info 4 /INPUT 1 "enable";
    .port_info 5 /INPUT 1 "d";
    .port_info 6 /OUTPUT 1 "q";
v0x5763fbbeed10_0 .net "chipSelect", 0 0, v0x5763fbc186d0_0;  alias, 1 drivers
v0x5763fbbeedd0_0 .net "clk", 0 0, v0x5763fbc18790_0;  alias, 1 drivers
v0x5763fbbeee90_0 .net "d", 0 0, L_0x5763fbc1b720;  1 drivers
v0x5763fbbeef30_0 .net "enable", 0 0, L_0x5763fbc1bdf0;  alias, 1 drivers
v0x5763fbbeefd0_0 .var "q", 0 0;
v0x5763fbbef070_0 .net "regWrite", 0 0, v0x5763fbc18b00_0;  alias, 1 drivers
v0x5763fbbef110_0 .net "reset", 0 0, v0x5763fbc189c0_0;  alias, 1 drivers
S_0x5763fbbef2d0 .scope generate, "genblk1[5]" "genblk1[5]" 7 12, 7 12 0, S_0x5763fbbeb600;
 .timescale 0 0;
P_0x5763fbbef4d0 .param/l "i" 1 7 12, +C4<0101>;
S_0x5763fbbef5b0 .scope module, "dff" "D_ff" 7 13, 8 1 0, S_0x5763fbbef2d0;
 .timescale 0 0;
    .port_info 0 /INPUT 1 "clk";
    .port_info 1 /INPUT 1 "chipSelect";
    .port_info 2 /INPUT 1 "reset";
    .port_info 3 /INPUT 1 "regWrite";
    .port_info 4 /INPUT 1 "enable";
    .port_info 5 /INPUT 1 "d";
    .port_info 6 /OUTPUT 1 "q";
v0x5763fbbef840_0 .net "chipSelect", 0 0, v0x5763fbc186d0_0;  alias, 1 drivers
v0x5763fbbef900_0 .net "clk", 0 0, v0x5763fbc18790_0;  alias, 1 drivers
v0x5763fbbef9c0_0 .net "d", 0 0, L_0x5763fbc1b7f0;  1 drivers
v0x5763fbbefa60_0 .net "enable", 0 0, L_0x5763fbc1bdf0;  alias, 1 drivers
v0x5763fbbefb00_0 .var "q", 0 0;
v0x5763fbbefbf0_0 .net "regWrite", 0 0, v0x5763fbc18b00_0;  alias, 1 drivers
v0x5763fbbefc90_0 .net "reset", 0 0, v0x5763fbc189c0_0;  alias, 1 drivers
S_0x5763fbbefe50 .scope generate, "genblk1[6]" "genblk1[6]" 7 12, 7 12 0, S_0x5763fbbeb600;
 .timescale 0 0;
P_0x5763fbbf0050 .param/l "i" 1 7 12, +C4<0110>;
S_0x5763fbbf0130 .scope module, "dff" "D_ff" 7 13, 8 1 0, S_0x5763fbbefe50;
 .timescale 0 0;
    .port_info 0 /INPUT 1 "clk";
    .port_info 1 /INPUT 1 "chipSelect";
    .port_info 2 /INPUT 1 "reset";
    .port_info 3 /INPUT 1 "regWrite";
    .port_info 4 /INPUT 1 "enable";
    .port_info 5 /INPUT 1 "d";
    .port_info 6 /OUTPUT 1 "q";
v0x5763fbbf03c0_0 .net "chipSelect", 0 0, v0x5763fbc186d0_0;  alias, 1 drivers
v0x5763fbbf0480_0 .net "clk", 0 0, v0x5763fbc18790_0;  alias, 1 drivers
v0x5763fbbf0540_0 .net "d", 0 0, L_0x5763fbc1b900;  1 drivers
v0x5763fbbf05e0_0 .net "enable", 0 0, L_0x5763fbc1bdf0;  alias, 1 drivers
v0x5763fbbf0680_0 .var "q", 0 0;
v0x5763fbbf0770_0 .net "regWrite", 0 0, v0x5763fbc18b00_0;  alias, 1 drivers
v0x5763fbbf0810_0 .net "reset", 0 0, v0x5763fbc189c0_0;  alias, 1 drivers
S_0x5763fbbf09d0 .scope generate, "genblk1[7]" "genblk1[7]" 7 12, 7 12 0, S_0x5763fbbeb600;
 .timescale 0 0;
P_0x5763fbbf0bd0 .param/l "i" 1 7 12, +C4<0111>;
S_0x5763fbbf0cb0 .scope module, "dff" "D_ff" 7 13, 8 1 0, S_0x5763fbbf09d0;
 .timescale 0 0;
    .port_info 0 /INPUT 1 "clk";
    .port_info 1 /INPUT 1 "chipSelect";
    .port_info 2 /INPUT 1 "reset";
    .port_info 3 /INPUT 1 "regWrite";
    .port_info 4 /INPUT 1 "enable";
    .port_info 5 /INPUT 1 "d";
    .port_info 6 /OUTPUT 1 "q";
v0x5763fbbf0f40_0 .net "chipSelect", 0 0, v0x5763fbc186d0_0;  alias, 1 drivers
v0x5763fbbf1000_0 .net "clk", 0 0, v0x5763fbc18790_0;  alias, 1 drivers
v0x5763fbbf10c0_0 .net "d", 0 0, L_0x5763fbc1b9a0;  1 drivers
v0x5763fbbf1160_0 .net "enable", 0 0, L_0x5763fbc1bdf0;  alias, 1 drivers
v0x5763fbbf1200_0 .var "q", 0 0;
v0x5763fbbf12f0_0 .net "regWrite", 0 0, v0x5763fbc18b00_0;  alias, 1 drivers
v0x5763fbbf1390_0 .net "reset", 0 0, v0x5763fbc189c0_0;  alias, 1 drivers
S_0x5763fbbf1c30 .scope module, "rMem5" "register8bit" 3 30, 7 2 0, S_0x5763fbb495f0;
 .timescale 0 0;
    .port_info 0 /INPUT 1 "clk";
    .port_info 1 /INPUT 1 "chipSelect";
    .port_info 2 /INPUT 1 "reset";
    .port_info 3 /INPUT 1 "regWrite";
    .port_info 4 /INPUT 1 "enable";
    .port_info 5 /INPUT 8 "inR";
    .port_info 6 /OUTPUT 8 "outR";
v0x5763fbbf7b80_0 .net "chipSelect", 0 0, v0x5763fbc186d0_0;  alias, 1 drivers
v0x5763fbbf7c40_0 .net "clk", 0 0, v0x5763fbc18790_0;  alias, 1 drivers
v0x5763fbbf7d00_0 .net "enable", 0 0, L_0x5763fbc1c9d0;  1 drivers
v0x5763fbbf7eb0_0 .net "inR", 7 0, L_0x5763fbc1ca70;  1 drivers
v0x5763fbbf7f50_0 .net "outR", 7 0, L_0x5763fbc1c7b0;  alias, 1 drivers
v0x5763fbbf8060_0 .net "regWrite", 0 0, v0x5763fbc18b00_0;  alias, 1 drivers
v0x5763fbbf8100_0 .net "reset", 0 0, v0x5763fbc189c0_0;  alias, 1 drivers
L_0x5763fbc1bf90 .part L_0x5763fbc1ca70, 0, 1;
L_0x5763fbc1c090 .part L_0x5763fbc1ca70, 1, 1;
L_0x5763fbc1c160 .part L_0x5763fbc1ca70, 2, 1;
L_0x5763fbc1c200 .part L_0x5763fbc1ca70, 3, 1;
L_0x5763fbc1c300 .part L_0x5763fbc1ca70, 4, 1;
L_0x5763fbc1c3d0 .part L_0x5763fbc1ca70, 5, 1;
L_0x5763fbc1c4e0 .part L_0x5763fbc1ca70, 6, 1;
L_0x5763fbc1c580 .part L_0x5763fbc1ca70, 7, 1;
LS_0x5763fbc1c7b0_0_0 .concat8 [ 1 1 1 1], v0x5763fbbf2750_0, v0x5763fbbf32f0_0, v0x5763fbbf3eb0_0, v0x5763fbbf4a30_0;
LS_0x5763fbc1c7b0_0_4 .concat8 [ 1 1 1 1], v0x5763fbbf5600_0, v0x5763fbbf6130_0, v0x5763fbbf6cb0_0, v0x5763fbbf7830_0;
L_0x5763fbc1c7b0 .concat8 [ 4 4 0 0], LS_0x5763fbc1c7b0_0_0, LS_0x5763fbc1c7b0_0_4;
S_0x5763fbbf1ec0 .scope generate, "genblk1[0]" "genblk1[0]" 7 12, 7 12 0, S_0x5763fbbf1c30;
 .timescale 0 0;
P_0x5763fbbf20e0 .param/l "i" 1 7 12, +C4<00>;
S_0x5763fbbf21c0 .scope module, "dff" "D_ff" 7 13, 8 1 0, S_0x5763fbbf1ec0;
 .timescale 0 0;
    .port_info 0 /INPUT 1 "clk";
    .port_info 1 /INPUT 1 "chipSelect";
    .port_info 2 /INPUT 1 "reset";
    .port_info 3 /INPUT 1 "regWrite";
    .port_info 4 /INPUT 1 "enable";
    .port_info 5 /INPUT 1 "d";
    .port_info 6 /OUTPUT 1 "q";
v0x5763fbbf2490_0 .net "chipSelect", 0 0, v0x5763fbc186d0_0;  alias, 1 drivers
v0x5763fbbf2550_0 .net "clk", 0 0, v0x5763fbc18790_0;  alias, 1 drivers
v0x5763fbbf2610_0 .net "d", 0 0, L_0x5763fbc1bf90;  1 drivers
v0x5763fbbf26b0_0 .net "enable", 0 0, L_0x5763fbc1c9d0;  alias, 1 drivers
v0x5763fbbf2750_0 .var "q", 0 0;
v0x5763fbbf2860_0 .net "regWrite", 0 0, v0x5763fbc18b00_0;  alias, 1 drivers
v0x5763fbbf2900_0 .net "reset", 0 0, v0x5763fbc189c0_0;  alias, 1 drivers
S_0x5763fbbf2ac0 .scope generate, "genblk1[1]" "genblk1[1]" 7 12, 7 12 0, S_0x5763fbbf1c30;
 .timescale 0 0;
P_0x5763fbbf2ce0 .param/l "i" 1 7 12, +C4<01>;
S_0x5763fbbf2da0 .scope module, "dff" "D_ff" 7 13, 8 1 0, S_0x5763fbbf2ac0;
 .timescale 0 0;
    .port_info 0 /INPUT 1 "clk";
    .port_info 1 /INPUT 1 "chipSelect";
    .port_info 2 /INPUT 1 "reset";
    .port_info 3 /INPUT 1 "regWrite";
    .port_info 4 /INPUT 1 "enable";
    .port_info 5 /INPUT 1 "d";
    .port_info 6 /OUTPUT 1 "q";
v0x5763fbbf3030_0 .net "chipSelect", 0 0, v0x5763fbc186d0_0;  alias, 1 drivers
v0x5763fbbf30f0_0 .net "clk", 0 0, v0x5763fbc18790_0;  alias, 1 drivers
v0x5763fbbf31b0_0 .net "d", 0 0, L_0x5763fbc1c090;  1 drivers
v0x5763fbbf3250_0 .net "enable", 0 0, L_0x5763fbc1c9d0;  alias, 1 drivers
v0x5763fbbf32f0_0 .var "q", 0 0;
v0x5763fbbf33e0_0 .net "regWrite", 0 0, v0x5763fbc18b00_0;  alias, 1 drivers
v0x5763fbbf3480_0 .net "reset", 0 0, v0x5763fbc189c0_0;  alias, 1 drivers
S_0x5763fbbf3620 .scope generate, "genblk1[2]" "genblk1[2]" 7 12, 7 12 0, S_0x5763fbbf1c30;
 .timescale 0 0;
P_0x5763fbbf3820 .param/l "i" 1 7 12, +C4<010>;
S_0x5763fbbf38e0 .scope module, "dff" "D_ff" 7 13, 8 1 0, S_0x5763fbbf3620;
 .timescale 0 0;
    .port_info 0 /INPUT 1 "clk";
    .port_info 1 /INPUT 1 "chipSelect";
    .port_info 2 /INPUT 1 "reset";
    .port_info 3 /INPUT 1 "regWrite";
    .port_info 4 /INPUT 1 "enable";
    .port_info 5 /INPUT 1 "d";
    .port_info 6 /OUTPUT 1 "q";
v0x5763fbbf3b70_0 .net "chipSelect", 0 0, v0x5763fbc186d0_0;  alias, 1 drivers
v0x5763fbbf3c30_0 .net "clk", 0 0, v0x5763fbc18790_0;  alias, 1 drivers
v0x5763fbbf3cf0_0 .net "d", 0 0, L_0x5763fbc1c160;  1 drivers
v0x5763fbbf3dc0_0 .net "enable", 0 0, L_0x5763fbc1c9d0;  alias, 1 drivers
v0x5763fbbf3eb0_0 .var "q", 0 0;
v0x5763fbbf3fa0_0 .net "regWrite", 0 0, v0x5763fbc18b00_0;  alias, 1 drivers
v0x5763fbbf4040_0 .net "reset", 0 0, v0x5763fbc189c0_0;  alias, 1 drivers
S_0x5763fbbf4200 .scope generate, "genblk1[3]" "genblk1[3]" 7 12, 7 12 0, S_0x5763fbbf1c30;
 .timescale 0 0;
P_0x5763fbbf4400 .param/l "i" 1 7 12, +C4<011>;
S_0x5763fbbf44e0 .scope module, "dff" "D_ff" 7 13, 8 1 0, S_0x5763fbbf4200;
 .timescale 0 0;
    .port_info 0 /INPUT 1 "clk";
    .port_info 1 /INPUT 1 "chipSelect";
    .port_info 2 /INPUT 1 "reset";
    .port_info 3 /INPUT 1 "regWrite";
    .port_info 4 /INPUT 1 "enable";
    .port_info 5 /INPUT 1 "d";
    .port_info 6 /OUTPUT 1 "q";
v0x5763fbbf4770_0 .net "chipSelect", 0 0, v0x5763fbc186d0_0;  alias, 1 drivers
v0x5763fbbf4830_0 .net "clk", 0 0, v0x5763fbc18790_0;  alias, 1 drivers
v0x5763fbbf48f0_0 .net "d", 0 0, L_0x5763fbc1c200;  1 drivers
v0x5763fbbf4990_0 .net "enable", 0 0, L_0x5763fbc1c9d0;  alias, 1 drivers
v0x5763fbbf4a30_0 .var "q", 0 0;
v0x5763fbbf4b20_0 .net "regWrite", 0 0, v0x5763fbc18b00_0;  alias, 1 drivers
v0x5763fbbf4bc0_0 .net "reset", 0 0, v0x5763fbc189c0_0;  alias, 1 drivers
S_0x5763fbbf4d80 .scope generate, "genblk1[4]" "genblk1[4]" 7 12, 7 12 0, S_0x5763fbbf1c30;
 .timescale 0 0;
P_0x5763fbbf4fd0 .param/l "i" 1 7 12, +C4<0100>;
S_0x5763fbbf50b0 .scope module, "dff" "D_ff" 7 13, 8 1 0, S_0x5763fbbf4d80;
 .timescale 0 0;
    .port_info 0 /INPUT 1 "clk";
    .port_info 1 /INPUT 1 "chipSelect";
    .port_info 2 /INPUT 1 "reset";
    .port_info 3 /INPUT 1 "regWrite";
    .port_info 4 /INPUT 1 "enable";
    .port_info 5 /INPUT 1 "d";
    .port_info 6 /OUTPUT 1 "q";
v0x5763fbbf5340_0 .net "chipSelect", 0 0, v0x5763fbc186d0_0;  alias, 1 drivers
v0x5763fbbf5400_0 .net "clk", 0 0, v0x5763fbc18790_0;  alias, 1 drivers
v0x5763fbbf54c0_0 .net "d", 0 0, L_0x5763fbc1c300;  1 drivers
v0x5763fbbf5560_0 .net "enable", 0 0, L_0x5763fbc1c9d0;  alias, 1 drivers
v0x5763fbbf5600_0 .var "q", 0 0;
v0x5763fbbf56a0_0 .net "regWrite", 0 0, v0x5763fbc18b00_0;  alias, 1 drivers
v0x5763fbbf5740_0 .net "reset", 0 0, v0x5763fbc189c0_0;  alias, 1 drivers
S_0x5763fbbf5900 .scope generate, "genblk1[5]" "genblk1[5]" 7 12, 7 12 0, S_0x5763fbbf1c30;
 .timescale 0 0;
P_0x5763fbbf5b00 .param/l "i" 1 7 12, +C4<0101>;
S_0x5763fbbf5be0 .scope module, "dff" "D_ff" 7 13, 8 1 0, S_0x5763fbbf5900;
 .timescale 0 0;
    .port_info 0 /INPUT 1 "clk";
    .port_info 1 /INPUT 1 "chipSelect";
    .port_info 2 /INPUT 1 "reset";
    .port_info 3 /INPUT 1 "regWrite";
    .port_info 4 /INPUT 1 "enable";
    .port_info 5 /INPUT 1 "d";
    .port_info 6 /OUTPUT 1 "q";
v0x5763fbbf5e70_0 .net "chipSelect", 0 0, v0x5763fbc186d0_0;  alias, 1 drivers
v0x5763fbbf5f30_0 .net "clk", 0 0, v0x5763fbc18790_0;  alias, 1 drivers
v0x5763fbbf5ff0_0 .net "d", 0 0, L_0x5763fbc1c3d0;  1 drivers
v0x5763fbbf6090_0 .net "enable", 0 0, L_0x5763fbc1c9d0;  alias, 1 drivers
v0x5763fbbf6130_0 .var "q", 0 0;
v0x5763fbbf6220_0 .net "regWrite", 0 0, v0x5763fbc18b00_0;  alias, 1 drivers
v0x5763fbbf62c0_0 .net "reset", 0 0, v0x5763fbc189c0_0;  alias, 1 drivers
S_0x5763fbbf6480 .scope generate, "genblk1[6]" "genblk1[6]" 7 12, 7 12 0, S_0x5763fbbf1c30;
 .timescale 0 0;
P_0x5763fbbf6680 .param/l "i" 1 7 12, +C4<0110>;
S_0x5763fbbf6760 .scope module, "dff" "D_ff" 7 13, 8 1 0, S_0x5763fbbf6480;
 .timescale 0 0;
    .port_info 0 /INPUT 1 "clk";
    .port_info 1 /INPUT 1 "chipSelect";
    .port_info 2 /INPUT 1 "reset";
    .port_info 3 /INPUT 1 "regWrite";
    .port_info 4 /INPUT 1 "enable";
    .port_info 5 /INPUT 1 "d";
    .port_info 6 /OUTPUT 1 "q";
v0x5763fbbf69f0_0 .net "chipSelect", 0 0, v0x5763fbc186d0_0;  alias, 1 drivers
v0x5763fbbf6ab0_0 .net "clk", 0 0, v0x5763fbc18790_0;  alias, 1 drivers
v0x5763fbbf6b70_0 .net "d", 0 0, L_0x5763fbc1c4e0;  1 drivers
v0x5763fbbf6c10_0 .net "enable", 0 0, L_0x5763fbc1c9d0;  alias, 1 drivers
v0x5763fbbf6cb0_0 .var "q", 0 0;
v0x5763fbbf6da0_0 .net "regWrite", 0 0, v0x5763fbc18b00_0;  alias, 1 drivers
v0x5763fbbf6e40_0 .net "reset", 0 0, v0x5763fbc189c0_0;  alias, 1 drivers
S_0x5763fbbf7000 .scope generate, "genblk1[7]" "genblk1[7]" 7 12, 7 12 0, S_0x5763fbbf1c30;
 .timescale 0 0;
P_0x5763fbbf7200 .param/l "i" 1 7 12, +C4<0111>;
S_0x5763fbbf72e0 .scope module, "dff" "D_ff" 7 13, 8 1 0, S_0x5763fbbf7000;
 .timescale 0 0;
    .port_info 0 /INPUT 1 "clk";
    .port_info 1 /INPUT 1 "chipSelect";
    .port_info 2 /INPUT 1 "reset";
    .port_info 3 /INPUT 1 "regWrite";
    .port_info 4 /INPUT 1 "enable";
    .port_info 5 /INPUT 1 "d";
    .port_info 6 /OUTPUT 1 "q";
v0x5763fbbf7570_0 .net "chipSelect", 0 0, v0x5763fbc186d0_0;  alias, 1 drivers
v0x5763fbbf7630_0 .net "clk", 0 0, v0x5763fbc18790_0;  alias, 1 drivers
v0x5763fbbf76f0_0 .net "d", 0 0, L_0x5763fbc1c580;  1 drivers
v0x5763fbbf7790_0 .net "enable", 0 0, L_0x5763fbc1c9d0;  alias, 1 drivers
v0x5763fbbf7830_0 .var "q", 0 0;
v0x5763fbbf7920_0 .net "regWrite", 0 0, v0x5763fbc18b00_0;  alias, 1 drivers
v0x5763fbbf79c0_0 .net "reset", 0 0, v0x5763fbc189c0_0;  alias, 1 drivers
S_0x5763fbbf8260 .scope module, "rMem6" "register8bit" 3 32, 7 2 0, S_0x5763fbb495f0;
 .timescale 0 0;
    .port_info 0 /INPUT 1 "clk";
    .port_info 1 /INPUT 1 "chipSelect";
    .port_info 2 /INPUT 1 "reset";
    .port_info 3 /INPUT 1 "regWrite";
    .port_info 4 /INPUT 1 "enable";
    .port_info 5 /INPUT 8 "inR";
    .port_info 6 /OUTPUT 8 "outR";
v0x5763fbc021e0_0 .net "chipSelect", 0 0, v0x5763fbc186d0_0;  alias, 1 drivers
v0x5763fbc022a0_0 .net "clk", 0 0, v0x5763fbc18790_0;  alias, 1 drivers
v0x5763fbc02360_0 .net "enable", 0 0, L_0x5763fbc1d5d0;  1 drivers
v0x5763fbc02510_0 .net "inR", 7 0, L_0x5763fbc1d780;  1 drivers
v0x5763fbc025b0_0 .net "outR", 7 0, L_0x5763fbc1d3b0;  alias, 1 drivers
v0x5763fbc026c0_0 .net "regWrite", 0 0, v0x5763fbc18b00_0;  alias, 1 drivers
v0x5763fbc02760_0 .net "reset", 0 0, v0x5763fbc189c0_0;  alias, 1 drivers
L_0x5763fbc1cb80 .part L_0x5763fbc1d780, 0, 1;
L_0x5763fbc1cc80 .part L_0x5763fbc1d780, 1, 1;
L_0x5763fbc1cda0 .part L_0x5763fbc1d780, 2, 1;
L_0x5763fbc1ce40 .part L_0x5763fbc1d780, 3, 1;
L_0x5763fbc1cf40 .part L_0x5763fbc1d780, 4, 1;
L_0x5763fbc1d010 .part L_0x5763fbc1d780, 5, 1;
L_0x5763fbc1d0e0 .part L_0x5763fbc1d780, 6, 1;
L_0x5763fbc1d180 .part L_0x5763fbc1d780, 7, 1;
LS_0x5763fbc1d3b0_0_0 .concat8 [ 1 1 1 1], v0x5763fbbf8d80_0, v0x5763fbbf9920_0, v0x5763fbbfa4e0_0, v0x5763fbbfb060_0;
LS_0x5763fbc1d3b0_0_4 .concat8 [ 1 1 1 1], v0x5763fbb9edc0_0, v0x5763fbba1900_0, v0x5763fbb74e00_0, v0x5763fbc01e70_0;
L_0x5763fbc1d3b0 .concat8 [ 4 4 0 0], LS_0x5763fbc1d3b0_0_0, LS_0x5763fbc1d3b0_0_4;
S_0x5763fbbf84f0 .scope generate, "genblk1[0]" "genblk1[0]" 7 12, 7 12 0, S_0x5763fbbf8260;
 .timescale 0 0;
P_0x5763fbbf8710 .param/l "i" 1 7 12, +C4<00>;
S_0x5763fbbf87f0 .scope module, "dff" "D_ff" 7 13, 8 1 0, S_0x5763fbbf84f0;
 .timescale 0 0;
    .port_info 0 /INPUT 1 "clk";
    .port_info 1 /INPUT 1 "chipSelect";
    .port_info 2 /INPUT 1 "reset";
    .port_info 3 /INPUT 1 "regWrite";
    .port_info 4 /INPUT 1 "enable";
    .port_info 5 /INPUT 1 "d";
    .port_info 6 /OUTPUT 1 "q";
v0x5763fbbf8ac0_0 .net "chipSelect", 0 0, v0x5763fbc186d0_0;  alias, 1 drivers
v0x5763fbbf8b80_0 .net "clk", 0 0, v0x5763fbc18790_0;  alias, 1 drivers
v0x5763fbbf8c40_0 .net "d", 0 0, L_0x5763fbc1cb80;  1 drivers
v0x5763fbbf8ce0_0 .net "enable", 0 0, L_0x5763fbc1d5d0;  alias, 1 drivers
v0x5763fbbf8d80_0 .var "q", 0 0;
v0x5763fbbf8e90_0 .net "regWrite", 0 0, v0x5763fbc18b00_0;  alias, 1 drivers
v0x5763fbbf8f30_0 .net "reset", 0 0, v0x5763fbc189c0_0;  alias, 1 drivers
S_0x5763fbbf90f0 .scope generate, "genblk1[1]" "genblk1[1]" 7 12, 7 12 0, S_0x5763fbbf8260;
 .timescale 0 0;
P_0x5763fbbf9310 .param/l "i" 1 7 12, +C4<01>;
S_0x5763fbbf93d0 .scope module, "dff" "D_ff" 7 13, 8 1 0, S_0x5763fbbf90f0;
 .timescale 0 0;
    .port_info 0 /INPUT 1 "clk";
    .port_info 1 /INPUT 1 "chipSelect";
    .port_info 2 /INPUT 1 "reset";
    .port_info 3 /INPUT 1 "regWrite";
    .port_info 4 /INPUT 1 "enable";
    .port_info 5 /INPUT 1 "d";
    .port_info 6 /OUTPUT 1 "q";
v0x5763fbbf9660_0 .net "chipSelect", 0 0, v0x5763fbc186d0_0;  alias, 1 drivers
v0x5763fbbf9720_0 .net "clk", 0 0, v0x5763fbc18790_0;  alias, 1 drivers
v0x5763fbbf97e0_0 .net "d", 0 0, L_0x5763fbc1cc80;  1 drivers
v0x5763fbbf9880_0 .net "enable", 0 0, L_0x5763fbc1d5d0;  alias, 1 drivers
v0x5763fbbf9920_0 .var "q", 0 0;
v0x5763fbbf9a10_0 .net "regWrite", 0 0, v0x5763fbc18b00_0;  alias, 1 drivers
v0x5763fbbf9ab0_0 .net "reset", 0 0, v0x5763fbc189c0_0;  alias, 1 drivers
S_0x5763fbbf9c50 .scope generate, "genblk1[2]" "genblk1[2]" 7 12, 7 12 0, S_0x5763fbbf8260;
 .timescale 0 0;
P_0x5763fbbf9e50 .param/l "i" 1 7 12, +C4<010>;
S_0x5763fbbf9f10 .scope module, "dff" "D_ff" 7 13, 8 1 0, S_0x5763fbbf9c50;
 .timescale 0 0;
    .port_info 0 /INPUT 1 "clk";
    .port_info 1 /INPUT 1 "chipSelect";
    .port_info 2 /INPUT 1 "reset";
    .port_info 3 /INPUT 1 "regWrite";
    .port_info 4 /INPUT 1 "enable";
    .port_info 5 /INPUT 1 "d";
    .port_info 6 /OUTPUT 1 "q";
v0x5763fbbfa1a0_0 .net "chipSelect", 0 0, v0x5763fbc186d0_0;  alias, 1 drivers
v0x5763fbbfa260_0 .net "clk", 0 0, v0x5763fbc18790_0;  alias, 1 drivers
v0x5763fbbfa320_0 .net "d", 0 0, L_0x5763fbc1cda0;  1 drivers
v0x5763fbbfa3f0_0 .net "enable", 0 0, L_0x5763fbc1d5d0;  alias, 1 drivers
v0x5763fbbfa4e0_0 .var "q", 0 0;
v0x5763fbbfa5d0_0 .net "regWrite", 0 0, v0x5763fbc18b00_0;  alias, 1 drivers
v0x5763fbbfa670_0 .net "reset", 0 0, v0x5763fbc189c0_0;  alias, 1 drivers
S_0x5763fbbfa830 .scope generate, "genblk1[3]" "genblk1[3]" 7 12, 7 12 0, S_0x5763fbbf8260;
 .timescale 0 0;
P_0x5763fbbfaa30 .param/l "i" 1 7 12, +C4<011>;
S_0x5763fbbfab10 .scope module, "dff" "D_ff" 7 13, 8 1 0, S_0x5763fbbfa830;
 .timescale 0 0;
    .port_info 0 /INPUT 1 "clk";
    .port_info 1 /INPUT 1 "chipSelect";
    .port_info 2 /INPUT 1 "reset";
    .port_info 3 /INPUT 1 "regWrite";
    .port_info 4 /INPUT 1 "enable";
    .port_info 5 /INPUT 1 "d";
    .port_info 6 /OUTPUT 1 "q";
v0x5763fbbfada0_0 .net "chipSelect", 0 0, v0x5763fbc186d0_0;  alias, 1 drivers
v0x5763fbbfae60_0 .net "clk", 0 0, v0x5763fbc18790_0;  alias, 1 drivers
v0x5763fbbfaf20_0 .net "d", 0 0, L_0x5763fbc1ce40;  1 drivers
v0x5763fbbfafc0_0 .net "enable", 0 0, L_0x5763fbc1d5d0;  alias, 1 drivers
v0x5763fbbfb060_0 .var "q", 0 0;
v0x5763fbbfb150_0 .net "regWrite", 0 0, v0x5763fbc18b00_0;  alias, 1 drivers
v0x5763fbbfb1f0_0 .net "reset", 0 0, v0x5763fbc189c0_0;  alias, 1 drivers
S_0x5763fbbfb3b0 .scope generate, "genblk1[4]" "genblk1[4]" 7 12, 7 12 0, S_0x5763fbbf8260;
 .timescale 0 0;
P_0x5763fbbfb600 .param/l "i" 1 7 12, +C4<0100>;
S_0x5763fbbfb6e0 .scope module, "dff" "D_ff" 7 13, 8 1 0, S_0x5763fbbfb3b0;
 .timescale 0 0;
    .port_info 0 /INPUT 1 "clk";
    .port_info 1 /INPUT 1 "chipSelect";
    .port_info 2 /INPUT 1 "reset";
    .port_info 3 /INPUT 1 "regWrite";
    .port_info 4 /INPUT 1 "enable";
    .port_info 5 /INPUT 1 "d";
    .port_info 6 /OUTPUT 1 "q";
v0x5763fbbfb970_0 .net "chipSelect", 0 0, v0x5763fbc186d0_0;  alias, 1 drivers
v0x5763fbb9ebc0_0 .net "clk", 0 0, v0x5763fbc18790_0;  alias, 1 drivers
v0x5763fbb9ec80_0 .net "d", 0 0, L_0x5763fbc1cf40;  1 drivers
v0x5763fbb9ed20_0 .net "enable", 0 0, L_0x5763fbc1d5d0;  alias, 1 drivers
v0x5763fbb9edc0_0 .var "q", 0 0;
v0x5763fbb9ee60_0 .net "regWrite", 0 0, v0x5763fbc18b00_0;  alias, 1 drivers
v0x5763fbb9ef00_0 .net "reset", 0 0, v0x5763fbc189c0_0;  alias, 1 drivers
S_0x5763fbba10d0 .scope generate, "genblk1[5]" "genblk1[5]" 7 12, 7 12 0, S_0x5763fbbf8260;
 .timescale 0 0;
P_0x5763fbba12d0 .param/l "i" 1 7 12, +C4<0101>;
S_0x5763fbba13b0 .scope module, "dff" "D_ff" 7 13, 8 1 0, S_0x5763fbba10d0;
 .timescale 0 0;
    .port_info 0 /INPUT 1 "clk";
    .port_info 1 /INPUT 1 "chipSelect";
    .port_info 2 /INPUT 1 "reset";
    .port_info 3 /INPUT 1 "regWrite";
    .port_info 4 /INPUT 1 "enable";
    .port_info 5 /INPUT 1 "d";
    .port_info 6 /OUTPUT 1 "q";
v0x5763fbba1640_0 .net "chipSelect", 0 0, v0x5763fbc186d0_0;  alias, 1 drivers
v0x5763fbba1700_0 .net "clk", 0 0, v0x5763fbc18790_0;  alias, 1 drivers
v0x5763fbba17c0_0 .net "d", 0 0, L_0x5763fbc1d010;  1 drivers
v0x5763fbba1860_0 .net "enable", 0 0, L_0x5763fbc1d5d0;  alias, 1 drivers
v0x5763fbba1900_0 .var "q", 0 0;
v0x5763fbba19f0_0 .net "regWrite", 0 0, v0x5763fbc18b00_0;  alias, 1 drivers
v0x5763fbba1a90_0 .net "reset", 0 0, v0x5763fbc189c0_0;  alias, 1 drivers
S_0x5763fbb745d0 .scope generate, "genblk1[6]" "genblk1[6]" 7 12, 7 12 0, S_0x5763fbbf8260;
 .timescale 0 0;
P_0x5763fbb747d0 .param/l "i" 1 7 12, +C4<0110>;
S_0x5763fbb748b0 .scope module, "dff" "D_ff" 7 13, 8 1 0, S_0x5763fbb745d0;
 .timescale 0 0;
    .port_info 0 /INPUT 1 "clk";
    .port_info 1 /INPUT 1 "chipSelect";
    .port_info 2 /INPUT 1 "reset";
    .port_info 3 /INPUT 1 "regWrite";
    .port_info 4 /INPUT 1 "enable";
    .port_info 5 /INPUT 1 "d";
    .port_info 6 /OUTPUT 1 "q";
v0x5763fbb74b40_0 .net "chipSelect", 0 0, v0x5763fbc186d0_0;  alias, 1 drivers
v0x5763fbb74c00_0 .net "clk", 0 0, v0x5763fbc18790_0;  alias, 1 drivers
v0x5763fbb74cc0_0 .net "d", 0 0, L_0x5763fbc1d0e0;  1 drivers
v0x5763fbb74d60_0 .net "enable", 0 0, L_0x5763fbc1d5d0;  alias, 1 drivers
v0x5763fbb74e00_0 .var "q", 0 0;
v0x5763fbb74ef0_0 .net "regWrite", 0 0, v0x5763fbc18b00_0;  alias, 1 drivers
v0x5763fbb74f90_0 .net "reset", 0 0, v0x5763fbc189c0_0;  alias, 1 drivers
S_0x5763fbb75150 .scope generate, "genblk1[7]" "genblk1[7]" 7 12, 7 12 0, S_0x5763fbbf8260;
 .timescale 0 0;
P_0x5763fbb75350 .param/l "i" 1 7 12, +C4<0111>;
S_0x5763fbc01a60 .scope module, "dff" "D_ff" 7 13, 8 1 0, S_0x5763fbb75150;
 .timescale 0 0;
    .port_info 0 /INPUT 1 "clk";
    .port_info 1 /INPUT 1 "chipSelect";
    .port_info 2 /INPUT 1 "reset";
    .port_info 3 /INPUT 1 "regWrite";
    .port_info 4 /INPUT 1 "enable";
    .port_info 5 /INPUT 1 "d";
    .port_info 6 /OUTPUT 1 "q";
v0x5763fbc01bf0_0 .net "chipSelect", 0 0, v0x5763fbc186d0_0;  alias, 1 drivers
v0x5763fbc01c90_0 .net "clk", 0 0, v0x5763fbc18790_0;  alias, 1 drivers
v0x5763fbc01d30_0 .net "d", 0 0, L_0x5763fbc1d180;  1 drivers
v0x5763fbc01dd0_0 .net "enable", 0 0, L_0x5763fbc1d5d0;  alias, 1 drivers
v0x5763fbc01e70_0 .var "q", 0 0;
v0x5763fbc01f80_0 .net "regWrite", 0 0, v0x5763fbc18b00_0;  alias, 1 drivers
v0x5763fbc02020_0 .net "reset", 0 0, v0x5763fbc189c0_0;  alias, 1 drivers
S_0x5763fbc028c0 .scope module, "rMem7" "register8bit" 3 33, 7 2 0, S_0x5763fbb495f0;
 .timescale 0 0;
    .port_info 0 /INPUT 1 "clk";
    .port_info 1 /INPUT 1 "chipSelect";
    .port_info 2 /INPUT 1 "reset";
    .port_info 3 /INPUT 1 "regWrite";
    .port_info 4 /INPUT 1 "enable";
    .port_info 5 /INPUT 8 "inR";
    .port_info 6 /OUTPUT 8 "outR";
v0x5763fbc087e0_0 .net "chipSelect", 0 0, v0x5763fbc186d0_0;  alias, 1 drivers
v0x5763fbc088a0_0 .net "clk", 0 0, v0x5763fbc18790_0;  alias, 1 drivers
v0x5763fbc08960_0 .net "enable", 0 0, L_0x5763fbc1e400;  1 drivers
v0x5763fbc08a00_0 .net "inR", 7 0, L_0x5763fbc1e4a0;  1 drivers
v0x5763fbc08aa0_0 .net "outR", 7 0, L_0x5763fbc1e1e0;  alias, 1 drivers
v0x5763fbc08bb0_0 .net "regWrite", 0 0, v0x5763fbc18b00_0;  alias, 1 drivers
v0x5763fbc08c50_0 .net "reset", 0 0, v0x5763fbc189c0_0;  alias, 1 drivers
L_0x5763fbc1d9b0 .part L_0x5763fbc1e4a0, 0, 1;
L_0x5763fbc1dab0 .part L_0x5763fbc1e4a0, 1, 1;
L_0x5763fbc1dbd0 .part L_0x5763fbc1e4a0, 2, 1;
L_0x5763fbc1dc70 .part L_0x5763fbc1e4a0, 3, 1;
L_0x5763fbc1dd70 .part L_0x5763fbc1e4a0, 4, 1;
L_0x5763fbc1de40 .part L_0x5763fbc1e4a0, 5, 1;
L_0x5763fbc1df10 .part L_0x5763fbc1e4a0, 6, 1;
L_0x5763fbc1dfb0 .part L_0x5763fbc1e4a0, 7, 1;
LS_0x5763fbc1e1e0_0_0 .concat8 [ 1 1 1 1], v0x5763fbc033e0_0, v0x5763fbc03f80_0, v0x5763fbc04b10_0, v0x5763fbc05690_0;
LS_0x5763fbc1e1e0_0_4 .concat8 [ 1 1 1 1], v0x5763fbc06260_0, v0x5763fbc06d90_0, v0x5763fbc07910_0, v0x5763fbc08490_0;
L_0x5763fbc1e1e0 .concat8 [ 4 4 0 0], LS_0x5763fbc1e1e0_0_0, LS_0x5763fbc1e1e0_0_4;
S_0x5763fbc02b50 .scope generate, "genblk1[0]" "genblk1[0]" 7 12, 7 12 0, S_0x5763fbc028c0;
 .timescale 0 0;
P_0x5763fbc02d70 .param/l "i" 1 7 12, +C4<00>;
S_0x5763fbc02e50 .scope module, "dff" "D_ff" 7 13, 8 1 0, S_0x5763fbc02b50;
 .timescale 0 0;
    .port_info 0 /INPUT 1 "clk";
    .port_info 1 /INPUT 1 "chipSelect";
    .port_info 2 /INPUT 1 "reset";
    .port_info 3 /INPUT 1 "regWrite";
    .port_info 4 /INPUT 1 "enable";
    .port_info 5 /INPUT 1 "d";
    .port_info 6 /OUTPUT 1 "q";
v0x5763fbc03120_0 .net "chipSelect", 0 0, v0x5763fbc186d0_0;  alias, 1 drivers
v0x5763fbc031e0_0 .net "clk", 0 0, v0x5763fbc18790_0;  alias, 1 drivers
v0x5763fbc032a0_0 .net "d", 0 0, L_0x5763fbc1d9b0;  1 drivers
v0x5763fbc03340_0 .net "enable", 0 0, L_0x5763fbc1e400;  alias, 1 drivers
v0x5763fbc033e0_0 .var "q", 0 0;
v0x5763fbc034f0_0 .net "regWrite", 0 0, v0x5763fbc18b00_0;  alias, 1 drivers
v0x5763fbc03590_0 .net "reset", 0 0, v0x5763fbc189c0_0;  alias, 1 drivers
S_0x5763fbc03750 .scope generate, "genblk1[1]" "genblk1[1]" 7 12, 7 12 0, S_0x5763fbc028c0;
 .timescale 0 0;
P_0x5763fbc03970 .param/l "i" 1 7 12, +C4<01>;
S_0x5763fbc03a30 .scope module, "dff" "D_ff" 7 13, 8 1 0, S_0x5763fbc03750;
 .timescale 0 0;
    .port_info 0 /INPUT 1 "clk";
    .port_info 1 /INPUT 1 "chipSelect";
    .port_info 2 /INPUT 1 "reset";
    .port_info 3 /INPUT 1 "regWrite";
    .port_info 4 /INPUT 1 "enable";
    .port_info 5 /INPUT 1 "d";
    .port_info 6 /OUTPUT 1 "q";
v0x5763fbc03cc0_0 .net "chipSelect", 0 0, v0x5763fbc186d0_0;  alias, 1 drivers
v0x5763fbc03d80_0 .net "clk", 0 0, v0x5763fbc18790_0;  alias, 1 drivers
v0x5763fbc03e40_0 .net "d", 0 0, L_0x5763fbc1dab0;  1 drivers
v0x5763fbc03ee0_0 .net "enable", 0 0, L_0x5763fbc1e400;  alias, 1 drivers
v0x5763fbc03f80_0 .var "q", 0 0;
v0x5763fbc04070_0 .net "regWrite", 0 0, v0x5763fbc18b00_0;  alias, 1 drivers
v0x5763fbc04110_0 .net "reset", 0 0, v0x5763fbc189c0_0;  alias, 1 drivers
S_0x5763fbc042b0 .scope generate, "genblk1[2]" "genblk1[2]" 7 12, 7 12 0, S_0x5763fbc028c0;
 .timescale 0 0;
P_0x5763fbc044b0 .param/l "i" 1 7 12, +C4<010>;
S_0x5763fbc04570 .scope module, "dff" "D_ff" 7 13, 8 1 0, S_0x5763fbc042b0;
 .timescale 0 0;
    .port_info 0 /INPUT 1 "clk";
    .port_info 1 /INPUT 1 "chipSelect";
    .port_info 2 /INPUT 1 "reset";
    .port_info 3 /INPUT 1 "regWrite";
    .port_info 4 /INPUT 1 "enable";
    .port_info 5 /INPUT 1 "d";
    .port_info 6 /OUTPUT 1 "q";
v0x5763fbc04800_0 .net "chipSelect", 0 0, v0x5763fbc186d0_0;  alias, 1 drivers
v0x5763fbc048c0_0 .net "clk", 0 0, v0x5763fbc18790_0;  alias, 1 drivers
v0x5763fbc04980_0 .net "d", 0 0, L_0x5763fbc1dbd0;  1 drivers
v0x5763fbc04a20_0 .net "enable", 0 0, L_0x5763fbc1e400;  alias, 1 drivers
v0x5763fbc04b10_0 .var "q", 0 0;
v0x5763fbc04c00_0 .net "regWrite", 0 0, v0x5763fbc18b00_0;  alias, 1 drivers
v0x5763fbc04ca0_0 .net "reset", 0 0, v0x5763fbc189c0_0;  alias, 1 drivers
S_0x5763fbc04e60 .scope generate, "genblk1[3]" "genblk1[3]" 7 12, 7 12 0, S_0x5763fbc028c0;
 .timescale 0 0;
P_0x5763fbc05060 .param/l "i" 1 7 12, +C4<011>;
S_0x5763fbc05140 .scope module, "dff" "D_ff" 7 13, 8 1 0, S_0x5763fbc04e60;
 .timescale 0 0;
    .port_info 0 /INPUT 1 "clk";
    .port_info 1 /INPUT 1 "chipSelect";
    .port_info 2 /INPUT 1 "reset";
    .port_info 3 /INPUT 1 "regWrite";
    .port_info 4 /INPUT 1 "enable";
    .port_info 5 /INPUT 1 "d";
    .port_info 6 /OUTPUT 1 "q";
v0x5763fbc053d0_0 .net "chipSelect", 0 0, v0x5763fbc186d0_0;  alias, 1 drivers
v0x5763fbc05490_0 .net "clk", 0 0, v0x5763fbc18790_0;  alias, 1 drivers
v0x5763fbc05550_0 .net "d", 0 0, L_0x5763fbc1dc70;  1 drivers
v0x5763fbc055f0_0 .net "enable", 0 0, L_0x5763fbc1e400;  alias, 1 drivers
v0x5763fbc05690_0 .var "q", 0 0;
v0x5763fbc05780_0 .net "regWrite", 0 0, v0x5763fbc18b00_0;  alias, 1 drivers
v0x5763fbc05820_0 .net "reset", 0 0, v0x5763fbc189c0_0;  alias, 1 drivers
S_0x5763fbc059e0 .scope generate, "genblk1[4]" "genblk1[4]" 7 12, 7 12 0, S_0x5763fbc028c0;
 .timescale 0 0;
P_0x5763fbc05c30 .param/l "i" 1 7 12, +C4<0100>;
S_0x5763fbc05d10 .scope module, "dff" "D_ff" 7 13, 8 1 0, S_0x5763fbc059e0;
 .timescale 0 0;
    .port_info 0 /INPUT 1 "clk";
    .port_info 1 /INPUT 1 "chipSelect";
    .port_info 2 /INPUT 1 "reset";
    .port_info 3 /INPUT 1 "regWrite";
    .port_info 4 /INPUT 1 "enable";
    .port_info 5 /INPUT 1 "d";
    .port_info 6 /OUTPUT 1 "q";
v0x5763fbc05fa0_0 .net "chipSelect", 0 0, v0x5763fbc186d0_0;  alias, 1 drivers
v0x5763fbc06060_0 .net "clk", 0 0, v0x5763fbc18790_0;  alias, 1 drivers
v0x5763fbc06120_0 .net "d", 0 0, L_0x5763fbc1dd70;  1 drivers
v0x5763fbc061c0_0 .net "enable", 0 0, L_0x5763fbc1e400;  alias, 1 drivers
v0x5763fbc06260_0 .var "q", 0 0;
v0x5763fbc06300_0 .net "regWrite", 0 0, v0x5763fbc18b00_0;  alias, 1 drivers
v0x5763fbc063a0_0 .net "reset", 0 0, v0x5763fbc189c0_0;  alias, 1 drivers
S_0x5763fbc06560 .scope generate, "genblk1[5]" "genblk1[5]" 7 12, 7 12 0, S_0x5763fbc028c0;
 .timescale 0 0;
P_0x5763fbc06760 .param/l "i" 1 7 12, +C4<0101>;
S_0x5763fbc06840 .scope module, "dff" "D_ff" 7 13, 8 1 0, S_0x5763fbc06560;
 .timescale 0 0;
    .port_info 0 /INPUT 1 "clk";
    .port_info 1 /INPUT 1 "chipSelect";
    .port_info 2 /INPUT 1 "reset";
    .port_info 3 /INPUT 1 "regWrite";
    .port_info 4 /INPUT 1 "enable";
    .port_info 5 /INPUT 1 "d";
    .port_info 6 /OUTPUT 1 "q";
v0x5763fbc06ad0_0 .net "chipSelect", 0 0, v0x5763fbc186d0_0;  alias, 1 drivers
v0x5763fbc06b90_0 .net "clk", 0 0, v0x5763fbc18790_0;  alias, 1 drivers
v0x5763fbc06c50_0 .net "d", 0 0, L_0x5763fbc1de40;  1 drivers
v0x5763fbc06cf0_0 .net "enable", 0 0, L_0x5763fbc1e400;  alias, 1 drivers
v0x5763fbc06d90_0 .var "q", 0 0;
v0x5763fbc06e80_0 .net "regWrite", 0 0, v0x5763fbc18b00_0;  alias, 1 drivers
v0x5763fbc06f20_0 .net "reset", 0 0, v0x5763fbc189c0_0;  alias, 1 drivers
S_0x5763fbc070e0 .scope generate, "genblk1[6]" "genblk1[6]" 7 12, 7 12 0, S_0x5763fbc028c0;
 .timescale 0 0;
P_0x5763fbc072e0 .param/l "i" 1 7 12, +C4<0110>;
S_0x5763fbc073c0 .scope module, "dff" "D_ff" 7 13, 8 1 0, S_0x5763fbc070e0;
 .timescale 0 0;
    .port_info 0 /INPUT 1 "clk";
    .port_info 1 /INPUT 1 "chipSelect";
    .port_info 2 /INPUT 1 "reset";
    .port_info 3 /INPUT 1 "regWrite";
    .port_info 4 /INPUT 1 "enable";
    .port_info 5 /INPUT 1 "d";
    .port_info 6 /OUTPUT 1 "q";
v0x5763fbc07650_0 .net "chipSelect", 0 0, v0x5763fbc186d0_0;  alias, 1 drivers
v0x5763fbc07710_0 .net "clk", 0 0, v0x5763fbc18790_0;  alias, 1 drivers
v0x5763fbc077d0_0 .net "d", 0 0, L_0x5763fbc1df10;  1 drivers
v0x5763fbc07870_0 .net "enable", 0 0, L_0x5763fbc1e400;  alias, 1 drivers
v0x5763fbc07910_0 .var "q", 0 0;
v0x5763fbc07a00_0 .net "regWrite", 0 0, v0x5763fbc18b00_0;  alias, 1 drivers
v0x5763fbc07aa0_0 .net "reset", 0 0, v0x5763fbc189c0_0;  alias, 1 drivers
S_0x5763fbc07c60 .scope generate, "genblk1[7]" "genblk1[7]" 7 12, 7 12 0, S_0x5763fbc028c0;
 .timescale 0 0;
P_0x5763fbc07e60 .param/l "i" 1 7 12, +C4<0111>;
S_0x5763fbc07f40 .scope module, "dff" "D_ff" 7 13, 8 1 0, S_0x5763fbc07c60;
 .timescale 0 0;
    .port_info 0 /INPUT 1 "clk";
    .port_info 1 /INPUT 1 "chipSelect";
    .port_info 2 /INPUT 1 "reset";
    .port_info 3 /INPUT 1 "regWrite";
    .port_info 4 /INPUT 1 "enable";
    .port_info 5 /INPUT 1 "d";
    .port_info 6 /OUTPUT 1 "q";
v0x5763fbc081d0_0 .net "chipSelect", 0 0, v0x5763fbc186d0_0;  alias, 1 drivers
v0x5763fbc08290_0 .net "clk", 0 0, v0x5763fbc18790_0;  alias, 1 drivers
v0x5763fbc08350_0 .net "d", 0 0, L_0x5763fbc1dfb0;  1 drivers
v0x5763fbc083f0_0 .net "enable", 0 0, L_0x5763fbc1e400;  alias, 1 drivers
v0x5763fbc08490_0 .var "q", 0 0;
v0x5763fbc08580_0 .net "regWrite", 0 0, v0x5763fbc18b00_0;  alias, 1 drivers
v0x5763fbc08620_0 .net "reset", 0 0, v0x5763fbc189c0_0;  alias, 1 drivers
S_0x5763fbc08db0 .scope module, "rMem8" "register8bit" 3 35, 7 2 0, S_0x5763fbb495f0;
 .timescale 0 0;
    .port_info 0 /INPUT 1 "clk";
    .port_info 1 /INPUT 1 "chipSelect";
    .port_info 2 /INPUT 1 "reset";
    .port_info 3 /INPUT 1 "regWrite";
    .port_info 4 /INPUT 1 "enable";
    .port_info 5 /INPUT 8 "inR";
    .port_info 6 /OUTPUT 8 "outR";
v0x5763fbc0ed00_0 .net "chipSelect", 0 0, v0x5763fbc186d0_0;  alias, 1 drivers
v0x5763fbc0edc0_0 .net "clk", 0 0, v0x5763fbc18790_0;  alias, 1 drivers
v0x5763fbc0ee80_0 .net "enable", 0 0, L_0x5763fbc1f020;  1 drivers
v0x5763fbc0f030_0 .net "inR", 7 0, L_0x5763fbc1f0c0;  1 drivers
v0x5763fbc0f0d0_0 .net "outR", 7 0, L_0x5763fbc1ee00;  alias, 1 drivers
v0x5763fbc0f1e0_0 .net "regWrite", 0 0, v0x5763fbc18b00_0;  alias, 1 drivers
v0x5763fbc0f280_0 .net "reset", 0 0, v0x5763fbc189c0_0;  alias, 1 drivers
L_0x5763fbc1e5d0 .part L_0x5763fbc1f0c0, 0, 1;
L_0x5763fbc1e6d0 .part L_0x5763fbc1f0c0, 1, 1;
L_0x5763fbc1e7f0 .part L_0x5763fbc1f0c0, 2, 1;
L_0x5763fbc1e890 .part L_0x5763fbc1f0c0, 3, 1;
L_0x5763fbc1e990 .part L_0x5763fbc1f0c0, 4, 1;
L_0x5763fbc1ea60 .part L_0x5763fbc1f0c0, 5, 1;
L_0x5763fbc1eb30 .part L_0x5763fbc1f0c0, 6, 1;
L_0x5763fbc1ebd0 .part L_0x5763fbc1f0c0, 7, 1;
LS_0x5763fbc1ee00_0_0 .concat8 [ 1 1 1 1], v0x5763fbc098d0_0, v0x5763fbc0a470_0, v0x5763fbc0b030_0, v0x5763fbc0bbb0_0;
LS_0x5763fbc1ee00_0_4 .concat8 [ 1 1 1 1], v0x5763fbc0c780_0, v0x5763fbc0d2b0_0, v0x5763fbc0de30_0, v0x5763fbc0e9b0_0;
L_0x5763fbc1ee00 .concat8 [ 4 4 0 0], LS_0x5763fbc1ee00_0_0, LS_0x5763fbc1ee00_0_4;
S_0x5763fbc09040 .scope generate, "genblk1[0]" "genblk1[0]" 7 12, 7 12 0, S_0x5763fbc08db0;
 .timescale 0 0;
P_0x5763fbc09260 .param/l "i" 1 7 12, +C4<00>;
S_0x5763fbc09340 .scope module, "dff" "D_ff" 7 13, 8 1 0, S_0x5763fbc09040;
 .timescale 0 0;
    .port_info 0 /INPUT 1 "clk";
    .port_info 1 /INPUT 1 "chipSelect";
    .port_info 2 /INPUT 1 "reset";
    .port_info 3 /INPUT 1 "regWrite";
    .port_info 4 /INPUT 1 "enable";
    .port_info 5 /INPUT 1 "d";
    .port_info 6 /OUTPUT 1 "q";
v0x5763fbc09610_0 .net "chipSelect", 0 0, v0x5763fbc186d0_0;  alias, 1 drivers
v0x5763fbc096d0_0 .net "clk", 0 0, v0x5763fbc18790_0;  alias, 1 drivers
v0x5763fbc09790_0 .net "d", 0 0, L_0x5763fbc1e5d0;  1 drivers
v0x5763fbc09830_0 .net "enable", 0 0, L_0x5763fbc1f020;  alias, 1 drivers
v0x5763fbc098d0_0 .var "q", 0 0;
v0x5763fbc099e0_0 .net "regWrite", 0 0, v0x5763fbc18b00_0;  alias, 1 drivers
v0x5763fbc09a80_0 .net "reset", 0 0, v0x5763fbc189c0_0;  alias, 1 drivers
S_0x5763fbc09c40 .scope generate, "genblk1[1]" "genblk1[1]" 7 12, 7 12 0, S_0x5763fbc08db0;
 .timescale 0 0;
P_0x5763fbc09e60 .param/l "i" 1 7 12, +C4<01>;
S_0x5763fbc09f20 .scope module, "dff" "D_ff" 7 13, 8 1 0, S_0x5763fbc09c40;
 .timescale 0 0;
    .port_info 0 /INPUT 1 "clk";
    .port_info 1 /INPUT 1 "chipSelect";
    .port_info 2 /INPUT 1 "reset";
    .port_info 3 /INPUT 1 "regWrite";
    .port_info 4 /INPUT 1 "enable";
    .port_info 5 /INPUT 1 "d";
    .port_info 6 /OUTPUT 1 "q";
v0x5763fbc0a1b0_0 .net "chipSelect", 0 0, v0x5763fbc186d0_0;  alias, 1 drivers
v0x5763fbc0a270_0 .net "clk", 0 0, v0x5763fbc18790_0;  alias, 1 drivers
v0x5763fbc0a330_0 .net "d", 0 0, L_0x5763fbc1e6d0;  1 drivers
v0x5763fbc0a3d0_0 .net "enable", 0 0, L_0x5763fbc1f020;  alias, 1 drivers
v0x5763fbc0a470_0 .var "q", 0 0;
v0x5763fbc0a560_0 .net "regWrite", 0 0, v0x5763fbc18b00_0;  alias, 1 drivers
v0x5763fbc0a600_0 .net "reset", 0 0, v0x5763fbc189c0_0;  alias, 1 drivers
S_0x5763fbc0a7a0 .scope generate, "genblk1[2]" "genblk1[2]" 7 12, 7 12 0, S_0x5763fbc08db0;
 .timescale 0 0;
P_0x5763fbc0a9a0 .param/l "i" 1 7 12, +C4<010>;
S_0x5763fbc0aa60 .scope module, "dff" "D_ff" 7 13, 8 1 0, S_0x5763fbc0a7a0;
 .timescale 0 0;
    .port_info 0 /INPUT 1 "clk";
    .port_info 1 /INPUT 1 "chipSelect";
    .port_info 2 /INPUT 1 "reset";
    .port_info 3 /INPUT 1 "regWrite";
    .port_info 4 /INPUT 1 "enable";
    .port_info 5 /INPUT 1 "d";
    .port_info 6 /OUTPUT 1 "q";
v0x5763fbc0acf0_0 .net "chipSelect", 0 0, v0x5763fbc186d0_0;  alias, 1 drivers
v0x5763fbc0adb0_0 .net "clk", 0 0, v0x5763fbc18790_0;  alias, 1 drivers
v0x5763fbc0ae70_0 .net "d", 0 0, L_0x5763fbc1e7f0;  1 drivers
v0x5763fbc0af40_0 .net "enable", 0 0, L_0x5763fbc1f020;  alias, 1 drivers
v0x5763fbc0b030_0 .var "q", 0 0;
v0x5763fbc0b120_0 .net "regWrite", 0 0, v0x5763fbc18b00_0;  alias, 1 drivers
v0x5763fbc0b1c0_0 .net "reset", 0 0, v0x5763fbc189c0_0;  alias, 1 drivers
S_0x5763fbc0b380 .scope generate, "genblk1[3]" "genblk1[3]" 7 12, 7 12 0, S_0x5763fbc08db0;
 .timescale 0 0;
P_0x5763fbc0b580 .param/l "i" 1 7 12, +C4<011>;
S_0x5763fbc0b660 .scope module, "dff" "D_ff" 7 13, 8 1 0, S_0x5763fbc0b380;
 .timescale 0 0;
    .port_info 0 /INPUT 1 "clk";
    .port_info 1 /INPUT 1 "chipSelect";
    .port_info 2 /INPUT 1 "reset";
    .port_info 3 /INPUT 1 "regWrite";
    .port_info 4 /INPUT 1 "enable";
    .port_info 5 /INPUT 1 "d";
    .port_info 6 /OUTPUT 1 "q";
v0x5763fbc0b8f0_0 .net "chipSelect", 0 0, v0x5763fbc186d0_0;  alias, 1 drivers
v0x5763fbc0b9b0_0 .net "clk", 0 0, v0x5763fbc18790_0;  alias, 1 drivers
v0x5763fbc0ba70_0 .net "d", 0 0, L_0x5763fbc1e890;  1 drivers
v0x5763fbc0bb10_0 .net "enable", 0 0, L_0x5763fbc1f020;  alias, 1 drivers
v0x5763fbc0bbb0_0 .var "q", 0 0;
v0x5763fbc0bca0_0 .net "regWrite", 0 0, v0x5763fbc18b00_0;  alias, 1 drivers
v0x5763fbc0bd40_0 .net "reset", 0 0, v0x5763fbc189c0_0;  alias, 1 drivers
S_0x5763fbc0bf00 .scope generate, "genblk1[4]" "genblk1[4]" 7 12, 7 12 0, S_0x5763fbc08db0;
 .timescale 0 0;
P_0x5763fbc0c150 .param/l "i" 1 7 12, +C4<0100>;
S_0x5763fbc0c230 .scope module, "dff" "D_ff" 7 13, 8 1 0, S_0x5763fbc0bf00;
 .timescale 0 0;
    .port_info 0 /INPUT 1 "clk";
    .port_info 1 /INPUT 1 "chipSelect";
    .port_info 2 /INPUT 1 "reset";
    .port_info 3 /INPUT 1 "regWrite";
    .port_info 4 /INPUT 1 "enable";
    .port_info 5 /INPUT 1 "d";
    .port_info 6 /OUTPUT 1 "q";
v0x5763fbc0c4c0_0 .net "chipSelect", 0 0, v0x5763fbc186d0_0;  alias, 1 drivers
v0x5763fbc0c580_0 .net "clk", 0 0, v0x5763fbc18790_0;  alias, 1 drivers
v0x5763fbc0c640_0 .net "d", 0 0, L_0x5763fbc1e990;  1 drivers
v0x5763fbc0c6e0_0 .net "enable", 0 0, L_0x5763fbc1f020;  alias, 1 drivers
v0x5763fbc0c780_0 .var "q", 0 0;
v0x5763fbc0c820_0 .net "regWrite", 0 0, v0x5763fbc18b00_0;  alias, 1 drivers
v0x5763fbc0c8c0_0 .net "reset", 0 0, v0x5763fbc189c0_0;  alias, 1 drivers
S_0x5763fbc0ca80 .scope generate, "genblk1[5]" "genblk1[5]" 7 12, 7 12 0, S_0x5763fbc08db0;
 .timescale 0 0;
P_0x5763fbc0cc80 .param/l "i" 1 7 12, +C4<0101>;
S_0x5763fbc0cd60 .scope module, "dff" "D_ff" 7 13, 8 1 0, S_0x5763fbc0ca80;
 .timescale 0 0;
    .port_info 0 /INPUT 1 "clk";
    .port_info 1 /INPUT 1 "chipSelect";
    .port_info 2 /INPUT 1 "reset";
    .port_info 3 /INPUT 1 "regWrite";
    .port_info 4 /INPUT 1 "enable";
    .port_info 5 /INPUT 1 "d";
    .port_info 6 /OUTPUT 1 "q";
v0x5763fbc0cff0_0 .net "chipSelect", 0 0, v0x5763fbc186d0_0;  alias, 1 drivers
v0x5763fbc0d0b0_0 .net "clk", 0 0, v0x5763fbc18790_0;  alias, 1 drivers
v0x5763fbc0d170_0 .net "d", 0 0, L_0x5763fbc1ea60;  1 drivers
v0x5763fbc0d210_0 .net "enable", 0 0, L_0x5763fbc1f020;  alias, 1 drivers
v0x5763fbc0d2b0_0 .var "q", 0 0;
v0x5763fbc0d3a0_0 .net "regWrite", 0 0, v0x5763fbc18b00_0;  alias, 1 drivers
v0x5763fbc0d440_0 .net "reset", 0 0, v0x5763fbc189c0_0;  alias, 1 drivers
S_0x5763fbc0d600 .scope generate, "genblk1[6]" "genblk1[6]" 7 12, 7 12 0, S_0x5763fbc08db0;
 .timescale 0 0;
P_0x5763fbc0d800 .param/l "i" 1 7 12, +C4<0110>;
S_0x5763fbc0d8e0 .scope module, "dff" "D_ff" 7 13, 8 1 0, S_0x5763fbc0d600;
 .timescale 0 0;
    .port_info 0 /INPUT 1 "clk";
    .port_info 1 /INPUT 1 "chipSelect";
    .port_info 2 /INPUT 1 "reset";
    .port_info 3 /INPUT 1 "regWrite";
    .port_info 4 /INPUT 1 "enable";
    .port_info 5 /INPUT 1 "d";
    .port_info 6 /OUTPUT 1 "q";
v0x5763fbc0db70_0 .net "chipSelect", 0 0, v0x5763fbc186d0_0;  alias, 1 drivers
v0x5763fbc0dc30_0 .net "clk", 0 0, v0x5763fbc18790_0;  alias, 1 drivers
v0x5763fbc0dcf0_0 .net "d", 0 0, L_0x5763fbc1eb30;  1 drivers
v0x5763fbc0dd90_0 .net "enable", 0 0, L_0x5763fbc1f020;  alias, 1 drivers
v0x5763fbc0de30_0 .var "q", 0 0;
v0x5763fbc0df20_0 .net "regWrite", 0 0, v0x5763fbc18b00_0;  alias, 1 drivers
v0x5763fbc0dfc0_0 .net "reset", 0 0, v0x5763fbc189c0_0;  alias, 1 drivers
S_0x5763fbc0e180 .scope generate, "genblk1[7]" "genblk1[7]" 7 12, 7 12 0, S_0x5763fbc08db0;
 .timescale 0 0;
P_0x5763fbc0e380 .param/l "i" 1 7 12, +C4<0111>;
S_0x5763fbc0e460 .scope module, "dff" "D_ff" 7 13, 8 1 0, S_0x5763fbc0e180;
 .timescale 0 0;
    .port_info 0 /INPUT 1 "clk";
    .port_info 1 /INPUT 1 "chipSelect";
    .port_info 2 /INPUT 1 "reset";
    .port_info 3 /INPUT 1 "regWrite";
    .port_info 4 /INPUT 1 "enable";
    .port_info 5 /INPUT 1 "d";
    .port_info 6 /OUTPUT 1 "q";
v0x5763fbc0e6f0_0 .net "chipSelect", 0 0, v0x5763fbc186d0_0;  alias, 1 drivers
v0x5763fbc0e7b0_0 .net "clk", 0 0, v0x5763fbc18790_0;  alias, 1 drivers
v0x5763fbc0e870_0 .net "d", 0 0, L_0x5763fbc1ebd0;  1 drivers
v0x5763fbc0e910_0 .net "enable", 0 0, L_0x5763fbc1f020;  alias, 1 drivers
v0x5763fbc0e9b0_0 .var "q", 0 0;
v0x5763fbc0eaa0_0 .net "regWrite", 0 0, v0x5763fbc18b00_0;  alias, 1 drivers
v0x5763fbc0eb40_0 .net "reset", 0 0, v0x5763fbc189c0_0;  alias, 1 drivers
S_0x5763fbc0f3e0 .scope module, "rMem9" "register8bit" 3 36, 7 2 0, S_0x5763fbb495f0;
 .timescale 0 0;
    .port_info 0 /INPUT 1 "clk";
    .port_info 1 /INPUT 1 "chipSelect";
    .port_info 2 /INPUT 1 "reset";
    .port_info 3 /INPUT 1 "regWrite";
    .port_info 4 /INPUT 1 "enable";
    .port_info 5 /INPUT 8 "inR";
    .port_info 6 /OUTPUT 8 "outR";
v0x5763fbc15330_0 .net "chipSelect", 0 0, v0x5763fbc186d0_0;  alias, 1 drivers
v0x5763fbc153f0_0 .net "clk", 0 0, v0x5763fbc18790_0;  alias, 1 drivers
v0x5763fbc154b0_0 .net "enable", 0 0, L_0x5763fbc1fc50;  1 drivers
v0x5763fbc15660_0 .net "inR", 7 0, L_0x5763fbc1fcf0;  1 drivers
v0x5763fbc15700_0 .net "outR", 7 0, L_0x5763fbc1fa30;  alias, 1 drivers
v0x5763fbc15810_0 .net "regWrite", 0 0, v0x5763fbc18b00_0;  alias, 1 drivers
v0x5763fbc158b0_0 .net "reset", 0 0, v0x5763fbc189c0_0;  alias, 1 drivers
L_0x5763fbc1f200 .part L_0x5763fbc1fcf0, 0, 1;
L_0x5763fbc1f300 .part L_0x5763fbc1fcf0, 1, 1;
L_0x5763fbc1f420 .part L_0x5763fbc1fcf0, 2, 1;
L_0x5763fbc1f4c0 .part L_0x5763fbc1fcf0, 3, 1;
L_0x5763fbc1f5c0 .part L_0x5763fbc1fcf0, 4, 1;
L_0x5763fbc1f690 .part L_0x5763fbc1fcf0, 5, 1;
L_0x5763fbc1f760 .part L_0x5763fbc1fcf0, 6, 1;
L_0x5763fbc1f800 .part L_0x5763fbc1fcf0, 7, 1;
LS_0x5763fbc1fa30_0_0 .concat8 [ 1 1 1 1], v0x5763fbc0ff00_0, v0x5763fbc10aa0_0, v0x5763fbc11660_0, v0x5763fbc121e0_0;
LS_0x5763fbc1fa30_0_4 .concat8 [ 1 1 1 1], v0x5763fbc12db0_0, v0x5763fbc138e0_0, v0x5763fbc14460_0, v0x5763fbc14fe0_0;
L_0x5763fbc1fa30 .concat8 [ 4 4 0 0], LS_0x5763fbc1fa30_0_0, LS_0x5763fbc1fa30_0_4;
S_0x5763fbc0f670 .scope generate, "genblk1[0]" "genblk1[0]" 7 12, 7 12 0, S_0x5763fbc0f3e0;
 .timescale 0 0;
P_0x5763fbc0f890 .param/l "i" 1 7 12, +C4<00>;
S_0x5763fbc0f970 .scope module, "dff" "D_ff" 7 13, 8 1 0, S_0x5763fbc0f670;
 .timescale 0 0;
    .port_info 0 /INPUT 1 "clk";
    .port_info 1 /INPUT 1 "chipSelect";
    .port_info 2 /INPUT 1 "reset";
    .port_info 3 /INPUT 1 "regWrite";
    .port_info 4 /INPUT 1 "enable";
    .port_info 5 /INPUT 1 "d";
    .port_info 6 /OUTPUT 1 "q";
v0x5763fbc0fc40_0 .net "chipSelect", 0 0, v0x5763fbc186d0_0;  alias, 1 drivers
v0x5763fbc0fd00_0 .net "clk", 0 0, v0x5763fbc18790_0;  alias, 1 drivers
v0x5763fbc0fdc0_0 .net "d", 0 0, L_0x5763fbc1f200;  1 drivers
v0x5763fbc0fe60_0 .net "enable", 0 0, L_0x5763fbc1fc50;  alias, 1 drivers
v0x5763fbc0ff00_0 .var "q", 0 0;
v0x5763fbc10010_0 .net "regWrite", 0 0, v0x5763fbc18b00_0;  alias, 1 drivers
v0x5763fbc100b0_0 .net "reset", 0 0, v0x5763fbc189c0_0;  alias, 1 drivers
S_0x5763fbc10270 .scope generate, "genblk1[1]" "genblk1[1]" 7 12, 7 12 0, S_0x5763fbc0f3e0;
 .timescale 0 0;
P_0x5763fbc10490 .param/l "i" 1 7 12, +C4<01>;
S_0x5763fbc10550 .scope module, "dff" "D_ff" 7 13, 8 1 0, S_0x5763fbc10270;
 .timescale 0 0;
    .port_info 0 /INPUT 1 "clk";
    .port_info 1 /INPUT 1 "chipSelect";
    .port_info 2 /INPUT 1 "reset";
    .port_info 3 /INPUT 1 "regWrite";
    .port_info 4 /INPUT 1 "enable";
    .port_info 5 /INPUT 1 "d";
    .port_info 6 /OUTPUT 1 "q";
v0x5763fbc107e0_0 .net "chipSelect", 0 0, v0x5763fbc186d0_0;  alias, 1 drivers
v0x5763fbc108a0_0 .net "clk", 0 0, v0x5763fbc18790_0;  alias, 1 drivers
v0x5763fbc10960_0 .net "d", 0 0, L_0x5763fbc1f300;  1 drivers
v0x5763fbc10a00_0 .net "enable", 0 0, L_0x5763fbc1fc50;  alias, 1 drivers
v0x5763fbc10aa0_0 .var "q", 0 0;
v0x5763fbc10b90_0 .net "regWrite", 0 0, v0x5763fbc18b00_0;  alias, 1 drivers
v0x5763fbc10c30_0 .net "reset", 0 0, v0x5763fbc189c0_0;  alias, 1 drivers
S_0x5763fbc10dd0 .scope generate, "genblk1[2]" "genblk1[2]" 7 12, 7 12 0, S_0x5763fbc0f3e0;
 .timescale 0 0;
P_0x5763fbc10fd0 .param/l "i" 1 7 12, +C4<010>;
S_0x5763fbc11090 .scope module, "dff" "D_ff" 7 13, 8 1 0, S_0x5763fbc10dd0;
 .timescale 0 0;
    .port_info 0 /INPUT 1 "clk";
    .port_info 1 /INPUT 1 "chipSelect";
    .port_info 2 /INPUT 1 "reset";
    .port_info 3 /INPUT 1 "regWrite";
    .port_info 4 /INPUT 1 "enable";
    .port_info 5 /INPUT 1 "d";
    .port_info 6 /OUTPUT 1 "q";
v0x5763fbc11320_0 .net "chipSelect", 0 0, v0x5763fbc186d0_0;  alias, 1 drivers
v0x5763fbc113e0_0 .net "clk", 0 0, v0x5763fbc18790_0;  alias, 1 drivers
v0x5763fbc114a0_0 .net "d", 0 0, L_0x5763fbc1f420;  1 drivers
v0x5763fbc11570_0 .net "enable", 0 0, L_0x5763fbc1fc50;  alias, 1 drivers
v0x5763fbc11660_0 .var "q", 0 0;
v0x5763fbc11750_0 .net "regWrite", 0 0, v0x5763fbc18b00_0;  alias, 1 drivers
v0x5763fbc117f0_0 .net "reset", 0 0, v0x5763fbc189c0_0;  alias, 1 drivers
S_0x5763fbc119b0 .scope generate, "genblk1[3]" "genblk1[3]" 7 12, 7 12 0, S_0x5763fbc0f3e0;
 .timescale 0 0;
P_0x5763fbc11bb0 .param/l "i" 1 7 12, +C4<011>;
S_0x5763fbc11c90 .scope module, "dff" "D_ff" 7 13, 8 1 0, S_0x5763fbc119b0;
 .timescale 0 0;
    .port_info 0 /INPUT 1 "clk";
    .port_info 1 /INPUT 1 "chipSelect";
    .port_info 2 /INPUT 1 "reset";
    .port_info 3 /INPUT 1 "regWrite";
    .port_info 4 /INPUT 1 "enable";
    .port_info 5 /INPUT 1 "d";
    .port_info 6 /OUTPUT 1 "q";
v0x5763fbc11f20_0 .net "chipSelect", 0 0, v0x5763fbc186d0_0;  alias, 1 drivers
v0x5763fbc11fe0_0 .net "clk", 0 0, v0x5763fbc18790_0;  alias, 1 drivers
v0x5763fbc120a0_0 .net "d", 0 0, L_0x5763fbc1f4c0;  1 drivers
v0x5763fbc12140_0 .net "enable", 0 0, L_0x5763fbc1fc50;  alias, 1 drivers
v0x5763fbc121e0_0 .var "q", 0 0;
v0x5763fbc122d0_0 .net "regWrite", 0 0, v0x5763fbc18b00_0;  alias, 1 drivers
v0x5763fbc12370_0 .net "reset", 0 0, v0x5763fbc189c0_0;  alias, 1 drivers
S_0x5763fbc12530 .scope generate, "genblk1[4]" "genblk1[4]" 7 12, 7 12 0, S_0x5763fbc0f3e0;
 .timescale 0 0;
P_0x5763fbc12780 .param/l "i" 1 7 12, +C4<0100>;
S_0x5763fbc12860 .scope module, "dff" "D_ff" 7 13, 8 1 0, S_0x5763fbc12530;
 .timescale 0 0;
    .port_info 0 /INPUT 1 "clk";
    .port_info 1 /INPUT 1 "chipSelect";
    .port_info 2 /INPUT 1 "reset";
    .port_info 3 /INPUT 1 "regWrite";
    .port_info 4 /INPUT 1 "enable";
    .port_info 5 /INPUT 1 "d";
    .port_info 6 /OUTPUT 1 "q";
v0x5763fbc12af0_0 .net "chipSelect", 0 0, v0x5763fbc186d0_0;  alias, 1 drivers
v0x5763fbc12bb0_0 .net "clk", 0 0, v0x5763fbc18790_0;  alias, 1 drivers
v0x5763fbc12c70_0 .net "d", 0 0, L_0x5763fbc1f5c0;  1 drivers
v0x5763fbc12d10_0 .net "enable", 0 0, L_0x5763fbc1fc50;  alias, 1 drivers
v0x5763fbc12db0_0 .var "q", 0 0;
v0x5763fbc12e50_0 .net "regWrite", 0 0, v0x5763fbc18b00_0;  alias, 1 drivers
v0x5763fbc12ef0_0 .net "reset", 0 0, v0x5763fbc189c0_0;  alias, 1 drivers
S_0x5763fbc130b0 .scope generate, "genblk1[5]" "genblk1[5]" 7 12, 7 12 0, S_0x5763fbc0f3e0;
 .timescale 0 0;
P_0x5763fbc132b0 .param/l "i" 1 7 12, +C4<0101>;
S_0x5763fbc13390 .scope module, "dff" "D_ff" 7 13, 8 1 0, S_0x5763fbc130b0;
 .timescale 0 0;
    .port_info 0 /INPUT 1 "clk";
    .port_info 1 /INPUT 1 "chipSelect";
    .port_info 2 /INPUT 1 "reset";
    .port_info 3 /INPUT 1 "regWrite";
    .port_info 4 /INPUT 1 "enable";
    .port_info 5 /INPUT 1 "d";
    .port_info 6 /OUTPUT 1 "q";
v0x5763fbc13620_0 .net "chipSelect", 0 0, v0x5763fbc186d0_0;  alias, 1 drivers
v0x5763fbc136e0_0 .net "clk", 0 0, v0x5763fbc18790_0;  alias, 1 drivers
v0x5763fbc137a0_0 .net "d", 0 0, L_0x5763fbc1f690;  1 drivers
v0x5763fbc13840_0 .net "enable", 0 0, L_0x5763fbc1fc50;  alias, 1 drivers
v0x5763fbc138e0_0 .var "q", 0 0;
v0x5763fbc139d0_0 .net "regWrite", 0 0, v0x5763fbc18b00_0;  alias, 1 drivers
v0x5763fbc13a70_0 .net "reset", 0 0, v0x5763fbc189c0_0;  alias, 1 drivers
S_0x5763fbc13c30 .scope generate, "genblk1[6]" "genblk1[6]" 7 12, 7 12 0, S_0x5763fbc0f3e0;
 .timescale 0 0;
P_0x5763fbc13e30 .param/l "i" 1 7 12, +C4<0110>;
S_0x5763fbc13f10 .scope module, "dff" "D_ff" 7 13, 8 1 0, S_0x5763fbc13c30;
 .timescale 0 0;
    .port_info 0 /INPUT 1 "clk";
    .port_info 1 /INPUT 1 "chipSelect";
    .port_info 2 /INPUT 1 "reset";
    .port_info 3 /INPUT 1 "regWrite";
    .port_info 4 /INPUT 1 "enable";
    .port_info 5 /INPUT 1 "d";
    .port_info 6 /OUTPUT 1 "q";
v0x5763fbc141a0_0 .net "chipSelect", 0 0, v0x5763fbc186d0_0;  alias, 1 drivers
v0x5763fbc14260_0 .net "clk", 0 0, v0x5763fbc18790_0;  alias, 1 drivers
v0x5763fbc14320_0 .net "d", 0 0, L_0x5763fbc1f760;  1 drivers
v0x5763fbc143c0_0 .net "enable", 0 0, L_0x5763fbc1fc50;  alias, 1 drivers
v0x5763fbc14460_0 .var "q", 0 0;
v0x5763fbc14550_0 .net "regWrite", 0 0, v0x5763fbc18b00_0;  alias, 1 drivers
v0x5763fbc145f0_0 .net "reset", 0 0, v0x5763fbc189c0_0;  alias, 1 drivers
S_0x5763fbc147b0 .scope generate, "genblk1[7]" "genblk1[7]" 7 12, 7 12 0, S_0x5763fbc0f3e0;
 .timescale 0 0;
P_0x5763fbc149b0 .param/l "i" 1 7 12, +C4<0111>;
S_0x5763fbc14a90 .scope module, "dff" "D_ff" 7 13, 8 1 0, S_0x5763fbc147b0;
 .timescale 0 0;
    .port_info 0 /INPUT 1 "clk";
    .port_info 1 /INPUT 1 "chipSelect";
    .port_info 2 /INPUT 1 "reset";
    .port_info 3 /INPUT 1 "regWrite";
    .port_info 4 /INPUT 1 "enable";
    .port_info 5 /INPUT 1 "d";
    .port_info 6 /OUTPUT 1 "q";
v0x5763fbc14d20_0 .net "chipSelect", 0 0, v0x5763fbc186d0_0;  alias, 1 drivers
v0x5763fbc14de0_0 .net "clk", 0 0, v0x5763fbc18790_0;  alias, 1 drivers
v0x5763fbc14ea0_0 .net "d", 0 0, L_0x5763fbc1f800;  1 drivers
v0x5763fbc14f40_0 .net "enable", 0 0, L_0x5763fbc1fc50;  alias, 1 drivers
v0x5763fbc14fe0_0 .var "q", 0 0;
v0x5763fbc150d0_0 .net "regWrite", 0 0, v0x5763fbc18b00_0;  alias, 1 drivers
v0x5763fbc15170_0 .net "reset", 0 0, v0x5763fbc189c0_0;  alias, 1 drivers
    .scope S_0x5763fbb40b20;
T_0 ;
    %wait E_0x5763fb882d10;
    %load/vec4 v0x5763fba366b0_0;
    %dup/vec4;
    %pushi/vec4 0, 0, 4;
    %cmp/u;
    %jmp/1 T_0.0, 6;
    %dup/vec4;
    %pushi/vec4 1, 0, 4;
    %cmp/u;
    %jmp/1 T_0.1, 6;
    %dup/vec4;
    %pushi/vec4 2, 0, 4;
    %cmp/u;
    %jmp/1 T_0.2, 6;
    %dup/vec4;
    %pushi/vec4 3, 0, 4;
    %cmp/u;
    %jmp/1 T_0.3, 6;
    %dup/vec4;
    %pushi/vec4 4, 0, 4;
    %cmp/u;
    %jmp/1 T_0.4, 6;
    %dup/vec4;
    %pushi/vec4 5, 0, 4;
    %cmp/u;
    %jmp/1 T_0.5, 6;
    %dup/vec4;
    %pushi/vec4 6, 0, 4;
    %cmp/u;
    %jmp/1 T_0.6, 6;
    %dup/vec4;
    %pushi/vec4 7, 0, 4;
    %cmp/u;
    %jmp/1 T_0.7, 6;
    %dup/vec4;
    %pushi/vec4 8, 0, 4;
    %cmp/u;
    %jmp/1 T_0.8, 6;
    %dup/vec4;
    %pushi/vec4 9, 0, 4;
    %cmp/u;
    %jmp/1 T_0.9, 6;
    %dup/vec4;
    %pushi/vec4 10, 0, 4;
    %cmp/u;
    %jmp/1 T_0.10, 6;
    %dup/vec4;
    %pushi/vec4 11, 0, 4;
    %cmp/u;
    %jmp/1 T_0.11, 6;
    %dup/vec4;
    %pushi/vec4 12, 0, 4;
    %cmp/u;
    %jmp/1 T_0.12, 6;
    %dup/vec4;
    %pushi/vec4 13, 0, 4;
    %cmp/u;
    %jmp/1 T_0.13, 6;
    %dup/vec4;
    %pushi/vec4 14, 0, 4;
    %cmp/u;
    %jmp/1 T_0.14, 6;
    %dup/vec4;
    %pushi/vec4 15, 0, 4;
    %cmp/u;
    %jmp/1 T_0.15, 6;
    %jmp T_0.16;
T_0.0 ;
    %pushi/vec4 1, 0, 16;
    %store/vec4 v0x5763fba37a20_0, 0, 16;
    %jmp T_0.16;
T_0.1 ;
    %pushi/vec4 2, 0, 16;
    %store/vec4 v0x5763fba37a20_0, 0, 16;
    %jmp T_0.16;
T_0.2 ;
    %pushi/vec4 4, 0, 16;
    %store/vec4 v0x5763fba37a20_0, 0, 16;
    %jmp T_0.16;
T_0.3 ;
    %pushi/vec4 8, 0, 16;
    %store/vec4 v0x5763fba37a20_0, 0, 16;
    %jmp T_0.16;
T_0.4 ;
    %pushi/vec4 16, 0, 16;
    %store/vec4 v0x5763fba37a20_0, 0, 16;
    %jmp T_0.16;
T_0.5 ;
    %pushi/vec4 32, 0, 16;
    %store/vec4 v0x5763fba37a20_0, 0, 16;
    %jmp T_0.16;
T_0.6 ;
    %pushi/vec4 64, 0, 16;
    %store/vec4 v0x5763fba37a20_0, 0, 16;
    %jmp T_0.16;
T_0.7 ;
    %pushi/vec4 128, 0, 16;
    %store/vec4 v0x5763fba37a20_0, 0, 16;
    %jmp T_0.16;
T_0.8 ;
    %pushi/vec4 256, 0, 16;
    %store/vec4 v0x5763fba37a20_0, 0, 16;
    %jmp T_0.16;
T_0.9 ;
    %pushi/vec4 512, 0, 16;
    %store/vec4 v0x5763fba37a20_0, 0, 16;
    %jmp T_0.16;
T_0.10 ;
    %pushi/vec4 1024, 0, 16;
    %store/vec4 v0x5763fba37a20_0, 0, 16;
    %jmp T_0.16;
T_0.11 ;
    %pushi/vec4 2048, 0, 16;
    %store/vec4 v0x5763fba37a20_0, 0, 16;
    %jmp T_0.16;
T_0.12 ;
    %pushi/vec4 4096, 0, 16;
    %store/vec4 v0x5763fba37a20_0, 0, 16;
    %jmp T_0.16;
T_0.13 ;
    %pushi/vec4 8192, 0, 16;
    %store/vec4 v0x5763fba37a20_0, 0, 16;
    %jmp T_0.16;
T_0.14 ;
    %pushi/vec4 16384, 0, 16;
    %store/vec4 v0x5763fba37a20_0, 0, 16;
    %jmp T_0.16;
T_0.15 ;
    %pushi/vec4 32768, 0, 16;
    %store/vec4 v0x5763fba37a20_0, 0, 16;
    %jmp T_0.16;
T_0.16 ;
    %pop/vec4 1;
    %jmp T_0;
    .thread T_0, $push;
    .scope S_0x5763fbb3e440;
T_1 ;
    %wait E_0x5763fbb65ff0;
    %load/vec4 v0x5763fbb64bd0_0;
    %cmpi/e 1, 0, 1;
    %flag_get/vec4 4;
    %jmp/0 T_1.2, 4;
    %load/vec4 v0x5763fba66030_0;
    %pushi/vec4 1, 0, 1;
    %cmp/e;
    %flag_get/vec4 4;
    %and;
T_1.2;
    %flag_set/vec4 8;
    %jmp/0xz  T_1.0, 8;
    %pushi/vec4 0, 0, 1;
    %assign/vec4 v0x5763fba5e8d0_0, 0;
    %jmp T_1.1;
T_1.0 ;
    %load/vec4 v0x5763fbb64bd0_0;
    %cmpi/e 1, 0, 1;
    %flag_get/vec4 4;
    %jmp/0 T_1.6, 4;
    %load/vec4 v0x5763fba5fce0_0;
    %pushi/vec4 1, 0, 1;
    %cmp/e;
    %flag_get/vec4 4;
    %and;
T_1.6;
    %flag_set/vec4 9;
    %flag_get/vec4 9;
    %jmp/0 T_1.5, 9;
    %load/vec4 v0x5763fba5ae80_0;
    %pushi/vec4 1, 0, 1;
    %cmp/e;
    %flag_get/vec4 4;
    %and;
T_1.5;
    %flag_set/vec4 8;
    %jmp/0xz  T_1.3, 8;
    %load/vec4 v0x5763fba5fc40_0;
    %assign/vec4 v0x5763fba5e8d0_0, 0;
T_1.3 ;
T_1.1 ;
    %jmp T_1;
    .thread T_1;
    .scope S_0x5763fbb520c0;
T_2 ;
    %wait E_0x5763fbb65ff0;
    %load/vec4 v0x5763fba68710_0;
    %cmpi/e 1, 0, 1;
    %flag_get/vec4 4;
    %jmp/0 T_2.2, 4;
    %load/vec4 v0x5763fba6eba0_0;
    %pushi/vec4 1, 0, 1;
    %cmp/e;
    %flag_get/vec4 4;
    %and;
T_2.2;
    %flag_set/vec4 8;
    %jmp/0xz  T_2.0, 8;
    %pushi/vec4 0, 0, 1;
    %assign/vec4 v0x5763fba72550_0, 0;
    %jmp T_2.1;
T_2.0 ;
    %load/vec4 v0x5763fba68710_0;
    %cmpi/e 1, 0, 1;
    %flag_get/vec4 4;
    %jmp/0 T_2.6, 4;
    %load/vec4 v0x5763fba738c0_0;
    %pushi/vec4 1, 0, 1;
    %cmp/e;
    %flag_get/vec4 4;
    %and;
T_2.6;
    %flag_set/vec4 9;
    %flag_get/vec4 9;
    %jmp/0 T_2.5, 9;
    %load/vec4 v0x5763fba6eb00_0;
    %pushi/vec4 1, 0, 1;
    %cmp/e;
    %flag_get/vec4 4;
    %and;
T_2.5;
    %flag_set/vec4 8;
    %jmp/0xz  T_2.3, 8;
    %load/vec4 v0x5763fba6fe70_0;
    %assign/vec4 v0x5763fba72550_0, 0;
T_2.3 ;
T_2.1 ;
    %jmp T_2;
    .thread T_2;
    .scope S_0x5763fbb4a960;
T_3 ;
    %wait E_0x5763fbb65ff0;
    %load/vec4 v0x5763fba7d700_0;
    %cmpi/e 1, 0, 1;
    %flag_get/vec4 4;
    %jmp/0 T_3.2, 4;
    %load/vec4 v0x5763fba875e0_0;
    %pushi/vec4 1, 0, 1;
    %cmp/e;
    %flag_get/vec4 4;
    %and;
T_3.2;
    %flag_set/vec4 8;
    %jmp/0xz  T_3.0, 8;
    %pushi/vec4 0, 0, 1;
    %assign/vec4 v0x5763fba83af0_0, 0;
    %jmp T_3.1;
T_3.0 ;
    %load/vec4 v0x5763fba7d700_0;
    %cmpi/e 1, 0, 1;
    %flag_get/vec4 4;
    %jmp/0 T_3.6, 4;
    %load/vec4 v0x5763fba789e0_0;
    %pushi/vec4 1, 0, 1;
    %cmp/e;
    %flag_get/vec4 4;
    %and;
T_3.6;
    %flag_set/vec4 9;
    %flag_get/vec4 9;
    %jmp/0 T_3.5, 9;
    %load/vec4 v0x5763fba87540_0;
    %pushi/vec4 1, 0, 1;
    %cmp/e;
    %flag_get/vec4 4;
    %and;
T_3.5;
    %flag_set/vec4 8;
    %jmp/0xz  T_3.3, 8;
    %load/vec4 v0x5763fba78940_0;
    %assign/vec4 v0x5763fba83af0_0, 0;
T_3.3 ;
T_3.1 ;
    %jmp T_3;
    .thread T_3;
    .scope S_0x5763fbb4d040;
T_4 ;
    %wait E_0x5763fbb65ff0;
    %load/vec4 v0x5763fba82780_0;
    %cmpi/e 1, 0, 1;
    %flag_get/vec4 4;
    %jmp/0 T_4.2, 4;
    %load/vec4 v0x5763fba8c660_0;
    %pushi/vec4 1, 0, 1;
    %cmp/e;
    %flag_get/vec4 4;
    %and;
T_4.2;
    %flag_set/vec4 8;
    %jmp/0xz  T_4.0, 8;
    %pushi/vec4 0, 0, 1;
    %assign/vec4 v0x5763fba90010_0, 0;
    %jmp T_4.1;
T_4.0 ;
    %load/vec4 v0x5763fba82780_0;
    %cmpi/e 1, 0, 1;
    %flag_get/vec4 4;
    %jmp/0 T_4.6, 4;
    %load/vec4 v0x5763fba91420_0;
    %pushi/vec4 1, 0, 1;
    %cmp/e;
    %flag_get/vec4 4;
    %and;
T_4.6;
    %flag_set/vec4 9;
    %flag_get/vec4 9;
    %jmp/0 T_4.5, 9;
    %load/vec4 v0x5763fba8c5c0_0;
    %pushi/vec4 1, 0, 1;
    %cmp/e;
    %flag_get/vec4 4;
    %and;
T_4.5;
    %flag_set/vec4 8;
    %jmp/0xz  T_4.3, 8;
    %load/vec4 v0x5763fba91380_0;
    %assign/vec4 v0x5763fba90010_0, 0;
T_4.3 ;
T_4.1 ;
    %jmp T_4;
    .thread T_4;
    .scope S_0x5763fbb46f10;
T_5 ;
    %wait E_0x5763fbb65ff0;
    %load/vec4 v0x5763fbb395c0_0;
    %cmpi/e 1, 0, 1;
    %flag_get/vec4 4;
    %jmp/0 T_5.2, 4;
    %load/vec4 v0x5763fbb2e410_0;
    %pushi/vec4 1, 0, 1;
    %cmp/e;
    %flag_get/vec4 4;
    %and;
T_5.2;
    %flag_set/vec4 8;
    %jmp/0xz  T_5.0, 8;
    %pushi/vec4 0, 0, 1;
    %assign/vec4 v0x5763fbb2aa50_0, 0;
    %jmp T_5.1;
T_5.0 ;
    %load/vec4 v0x5763fbb395c0_0;
    %cmpi/e 1, 0, 1;
    %flag_get/vec4 4;
    %jmp/0 T_5.6, 4;
    %load/vec4 v0x5763fbb35c10_0;
    %pushi/vec4 1, 0, 1;
    %cmp/e;
    %flag_get/vec4 4;
    %and;
T_5.6;
    %flag_set/vec4 9;
    %flag_get/vec4 9;
    %jmp/0 T_5.5, 9;
    %load/vec4 v0x5763fbb2f780_0;
    %pushi/vec4 1, 0, 1;
    %cmp/e;
    %flag_get/vec4 4;
    %and;
T_5.5;
    %flag_set/vec4 8;
    %jmp/0xz  T_5.3, 8;
    %load/vec4 v0x5763fbb35b70_0;
    %assign/vec4 v0x5763fbb2aa50_0, 0;
T_5.3 ;
T_5.1 ;
    %jmp T_5;
    .thread T_5;
    .scope S_0x5763fba4fad0;
T_6 ;
    %wait E_0x5763fbb65ff0;
    %load/vec4 v0x5763fbb20b80_0;
    %cmpi/e 1, 0, 1;
    %flag_get/vec4 4;
    %jmp/0 T_6.2, 4;
    %load/vec4 v0x5763fbb16d40_0;
    %pushi/vec4 1, 0, 1;
    %cmp/e;
    %flag_get/vec4 4;
    %and;
T_6.2;
    %flag_set/vec4 8;
    %jmp/0xz  T_6.0, 8;
    %pushi/vec4 0, 0, 1;
    %assign/vec4 v0x5763fbb21ef0_0, 0;
    %jmp T_6.1;
T_6.0 ;
    %load/vec4 v0x5763fbb20b80_0;
    %cmpi/e 1, 0, 1;
    %flag_get/vec4 4;
    %jmp/0 T_6.6, 4;
    %load/vec4 v0x5763fbb24670_0;
    %pushi/vec4 1, 0, 1;
    %cmp/e;
    %flag_get/vec4 4;
    %and;
T_6.6;
    %flag_set/vec4 9;
    %flag_get/vec4 9;
    %jmp/0 T_6.5, 9;
    %load/vec4 v0x5763fbb21f90_0;
    %pushi/vec4 1, 0, 1;
    %cmp/e;
    %flag_get/vec4 4;
    %and;
T_6.5;
    %flag_set/vec4 8;
    %jmp/0xz  T_6.3, 8;
    %load/vec4 v0x5763fbb245d0_0;
    %assign/vec4 v0x5763fbb21ef0_0, 0;
T_6.3 ;
T_6.1 ;
    %jmp T_6;
    .thread T_6;
    .scope S_0x5763fba521b0;
T_7 ;
    %wait E_0x5763fbb65ff0;
    %load/vec4 v0x5763fbb180b0_0;
    %cmpi/e 1, 0, 1;
    %flag_get/vec4 4;
    %jmp/0 T_7.2, 4;
    %load/vec4 v0x5763fbb0e310_0;
    %pushi/vec4 1, 0, 1;
    %cmp/e;
    %flag_get/vec4 4;
    %and;
T_7.2;
    %flag_set/vec4 8;
    %jmp/0xz  T_7.0, 8;
    %pushi/vec4 0, 0, 1;
    %assign/vec4 v0x5763fbb10950_0, 0;
    %jmp T_7.1;
T_7.0 ;
    %load/vec4 v0x5763fbb180b0_0;
    %cmpi/e 1, 0, 1;
    %flag_get/vec4 4;
    %jmp/0 T_7.6, 4;
    %load/vec4 v0x5763fbb11d60_0;
    %pushi/vec4 1, 0, 1;
    %cmp/e;
    %flag_get/vec4 4;
    %and;
T_7.6;
    %flag_set/vec4 9;
    %flag_get/vec4 9;
    %jmp/0 T_7.5, 9;
    %load/vec4 v0x5763fbb0e270_0;
    %pushi/vec4 1, 0, 1;
    %cmp/e;
    %flag_get/vec4 4;
    %and;
T_7.5;
    %flag_set/vec4 8;
    %jmp/0xz  T_7.3, 8;
    %load/vec4 v0x5763fbb11cc0_0;
    %assign/vec4 v0x5763fbb10950_0, 0;
T_7.3 ;
T_7.1 ;
    %jmp T_7;
    .thread T_7;
    .scope S_0x5763fbb55b10;
T_8 ;
    %wait E_0x5763fbb65ff0;
    %load/vec4 v0x5763fbb06b10_0;
    %cmpi/e 1, 0, 1;
    %flag_get/vec4 4;
    %jmp/0 T_8.2, 4;
    %load/vec4 v0x5763fbafcd70_0;
    %pushi/vec4 1, 0, 1;
    %cmp/e;
    %flag_get/vec4 4;
    %and;
T_8.2;
    %flag_set/vec4 8;
    %jmp/0xz  T_8.0, 8;
    %pushi/vec4 0, 0, 1;
    %assign/vec4 v0x5763fbafe040_0, 0;
    %jmp T_8.1;
T_8.0 ;
    %load/vec4 v0x5763fbb06b10_0;
    %cmpi/e 1, 0, 1;
    %flag_get/vec4 4;
    %jmp/0 T_8.6, 4;
    %load/vec4 v0x5763fbaf9320_0;
    %pushi/vec4 1, 0, 1;
    %cmp/e;
    %flag_get/vec4 4;
    %and;
T_8.6;
    %flag_set/vec4 9;
    %flag_get/vec4 9;
    %jmp/0 T_8.5, 9;
    %load/vec4 v0x5763fbafccd0_0;
    %pushi/vec4 1, 0, 1;
    %cmp/e;
    %flag_get/vec4 4;
    %and;
T_8.5;
    %flag_set/vec4 8;
    %jmp/0xz  T_8.3, 8;
    %load/vec4 v0x5763fbaf9280_0;
    %assign/vec4 v0x5763fbafe040_0, 0;
T_8.3 ;
T_8.1 ;
    %jmp T_8;
    .thread T_8;
    .scope S_0x5763fba56f70;
T_9 ;
    %wait E_0x5763fbb65ff0;
    %load/vec4 v0x5763fbb2e4b0_0;
    %cmpi/e 1, 0, 1;
    %flag_get/vec4 4;
    %jmp/0 T_9.2, 4;
    %load/vec4 v0x5763fbadb860_0;
    %pushi/vec4 1, 0, 1;
    %cmp/e;
    %flag_get/vec4 4;
    %and;
T_9.2;
    %flag_set/vec4 8;
    %jmp/0xz  T_9.0, 8;
    %pushi/vec4 0, 0, 1;
    %assign/vec4 v0x5763fbae6970_0, 0;
    %jmp T_9.1;
T_9.0 ;
    %load/vec4 v0x5763fbb2e4b0_0;
    %cmpi/e 1, 0, 1;
    %flag_get/vec4 4;
    %jmp/0 T_9.6, 4;
    %load/vec4 v0x5763fbae90f0_0;
    %pushi/vec4 1, 0, 1;
    %cmp/e;
    %flag_get/vec4 4;
    %and;
T_9.6;
    %flag_set/vec4 9;
    %flag_get/vec4 9;
    %jmp/0 T_9.5, 9;
    %load/vec4 v0x5763fbadb7c0_0;
    %pushi/vec4 1, 0, 1;
    %cmp/e;
    %flag_get/vec4 4;
    %and;
T_9.5;
    %flag_set/vec4 8;
    %jmp/0xz  T_9.3, 8;
    %load/vec4 v0x5763fbae9050_0;
    %assign/vec4 v0x5763fbae6970_0, 0;
T_9.3 ;
T_9.1 ;
    %jmp T_9;
    .thread T_9;
    .scope S_0x5763fbb5ab90;
T_10 ;
    %wait E_0x5763fbb65ff0;
    %load/vec4 v0x5763fbad1980_0;
    %cmpi/e 1, 0, 1;
    %flag_get/vec4 4;
    %jmp/0 T_10.2, 4;
    %load/vec4 v0x5763fbac7be0_0;
    %pushi/vec4 1, 0, 1;
    %cmp/e;
    %flag_get/vec4 4;
    %and;
T_10.2;
    %flag_set/vec4 8;
    %jmp/0xz  T_10.0, 8;
    %pushi/vec4 0, 0, 1;
    %assign/vec4 v0x5763fbad2cf0_0, 0;
    %jmp T_10.1;
T_10.0 ;
    %load/vec4 v0x5763fbad1980_0;
    %cmpi/e 1, 0, 1;
    %flag_get/vec4 4;
    %jmp/0 T_10.6, 4;
    %load/vec4 v0x5763fbad5470_0;
    %pushi/vec4 1, 0, 1;
    %cmp/e;
    %flag_get/vec4 4;
    %and;
T_10.6;
    %flag_set/vec4 9;
    %flag_get/vec4 9;
    %jmp/0 T_10.5, 9;
    %load/vec4 v0x5763fbac7b40_0;
    %pushi/vec4 1, 0, 1;
    %cmp/e;
    %flag_get/vec4 4;
    %and;
T_10.5;
    %flag_set/vec4 8;
    %jmp/0xz  T_10.3, 8;
    %load/vec4 v0x5763fbad53d0_0;
    %assign/vec4 v0x5763fbad2cf0_0, 0;
T_10.3 ;
T_10.1 ;
    %jmp T_10;
    .thread T_10;
    .scope S_0x5763fbb5d270;
T_11 ;
    %wait E_0x5763fbb65ff0;
    %load/vec4 v0x5763fbacb590_0;
    %cmpi/e 1, 0, 1;
    %flag_get/vec4 4;
    %jmp/0 T_11.2, 4;
    %load/vec4 v0x5763fbac2b60_0;
    %pushi/vec4 1, 0, 1;
    %cmp/e;
    %flag_get/vec4 4;
    %and;
T_11.2;
    %flag_set/vec4 8;
    %jmp/0xz  T_11.0, 8;
    %pushi/vec4 0, 0, 1;
    %assign/vec4 v0x5763fbabdd50_0, 0;
    %jmp T_11.1;
T_11.0 ;
    %load/vec4 v0x5763fbacb590_0;
    %cmpi/e 1, 0, 1;
    %flag_get/vec4 4;
    %jmp/0 T_11.6, 4;
    %load/vec4 v0x5763fbac8f50_0;
    %pushi/vec4 1, 0, 1;
    %cmp/e;
    %flag_get/vec4 4;
    %and;
T_11.6;
    %flag_set/vec4 9;
    %flag_get/vec4 9;
    %jmp/0 T_11.5, 9;
    %load/vec4 v0x5763fbac2ac0_0;
    %pushi/vec4 1, 0, 1;
    %cmp/e;
    %flag_get/vec4 4;
    %and;
T_11.5;
    %flag_set/vec4 8;
    %jmp/0xz  T_11.3, 8;
    %load/vec4 v0x5763fbac8eb0_0;
    %assign/vec4 v0x5763fbabdd50_0, 0;
T_11.3 ;
T_11.1 ;
    %jmp T_11;
    .thread T_11;
    .scope S_0x5763fba54890;
T_12 ;
    %wait E_0x5763fbb65ff0;
    %load/vec4 v0x5763fbab8c80_0;
    %cmpi/e 1, 0, 1;
    %flag_get/vec4 4;
    %jmp/0 T_12.2, 4;
    %load/vec4 v0x5763fbaaeee0_0;
    %pushi/vec4 1, 0, 1;
    %cmp/e;
    %flag_get/vec4 4;
    %and;
T_12.2;
    %flag_set/vec4 8;
    %jmp/0xz  T_12.0, 8;
    %pushi/vec4 0, 0, 1;
    %assign/vec4 v0x5763fbaaa080_0, 0;
    %jmp T_12.1;
T_12.0 ;
    %load/vec4 v0x5763fbab8c80_0;
    %cmpi/e 1, 0, 1;
    %flag_get/vec4 4;
    %jmp/0 T_12.6, 4;
    %load/vec4 v0x5763fbab52d0_0;
    %pushi/vec4 1, 0, 1;
    %cmp/e;
    %flag_get/vec4 4;
    %and;
T_12.6;
    %flag_set/vec4 9;
    %flag_get/vec4 9;
    %jmp/0 T_12.5, 9;
    %load/vec4 v0x5763fbaaee40_0;
    %pushi/vec4 1, 0, 1;
    %cmp/e;
    %flag_get/vec4 4;
    %and;
T_12.5;
    %flag_set/vec4 8;
    %jmp/0xz  T_12.3, 8;
    %load/vec4 v0x5763fbab5230_0;
    %assign/vec4 v0x5763fbaaa080_0, 0;
T_12.3 ;
T_12.1 ;
    %jmp T_12;
    .thread T_12;
    .scope S_0x5763fbb60cc0;
T_13 ;
    %wait E_0x5763fbb65ff0;
    %load/vec4 v0x5763fbaa0240_0;
    %cmpi/e 1, 0, 1;
    %flag_get/vec4 4;
    %jmp/0 T_13.2, 4;
    %load/vec4 v0x5763fba96400_0;
    %pushi/vec4 1, 0, 1;
    %cmp/e;
    %flag_get/vec4 4;
    %and;
T_13.2;
    %flag_set/vec4 8;
    %jmp/0xz  T_13.0, 8;
    %pushi/vec4 0, 0, 1;
    %assign/vec4 v0x5763fbaa15b0_0, 0;
    %jmp T_13.1;
T_13.0 ;
    %load/vec4 v0x5763fbaa0240_0;
    %cmpi/e 1, 0, 1;
    %flag_get/vec4 4;
    %jmp/0 T_13.6, 4;
    %load/vec4 v0x5763fbaa3d30_0;
    %pushi/vec4 1, 0, 1;
    %cmp/e;
    %flag_get/vec4 4;
    %and;
T_13.6;
    %flag_set/vec4 9;
    %flag_get/vec4 9;
    %jmp/0 T_13.5, 9;
    %load/vec4 v0x5763fbaa1650_0;
    %pushi/vec4 1, 0, 1;
    %cmp/e;
    %flag_get/vec4 4;
    %and;
T_13.5;
    %flag_set/vec4 8;
    %jmp/0xz  T_13.3, 8;
    %load/vec4 v0x5763fbaa3c90_0;
    %assign/vec4 v0x5763fbaa15b0_0, 0;
T_13.3 ;
T_13.1 ;
    %jmp T_13;
    .thread T_13;
    .scope S_0x5763fbb6be70;
T_14 ;
    %wait E_0x5763fbb65ff0;
    %load/vec4 v0x5763fba97770_0;
    %cmpi/e 1, 0, 1;
    %flag_get/vec4 4;
    %jmp/0 T_14.2, 4;
    %load/vec4 v0x5763fba3e7d0_0;
    %pushi/vec4 1, 0, 1;
    %cmp/e;
    %flag_get/vec4 4;
    %and;
T_14.2;
    %flag_set/vec4 8;
    %jmp/0xz  T_14.0, 8;
    %pushi/vec4 0, 0, 1;
    %assign/vec4 v0x5763fba40e10_0, 0;
    %jmp T_14.1;
T_14.0 ;
    %load/vec4 v0x5763fba97770_0;
    %cmpi/e 1, 0, 1;
    %flag_get/vec4 4;
    %jmp/0 T_14.6, 4;
    %load/vec4 v0x5763fba42220_0;
    %pushi/vec4 1, 0, 1;
    %cmp/e;
    %flag_get/vec4 4;
    %and;
T_14.6;
    %flag_set/vec4 9;
    %flag_get/vec4 9;
    %jmp/0 T_14.5, 9;
    %load/vec4 v0x5763fba3e730_0;
    %pushi/vec4 1, 0, 1;
    %cmp/e;
    %flag_get/vec4 4;
    %and;
T_14.5;
    %flag_set/vec4 8;
    %jmp/0xz  T_14.3, 8;
    %load/vec4 v0x5763fba42180_0;
    %assign/vec4 v0x5763fba40e10_0, 0;
T_14.3 ;
T_14.1 ;
    %jmp T_14;
    .thread T_14;
    .scope S_0x5763fbb65d40;
T_15 ;
    %wait E_0x5763fbb65ff0;
    %load/vec4 v0x5763fba36e50_0;
    %cmpi/e 1, 0, 1;
    %flag_get/vec4 4;
    %jmp/0 T_15.2, 4;
    %load/vec4 v0x5763fba4d7c0_0;
    %pushi/vec4 1, 0, 1;
    %cmp/e;
    %flag_get/vec4 4;
    %and;
T_15.2;
    %flag_set/vec4 8;
    %jmp/0xz  T_15.0, 8;
    %pushi/vec4 0, 0, 1;
    %assign/vec4 v0x5763fbb44b60_0, 0;
    %jmp T_15.1;
T_15.0 ;
    %load/vec4 v0x5763fba36e50_0;
    %cmpi/e 1, 0, 1;
    %flag_get/vec4 4;
    %jmp/0 T_15.6, 4;
    %load/vec4 v0x5763fba30d90_0;
    %pushi/vec4 1, 0, 1;
    %cmp/e;
    %flag_get/vec4 4;
    %and;
T_15.6;
    %flag_set/vec4 9;
    %flag_get/vec4 9;
    %jmp/0 T_15.5, 9;
    %load/vec4 v0x5763fba4d720_0;
    %pushi/vec4 1, 0, 1;
    %cmp/e;
    %flag_get/vec4 4;
    %and;
T_15.5;
    %flag_set/vec4 8;
    %jmp/0xz  T_15.3, 8;
    %load/vec4 v0x5763fba30cf0_0;
    %assign/vec4 v0x5763fbb44b60_0, 0;
T_15.3 ;
T_15.1 ;
    %jmp T_15;
    .thread T_15;
    .scope S_0x5763fbb5e5e0;
T_16 ;
    %wait E_0x5763fbb65ff0;
    %load/vec4 v0x5763fbb30f90_0;
    %cmpi/e 1, 0, 1;
    %flag_get/vec4 4;
    %jmp/0 T_16.2, 4;
    %load/vec4 v0x5763fb897d80_0;
    %pushi/vec4 1, 0, 1;
    %cmp/e;
    %flag_get/vec4 4;
    %and;
T_16.2;
    %flag_set/vec4 8;
    %jmp/0xz  T_16.0, 8;
    %pushi/vec4 0, 0, 1;
    %assign/vec4 v0x5763fb887c20_0, 0;
    %jmp T_16.1;
T_16.0 ;
    %load/vec4 v0x5763fbb30f90_0;
    %cmpi/e 1, 0, 1;
    %flag_get/vec4 4;
    %jmp/0 T_16.6, 4;
    %load/vec4 v0x5763fb887b80_0;
    %pushi/vec4 1, 0, 1;
    %cmp/e;
    %flag_get/vec4 4;
    %and;
T_16.6;
    %flag_set/vec4 9;
    %flag_get/vec4 9;
    %jmp/0 T_16.5, 9;
    %load/vec4 v0x5763fbb4e9a0_0;
    %pushi/vec4 1, 0, 1;
    %cmp/e;
    %flag_get/vec4 4;
    %and;
T_16.5;
    %flag_set/vec4 8;
    %jmp/0xz  T_16.3, 8;
    %load/vec4 v0x5763fb887ae0_0;
    %assign/vec4 v0x5763fb887c20_0, 0;
T_16.3 ;
T_16.1 ;
    %jmp T_16;
    .thread T_16;
    .scope S_0x5763fbb903e0;
T_17 ;
    %wait E_0x5763fbb65ff0;
    %load/vec4 v0x5763fbb906b0_0;
    %cmpi/e 1, 0, 1;
    %flag_get/vec4 4;
    %jmp/0 T_17.2, 4;
    %load/vec4 v0x5763fbb90b20_0;
    %pushi/vec4 1, 0, 1;
    %cmp/e;
    %flag_get/vec4 4;
    %and;
T_17.2;
    %flag_set/vec4 8;
    %jmp/0xz  T_17.0, 8;
    %pushi/vec4 0, 0, 1;
    %assign/vec4 v0x5763fbb90970_0, 0;
    %jmp T_17.1;
T_17.0 ;
    %load/vec4 v0x5763fbb906b0_0;
    %cmpi/e 1, 0, 1;
    %flag_get/vec4 4;
    %jmp/0 T_17.6, 4;
    %load/vec4 v0x5763fbb908d0_0;
    %pushi/vec4 1, 0, 1;
    %cmp/e;
    %flag_get/vec4 4;
    %and;
T_17.6;
    %flag_set/vec4 9;
    %flag_get/vec4 9;
    %jmp/0 T_17.5, 9;
    %load/vec4 v0x5763fbb90a80_0;
    %pushi/vec4 1, 0, 1;
    %cmp/e;
    %flag_get/vec4 4;
    %and;
T_17.5;
    %flag_set/vec4 8;
    %jmp/0xz  T_17.3, 8;
    %load/vec4 v0x5763fbb90830_0;
    %assign/vec4 v0x5763fbb90970_0, 0;
T_17.3 ;
T_17.1 ;
    %jmp T_17;
    .thread T_17;
    .scope S_0x5763fbb90fc0;
T_18 ;
    %wait E_0x5763fbb65ff0;
    %load/vec4 v0x5763fbb91250_0;
    %cmpi/e 1, 0, 1;
    %flag_get/vec4 4;
    %jmp/0 T_18.2, 4;
    %load/vec4 v0x5763fbb916a0_0;
    %pushi/vec4 1, 0, 1;
    %cmp/e;
    %flag_get/vec4 4;
    %and;
T_18.2;
    %flag_set/vec4 8;
    %jmp/0xz  T_18.0, 8;
    %pushi/vec4 0, 0, 1;
    %assign/vec4 v0x5763fbb91510_0, 0;
    %jmp T_18.1;
T_18.0 ;
    %load/vec4 v0x5763fbb91250_0;
    %cmpi/e 1, 0, 1;
    %flag_get/vec4 4;
    %jmp/0 T_18.6, 4;
    %load/vec4 v0x5763fbb91470_0;
    %pushi/vec4 1, 0, 1;
    %cmp/e;
    %flag_get/vec4 4;
    %and;
T_18.6;
    %flag_set/vec4 9;
    %flag_get/vec4 9;
    %jmp/0 T_18.5, 9;
    %load/vec4 v0x5763fbb91600_0;
    %pushi/vec4 1, 0, 1;
    %cmp/e;
    %flag_get/vec4 4;
    %and;
T_18.5;
    %flag_set/vec4 8;
    %jmp/0xz  T_18.3, 8;
    %load/vec4 v0x5763fbb913d0_0;
    %assign/vec4 v0x5763fbb91510_0, 0;
T_18.3 ;
T_18.1 ;
    %jmp T_18;
    .thread T_18;
    .scope S_0x5763fbb91b00;
T_19 ;
    %wait E_0x5763fbb65ff0;
    %load/vec4 v0x5763fbb91d90_0;
    %cmpi/e 1, 0, 1;
    %flag_get/vec4 4;
    %jmp/0 T_19.2, 4;
    %load/vec4 v0x5763fbb92260_0;
    %pushi/vec4 1, 0, 1;
    %cmp/e;
    %flag_get/vec4 4;
    %and;
T_19.2;
    %flag_set/vec4 8;
    %jmp/0xz  T_19.0, 8;
    %pushi/vec4 0, 0, 1;
    %assign/vec4 v0x5763fbb920d0_0, 0;
    %jmp T_19.1;
T_19.0 ;
    %load/vec4 v0x5763fbb91d90_0;
    %cmpi/e 1, 0, 1;
    %flag_get/vec4 4;
    %jmp/0 T_19.6, 4;
    %load/vec4 v0x5763fbb91fe0_0;
    %pushi/vec4 1, 0, 1;
    %cmp/e;
    %flag_get/vec4 4;
    %and;
T_19.6;
    %flag_set/vec4 9;
    %flag_get/vec4 9;
    %jmp/0 T_19.5, 9;
    %load/vec4 v0x5763fbb921c0_0;
    %pushi/vec4 1, 0, 1;
    %cmp/e;
    %flag_get/vec4 4;
    %and;
T_19.5;
    %flag_set/vec4 8;
    %jmp/0xz  T_19.3, 8;
    %load/vec4 v0x5763fbb91f10_0;
    %assign/vec4 v0x5763fbb920d0_0, 0;
T_19.3 ;
T_19.1 ;
    %jmp T_19;
    .thread T_19;
    .scope S_0x5763fbb92700;
T_20 ;
    %wait E_0x5763fbb65ff0;
    %load/vec4 v0x5763fbb92990_0;
    %cmpi/e 1, 0, 1;
    %flag_get/vec4 4;
    %jmp/0 T_20.2, 4;
    %load/vec4 v0x5763fbb92de0_0;
    %pushi/vec4 1, 0, 1;
    %cmp/e;
    %flag_get/vec4 4;
    %and;
T_20.2;
    %flag_set/vec4 8;
    %jmp/0xz  T_20.0, 8;
    %pushi/vec4 0, 0, 1;
    %assign/vec4 v0x5763fbb92c50_0, 0;
    %jmp T_20.1;
T_20.0 ;
    %load/vec4 v0x5763fbb92990_0;
    %cmpi/e 1, 0, 1;
    %flag_get/vec4 4;
    %jmp/0 T_20.6, 4;
    %load/vec4 v0x5763fbb92bb0_0;
    %pushi/vec4 1, 0, 1;
    %cmp/e;
    %flag_get/vec4 4;
    %and;
T_20.6;
    %flag_set/vec4 9;
    %flag_get/vec4 9;
    %jmp/0 T_20.5, 9;
    %load/vec4 v0x5763fbb92d40_0;
    %pushi/vec4 1, 0, 1;
    %cmp/e;
    %flag_get/vec4 4;
    %and;
T_20.5;
    %flag_set/vec4 8;
    %jmp/0xz  T_20.3, 8;
    %load/vec4 v0x5763fbb92b10_0;
    %assign/vec4 v0x5763fbb92c50_0, 0;
T_20.3 ;
T_20.1 ;
    %jmp T_20;
    .thread T_20;
    .scope S_0x5763fbb932d0;
T_21 ;
    %wait E_0x5763fbb65ff0;
    %load/vec4 v0x5763fbb93560_0;
    %cmpi/e 1, 0, 1;
    %flag_get/vec4 4;
    %jmp/0 T_21.2, 4;
    %load/vec4 v0x5763fbb93960_0;
    %pushi/vec4 1, 0, 1;
    %cmp/e;
    %flag_get/vec4 4;
    %and;
T_21.2;
    %flag_set/vec4 8;
    %jmp/0xz  T_21.0, 8;
    %pushi/vec4 0, 0, 1;
    %assign/vec4 v0x5763fbb93820_0, 0;
    %jmp T_21.1;
T_21.0 ;
    %load/vec4 v0x5763fbb93560_0;
    %cmpi/e 1, 0, 1;
    %flag_get/vec4 4;
    %jmp/0 T_21.6, 4;
    %load/vec4 v0x5763fbb93780_0;
    %pushi/vec4 1, 0, 1;
    %cmp/e;
    %flag_get/vec4 4;
    %and;
T_21.6;
    %flag_set/vec4 9;
    %flag_get/vec4 9;
    %jmp/0 T_21.5, 9;
    %load/vec4 v0x5763fbb938c0_0;
    %pushi/vec4 1, 0, 1;
    %cmp/e;
    %flag_get/vec4 4;
    %and;
T_21.5;
    %flag_set/vec4 8;
    %jmp/0xz  T_21.3, 8;
    %load/vec4 v0x5763fbb936e0_0;
    %assign/vec4 v0x5763fbb93820_0, 0;
T_21.3 ;
T_21.1 ;
    %jmp T_21;
    .thread T_21;
    .scope S_0x5763fbb93e00;
T_22 ;
    %wait E_0x5763fbb65ff0;
    %load/vec4 v0x5763fbb94090_0;
    %cmpi/e 1, 0, 1;
    %flag_get/vec4 4;
    %jmp/0 T_22.2, 4;
    %load/vec4 v0x5763fbb944e0_0;
    %pushi/vec4 1, 0, 1;
    %cmp/e;
    %flag_get/vec4 4;
    %and;
T_22.2;
    %flag_set/vec4 8;
    %jmp/0xz  T_22.0, 8;
    %pushi/vec4 0, 0, 1;
    %assign/vec4 v0x5763fbb94350_0, 0;
    %jmp T_22.1;
T_22.0 ;
    %load/vec4 v0x5763fbb94090_0;
    %cmpi/e 1, 0, 1;
    %flag_get/vec4 4;
    %jmp/0 T_22.6, 4;
    %load/vec4 v0x5763fbb942b0_0;
    %pushi/vec4 1, 0, 1;
    %cmp/e;
    %flag_get/vec4 4;
    %and;
T_22.6;
    %flag_set/vec4 9;
    %flag_get/vec4 9;
    %jmp/0 T_22.5, 9;
    %load/vec4 v0x5763fbb94440_0;
    %pushi/vec4 1, 0, 1;
    %cmp/e;
    %flag_get/vec4 4;
    %and;
T_22.5;
    %flag_set/vec4 8;
    %jmp/0xz  T_22.3, 8;
    %load/vec4 v0x5763fbb94210_0;
    %assign/vec4 v0x5763fbb94350_0, 0;
T_22.3 ;
T_22.1 ;
    %jmp T_22;
    .thread T_22;
    .scope S_0x5763fbb94980;
T_23 ;
    %wait E_0x5763fbb65ff0;
    %load/vec4 v0x5763fbb94c10_0;
    %cmpi/e 1, 0, 1;
    %flag_get/vec4 4;
    %jmp/0 T_23.2, 4;
    %load/vec4 v0x5763fbb95060_0;
    %pushi/vec4 1, 0, 1;
    %cmp/e;
    %flag_get/vec4 4;
    %and;
T_23.2;
    %flag_set/vec4 8;
    %jmp/0xz  T_23.0, 8;
    %pushi/vec4 0, 0, 1;
    %assign/vec4 v0x5763fbb94ed0_0, 0;
    %jmp T_23.1;
T_23.0 ;
    %load/vec4 v0x5763fbb94c10_0;
    %cmpi/e 1, 0, 1;
    %flag_get/vec4 4;
    %jmp/0 T_23.6, 4;
    %load/vec4 v0x5763fbb94e30_0;
    %pushi/vec4 1, 0, 1;
    %cmp/e;
    %flag_get/vec4 4;
    %and;
T_23.6;
    %flag_set/vec4 9;
    %flag_get/vec4 9;
    %jmp/0 T_23.5, 9;
    %load/vec4 v0x5763fbb94fc0_0;
    %pushi/vec4 1, 0, 1;
    %cmp/e;
    %flag_get/vec4 4;
    %and;
T_23.5;
    %flag_set/vec4 8;
    %jmp/0xz  T_23.3, 8;
    %load/vec4 v0x5763fbb94d90_0;
    %assign/vec4 v0x5763fbb94ed0_0, 0;
T_23.3 ;
T_23.1 ;
    %jmp T_23;
    .thread T_23;
    .scope S_0x5763fbb95500;
T_24 ;
    %wait E_0x5763fbb65ff0;
    %load/vec4 v0x5763fbb95790_0;
    %cmpi/e 1, 0, 1;
    %flag_get/vec4 4;
    %jmp/0 T_24.2, 4;
    %load/vec4 v0x5763fbb95be0_0;
    %pushi/vec4 1, 0, 1;
    %cmp/e;
    %flag_get/vec4 4;
    %and;
T_24.2;
    %flag_set/vec4 8;
    %jmp/0xz  T_24.0, 8;
    %pushi/vec4 0, 0, 1;
    %assign/vec4 v0x5763fbb95a50_0, 0;
    %jmp T_24.1;
T_24.0 ;
    %load/vec4 v0x5763fbb95790_0;
    %cmpi/e 1, 0, 1;
    %flag_get/vec4 4;
    %jmp/0 T_24.6, 4;
    %load/vec4 v0x5763fbb959b0_0;
    %pushi/vec4 1, 0, 1;
    %cmp/e;
    %flag_get/vec4 4;
    %and;
T_24.6;
    %flag_set/vec4 9;
    %flag_get/vec4 9;
    %jmp/0 T_24.5, 9;
    %load/vec4 v0x5763fbb95b40_0;
    %pushi/vec4 1, 0, 1;
    %cmp/e;
    %flag_get/vec4 4;
    %and;
T_24.5;
    %flag_set/vec4 8;
    %jmp/0xz  T_24.3, 8;
    %load/vec4 v0x5763fbb95910_0;
    %assign/vec4 v0x5763fbb95a50_0, 0;
T_24.3 ;
T_24.1 ;
    %jmp T_24;
    .thread T_24;
    .scope S_0x5763fbbd8900;
T_25 ;
    %wait E_0x5763fbb65ff0;
    %load/vec4 v0x5763fbbd8bd0_0;
    %cmpi/e 1, 0, 1;
    %flag_get/vec4 4;
    %jmp/0 T_25.2, 4;
    %load/vec4 v0x5763fbbd9040_0;
    %pushi/vec4 1, 0, 1;
    %cmp/e;
    %flag_get/vec4 4;
    %and;
T_25.2;
    %flag_set/vec4 8;
    %jmp/0xz  T_25.0, 8;
    %pushi/vec4 0, 0, 1;
    %assign/vec4 v0x5763fbbd8e90_0, 0;
    %jmp T_25.1;
T_25.0 ;
    %load/vec4 v0x5763fbbd8bd0_0;
    %cmpi/e 1, 0, 1;
    %flag_get/vec4 4;
    %jmp/0 T_25.6, 4;
    %load/vec4 v0x5763fbbd8df0_0;
    %pushi/vec4 1, 0, 1;
    %cmp/e;
    %flag_get/vec4 4;
    %and;
T_25.6;
    %flag_set/vec4 9;
    %flag_get/vec4 9;
    %jmp/0 T_25.5, 9;
    %load/vec4 v0x5763fbbd8fa0_0;
    %pushi/vec4 1, 0, 1;
    %cmp/e;
    %flag_get/vec4 4;
    %and;
T_25.5;
    %flag_set/vec4 8;
    %jmp/0xz  T_25.3, 8;
    %load/vec4 v0x5763fbbd8d50_0;
    %assign/vec4 v0x5763fbbd8e90_0, 0;
T_25.3 ;
T_25.1 ;
    %jmp T_25;
    .thread T_25;
    .scope S_0x5763fbbd94e0;
T_26 ;
    %wait E_0x5763fbb65ff0;
    %load/vec4 v0x5763fbbd9770_0;
    %cmpi/e 1, 0, 1;
    %flag_get/vec4 4;
    %jmp/0 T_26.2, 4;
    %load/vec4 v0x5763fbbd9bc0_0;
    %pushi/vec4 1, 0, 1;
    %cmp/e;
    %flag_get/vec4 4;
    %and;
T_26.2;
    %flag_set/vec4 8;
    %jmp/0xz  T_26.0, 8;
    %pushi/vec4 0, 0, 1;
    %assign/vec4 v0x5763fbbd9a30_0, 0;
    %jmp T_26.1;
T_26.0 ;
    %load/vec4 v0x5763fbbd9770_0;
    %cmpi/e 1, 0, 1;
    %flag_get/vec4 4;
    %jmp/0 T_26.6, 4;
    %load/vec4 v0x5763fbbd9990_0;
    %pushi/vec4 1, 0, 1;
    %cmp/e;
    %flag_get/vec4 4;
    %and;
T_26.6;
    %flag_set/vec4 9;
    %flag_get/vec4 9;
    %jmp/0 T_26.5, 9;
    %load/vec4 v0x5763fbbd9b20_0;
    %pushi/vec4 1, 0, 1;
    %cmp/e;
    %flag_get/vec4 4;
    %and;
T_26.5;
    %flag_set/vec4 8;
    %jmp/0xz  T_26.3, 8;
    %load/vec4 v0x5763fbbd98f0_0;
    %assign/vec4 v0x5763fbbd9a30_0, 0;
T_26.3 ;
T_26.1 ;
    %jmp T_26;
    .thread T_26;
    .scope S_0x5763fbbda020;
T_27 ;
    %wait E_0x5763fbb65ff0;
    %load/vec4 v0x5763fbbda2b0_0;
    %cmpi/e 1, 0, 1;
    %flag_get/vec4 4;
    %jmp/0 T_27.2, 4;
    %load/vec4 v0x5763fbbda780_0;
    %pushi/vec4 1, 0, 1;
    %cmp/e;
    %flag_get/vec4 4;
    %and;
T_27.2;
    %flag_set/vec4 8;
    %jmp/0xz  T_27.0, 8;
    %pushi/vec4 0, 0, 1;
    %assign/vec4 v0x5763fbbda5f0_0, 0;
    %jmp T_27.1;
T_27.0 ;
    %load/vec4 v0x5763fbbda2b0_0;
    %cmpi/e 1, 0, 1;
    %flag_get/vec4 4;
    %jmp/0 T_27.6, 4;
    %load/vec4 v0x5763fbbda500_0;
    %pushi/vec4 1, 0, 1;
    %cmp/e;
    %flag_get/vec4 4;
    %and;
T_27.6;
    %flag_set/vec4 9;
    %flag_get/vec4 9;
    %jmp/0 T_27.5, 9;
    %load/vec4 v0x5763fbbda6e0_0;
    %pushi/vec4 1, 0, 1;
    %cmp/e;
    %flag_get/vec4 4;
    %and;
T_27.5;
    %flag_set/vec4 8;
    %jmp/0xz  T_27.3, 8;
    %load/vec4 v0x5763fbbda430_0;
    %assign/vec4 v0x5763fbbda5f0_0, 0;
T_27.3 ;
T_27.1 ;
    %jmp T_27;
    .thread T_27;
    .scope S_0x5763fbbdac20;
T_28 ;
    %wait E_0x5763fbb65ff0;
    %load/vec4 v0x5763fbbdaeb0_0;
    %cmpi/e 1, 0, 1;
    %flag_get/vec4 4;
    %jmp/0 T_28.2, 4;
    %load/vec4 v0x5763fbbdb300_0;
    %pushi/vec4 1, 0, 1;
    %cmp/e;
    %flag_get/vec4 4;
    %and;
T_28.2;
    %flag_set/vec4 8;
    %jmp/0xz  T_28.0, 8;
    %pushi/vec4 0, 0, 1;
    %assign/vec4 v0x5763fbbdb170_0, 0;
    %jmp T_28.1;
T_28.0 ;
    %load/vec4 v0x5763fbbdaeb0_0;
    %cmpi/e 1, 0, 1;
    %flag_get/vec4 4;
    %jmp/0 T_28.6, 4;
    %load/vec4 v0x5763fbbdb0d0_0;
    %pushi/vec4 1, 0, 1;
    %cmp/e;
    %flag_get/vec4 4;
    %and;
T_28.6;
    %flag_set/vec4 9;
    %flag_get/vec4 9;
    %jmp/0 T_28.5, 9;
    %load/vec4 v0x5763fbbdb260_0;
    %pushi/vec4 1, 0, 1;
    %cmp/e;
    %flag_get/vec4 4;
    %and;
T_28.5;
    %flag_set/vec4 8;
    %jmp/0xz  T_28.3, 8;
    %load/vec4 v0x5763fbbdb030_0;
    %assign/vec4 v0x5763fbbdb170_0, 0;
T_28.3 ;
T_28.1 ;
    %jmp T_28;
    .thread T_28;
    .scope S_0x5763fbbdb7f0;
T_29 ;
    %wait E_0x5763fbb65ff0;
    %load/vec4 v0x5763fbbdba80_0;
    %cmpi/e 1, 0, 1;
    %flag_get/vec4 4;
    %jmp/0 T_29.2, 4;
    %load/vec4 v0x5763fbbdbe80_0;
    %pushi/vec4 1, 0, 1;
    %cmp/e;
    %flag_get/vec4 4;
    %and;
T_29.2;
    %flag_set/vec4 8;
    %jmp/0xz  T_29.0, 8;
    %pushi/vec4 0, 0, 1;
    %assign/vec4 v0x5763fbbdbd40_0, 0;
    %jmp T_29.1;
T_29.0 ;
    %load/vec4 v0x5763fbbdba80_0;
    %cmpi/e 1, 0, 1;
    %flag_get/vec4 4;
    %jmp/0 T_29.6, 4;
    %load/vec4 v0x5763fbbdbca0_0;
    %pushi/vec4 1, 0, 1;
    %cmp/e;
    %flag_get/vec4 4;
    %and;
T_29.6;
    %flag_set/vec4 9;
    %flag_get/vec4 9;
    %jmp/0 T_29.5, 9;
    %load/vec4 v0x5763fbbdbde0_0;
    %pushi/vec4 1, 0, 1;
    %cmp/e;
    %flag_get/vec4 4;
    %and;
T_29.5;
    %flag_set/vec4 8;
    %jmp/0xz  T_29.3, 8;
    %load/vec4 v0x5763fbbdbc00_0;
    %assign/vec4 v0x5763fbbdbd40_0, 0;
T_29.3 ;
T_29.1 ;
    %jmp T_29;
    .thread T_29;
    .scope S_0x5763fbbdc320;
T_30 ;
    %wait E_0x5763fbb65ff0;
    %load/vec4 v0x5763fbbdc5b0_0;
    %cmpi/e 1, 0, 1;
    %flag_get/vec4 4;
    %jmp/0 T_30.2, 4;
    %load/vec4 v0x5763fbbdca00_0;
    %pushi/vec4 1, 0, 1;
    %cmp/e;
    %flag_get/vec4 4;
    %and;
T_30.2;
    %flag_set/vec4 8;
    %jmp/0xz  T_30.0, 8;
    %pushi/vec4 0, 0, 1;
    %assign/vec4 v0x5763fbbdc870_0, 0;
    %jmp T_30.1;
T_30.0 ;
    %load/vec4 v0x5763fbbdc5b0_0;
    %cmpi/e 1, 0, 1;
    %flag_get/vec4 4;
    %jmp/0 T_30.6, 4;
    %load/vec4 v0x5763fbbdc7d0_0;
    %pushi/vec4 1, 0, 1;
    %cmp/e;
    %flag_get/vec4 4;
    %and;
T_30.6;
    %flag_set/vec4 9;
    %flag_get/vec4 9;
    %jmp/0 T_30.5, 9;
    %load/vec4 v0x5763fbbdc960_0;
    %pushi/vec4 1, 0, 1;
    %cmp/e;
    %flag_get/vec4 4;
    %and;
T_30.5;
    %flag_set/vec4 8;
    %jmp/0xz  T_30.3, 8;
    %load/vec4 v0x5763fbbdc730_0;
    %assign/vec4 v0x5763fbbdc870_0, 0;
T_30.3 ;
T_30.1 ;
    %jmp T_30;
    .thread T_30;
    .scope S_0x5763fbbdcea0;
T_31 ;
    %wait E_0x5763fbb65ff0;
    %load/vec4 v0x5763fbbdd130_0;
    %cmpi/e 1, 0, 1;
    %flag_get/vec4 4;
    %jmp/0 T_31.2, 4;
    %load/vec4 v0x5763fbbdd580_0;
    %pushi/vec4 1, 0, 1;
    %cmp/e;
    %flag_get/vec4 4;
    %and;
T_31.2;
    %flag_set/vec4 8;
    %jmp/0xz  T_31.0, 8;
    %pushi/vec4 0, 0, 1;
    %assign/vec4 v0x5763fbbdd3f0_0, 0;
    %jmp T_31.1;
T_31.0 ;
    %load/vec4 v0x5763fbbdd130_0;
    %cmpi/e 1, 0, 1;
    %flag_get/vec4 4;
    %jmp/0 T_31.6, 4;
    %load/vec4 v0x5763fbbdd350_0;
    %pushi/vec4 1, 0, 1;
    %cmp/e;
    %flag_get/vec4 4;
    %and;
T_31.6;
    %flag_set/vec4 9;
    %flag_get/vec4 9;
    %jmp/0 T_31.5, 9;
    %load/vec4 v0x5763fbbdd4e0_0;
    %pushi/vec4 1, 0, 1;
    %cmp/e;
    %flag_get/vec4 4;
    %and;
T_31.5;
    %flag_set/vec4 8;
    %jmp/0xz  T_31.3, 8;
    %load/vec4 v0x5763fbbdd2b0_0;
    %assign/vec4 v0x5763fbbdd3f0_0, 0;
T_31.3 ;
T_31.1 ;
    %jmp T_31;
    .thread T_31;
    .scope S_0x5763fbbdda20;
T_32 ;
    %wait E_0x5763fbb65ff0;
    %load/vec4 v0x5763fbbddcb0_0;
    %cmpi/e 1, 0, 1;
    %flag_get/vec4 4;
    %jmp/0 T_32.2, 4;
    %load/vec4 v0x5763fbbde100_0;
    %pushi/vec4 1, 0, 1;
    %cmp/e;
    %flag_get/vec4 4;
    %and;
T_32.2;
    %flag_set/vec4 8;
    %jmp/0xz  T_32.0, 8;
    %pushi/vec4 0, 0, 1;
    %assign/vec4 v0x5763fbbddf70_0, 0;
    %jmp T_32.1;
T_32.0 ;
    %load/vec4 v0x5763fbbddcb0_0;
    %cmpi/e 1, 0, 1;
    %flag_get/vec4 4;
    %jmp/0 T_32.6, 4;
    %load/vec4 v0x5763fbbdded0_0;
    %pushi/vec4 1, 0, 1;
    %cmp/e;
    %flag_get/vec4 4;
    %and;
T_32.6;
    %flag_set/vec4 9;
    %flag_get/vec4 9;
    %jmp/0 T_32.5, 9;
    %load/vec4 v0x5763fbbde060_0;
    %pushi/vec4 1, 0, 1;
    %cmp/e;
    %flag_get/vec4 4;
    %and;
T_32.5;
    %flag_set/vec4 8;
    %jmp/0xz  T_32.3, 8;
    %load/vec4 v0x5763fbbdde30_0;
    %assign/vec4 v0x5763fbbddf70_0, 0;
T_32.3 ;
T_32.1 ;
    %jmp T_32;
    .thread T_32;
    .scope S_0x5763fbbebb90;
T_33 ;
    %wait E_0x5763fbb65ff0;
    %load/vec4 v0x5763fbbebe60_0;
    %cmpi/e 1, 0, 1;
    %flag_get/vec4 4;
    %jmp/0 T_33.2, 4;
    %load/vec4 v0x5763fbbec2d0_0;
    %pushi/vec4 1, 0, 1;
    %cmp/e;
    %flag_get/vec4 4;
    %and;
T_33.2;
    %flag_set/vec4 8;
    %jmp/0xz  T_33.0, 8;
    %pushi/vec4 0, 0, 1;
    %assign/vec4 v0x5763fbbec120_0, 0;
    %jmp T_33.1;
T_33.0 ;
    %load/vec4 v0x5763fbbebe60_0;
    %cmpi/e 1, 0, 1;
    %flag_get/vec4 4;
    %jmp/0 T_33.6, 4;
    %load/vec4 v0x5763fbbec080_0;
    %pushi/vec4 1, 0, 1;
    %cmp/e;
    %flag_get/vec4 4;
    %and;
T_33.6;
    %flag_set/vec4 9;
    %flag_get/vec4 9;
    %jmp/0 T_33.5, 9;
    %load/vec4 v0x5763fbbec230_0;
    %pushi/vec4 1, 0, 1;
    %cmp/e;
    %flag_get/vec4 4;
    %and;
T_33.5;
    %flag_set/vec4 8;
    %jmp/0xz  T_33.3, 8;
    %load/vec4 v0x5763fbbebfe0_0;
    %assign/vec4 v0x5763fbbec120_0, 0;
T_33.3 ;
T_33.1 ;
    %jmp T_33;
    .thread T_33;
    .scope S_0x5763fbbec770;
T_34 ;
    %wait E_0x5763fbb65ff0;
    %load/vec4 v0x5763fbbeca00_0;
    %cmpi/e 1, 0, 1;
    %flag_get/vec4 4;
    %jmp/0 T_34.2, 4;
    %load/vec4 v0x5763fbbece50_0;
    %pushi/vec4 1, 0, 1;
    %cmp/e;
    %flag_get/vec4 4;
    %and;
T_34.2;
    %flag_set/vec4 8;
    %jmp/0xz  T_34.0, 8;
    %pushi/vec4 0, 0, 1;
    %assign/vec4 v0x5763fbbeccc0_0, 0;
    %jmp T_34.1;
T_34.0 ;
    %load/vec4 v0x5763fbbeca00_0;
    %cmpi/e 1, 0, 1;
    %flag_get/vec4 4;
    %jmp/0 T_34.6, 4;
    %load/vec4 v0x5763fbbecc20_0;
    %pushi/vec4 1, 0, 1;
    %cmp/e;
    %flag_get/vec4 4;
    %and;
T_34.6;
    %flag_set/vec4 9;
    %flag_get/vec4 9;
    %jmp/0 T_34.5, 9;
    %load/vec4 v0x5763fbbecdb0_0;
    %pushi/vec4 1, 0, 1;
    %cmp/e;
    %flag_get/vec4 4;
    %and;
T_34.5;
    %flag_set/vec4 8;
    %jmp/0xz  T_34.3, 8;
    %load/vec4 v0x5763fbbecb80_0;
    %assign/vec4 v0x5763fbbeccc0_0, 0;
T_34.3 ;
T_34.1 ;
    %jmp T_34;
    .thread T_34;
    .scope S_0x5763fbbed2b0;
T_35 ;
    %wait E_0x5763fbb65ff0;
    %load/vec4 v0x5763fbbed540_0;
    %cmpi/e 1, 0, 1;
    %flag_get/vec4 4;
    %jmp/0 T_35.2, 4;
    %load/vec4 v0x5763fbbeda10_0;
    %pushi/vec4 1, 0, 1;
    %cmp/e;
    %flag_get/vec4 4;
    %and;
T_35.2;
    %flag_set/vec4 8;
    %jmp/0xz  T_35.0, 8;
    %pushi/vec4 0, 0, 1;
    %assign/vec4 v0x5763fbbed880_0, 0;
    %jmp T_35.1;
T_35.0 ;
    %load/vec4 v0x5763fbbed540_0;
    %cmpi/e 1, 0, 1;
    %flag_get/vec4 4;
    %jmp/0 T_35.6, 4;
    %load/vec4 v0x5763fbbed790_0;
    %pushi/vec4 1, 0, 1;
    %cmp/e;
    %flag_get/vec4 4;
    %and;
T_35.6;
    %flag_set/vec4 9;
    %flag_get/vec4 9;
    %jmp/0 T_35.5, 9;
    %load/vec4 v0x5763fbbed970_0;
    %pushi/vec4 1, 0, 1;
    %cmp/e;
    %flag_get/vec4 4;
    %and;
T_35.5;
    %flag_set/vec4 8;
    %jmp/0xz  T_35.3, 8;
    %load/vec4 v0x5763fbbed6c0_0;
    %assign/vec4 v0x5763fbbed880_0, 0;
T_35.3 ;
T_35.1 ;
    %jmp T_35;
    .thread T_35;
    .scope S_0x5763fbbedeb0;
T_36 ;
    %wait E_0x5763fbb65ff0;
    %load/vec4 v0x5763fbbee140_0;
    %cmpi/e 1, 0, 1;
    %flag_get/vec4 4;
    %jmp/0 T_36.2, 4;
    %load/vec4 v0x5763fbbee590_0;
    %pushi/vec4 1, 0, 1;
    %cmp/e;
    %flag_get/vec4 4;
    %and;
T_36.2;
    %flag_set/vec4 8;
    %jmp/0xz  T_36.0, 8;
    %pushi/vec4 0, 0, 1;
    %assign/vec4 v0x5763fbbee400_0, 0;
    %jmp T_36.1;
T_36.0 ;
    %load/vec4 v0x5763fbbee140_0;
    %cmpi/e 1, 0, 1;
    %flag_get/vec4 4;
    %jmp/0 T_36.6, 4;
    %load/vec4 v0x5763fbbee360_0;
    %pushi/vec4 1, 0, 1;
    %cmp/e;
    %flag_get/vec4 4;
    %and;
T_36.6;
    %flag_set/vec4 9;
    %flag_get/vec4 9;
    %jmp/0 T_36.5, 9;
    %load/vec4 v0x5763fbbee4f0_0;
    %pushi/vec4 1, 0, 1;
    %cmp/e;
    %flag_get/vec4 4;
    %and;
T_36.5;
    %flag_set/vec4 8;
    %jmp/0xz  T_36.3, 8;
    %load/vec4 v0x5763fbbee2c0_0;
    %assign/vec4 v0x5763fbbee400_0, 0;
T_36.3 ;
T_36.1 ;
    %jmp T_36;
    .thread T_36;
    .scope S_0x5763fbbeea80;
T_37 ;
    %wait E_0x5763fbb65ff0;
    %load/vec4 v0x5763fbbeed10_0;
    %cmpi/e 1, 0, 1;
    %flag_get/vec4 4;
    %jmp/0 T_37.2, 4;
    %load/vec4 v0x5763fbbef110_0;
    %pushi/vec4 1, 0, 1;
    %cmp/e;
    %flag_get/vec4 4;
    %and;
T_37.2;
    %flag_set/vec4 8;
    %jmp/0xz  T_37.0, 8;
    %pushi/vec4 0, 0, 1;
    %assign/vec4 v0x5763fbbeefd0_0, 0;
    %jmp T_37.1;
T_37.0 ;
    %load/vec4 v0x5763fbbeed10_0;
    %cmpi/e 1, 0, 1;
    %flag_get/vec4 4;
    %jmp/0 T_37.6, 4;
    %load/vec4 v0x5763fbbeef30_0;
    %pushi/vec4 1, 0, 1;
    %cmp/e;
    %flag_get/vec4 4;
    %and;
T_37.6;
    %flag_set/vec4 9;
    %flag_get/vec4 9;
    %jmp/0 T_37.5, 9;
    %load/vec4 v0x5763fbbef070_0;
    %pushi/vec4 1, 0, 1;
    %cmp/e;
    %flag_get/vec4 4;
    %and;
T_37.5;
    %flag_set/vec4 8;
    %jmp/0xz  T_37.3, 8;
    %load/vec4 v0x5763fbbeee90_0;
    %assign/vec4 v0x5763fbbeefd0_0, 0;
T_37.3 ;
T_37.1 ;
    %jmp T_37;
    .thread T_37;
    .scope S_0x5763fbbef5b0;
T_38 ;
    %wait E_0x5763fbb65ff0;
    %load/vec4 v0x5763fbbef840_0;
    %cmpi/e 1, 0, 1;
    %flag_get/vec4 4;
    %jmp/0 T_38.2, 4;
    %load/vec4 v0x5763fbbefc90_0;
    %pushi/vec4 1, 0, 1;
    %cmp/e;
    %flag_get/vec4 4;
    %and;
T_38.2;
    %flag_set/vec4 8;
    %jmp/0xz  T_38.0, 8;
    %pushi/vec4 0, 0, 1;
    %assign/vec4 v0x5763fbbefb00_0, 0;
    %jmp T_38.1;
T_38.0 ;
    %load/vec4 v0x5763fbbef840_0;
    %cmpi/e 1, 0, 1;
    %flag_get/vec4 4;
    %jmp/0 T_38.6, 4;
    %load/vec4 v0x5763fbbefa60_0;
    %pushi/vec4 1, 0, 1;
    %cmp/e;
    %flag_get/vec4 4;
    %and;
T_38.6;
    %flag_set/vec4 9;
    %flag_get/vec4 9;
    %jmp/0 T_38.5, 9;
    %load/vec4 v0x5763fbbefbf0_0;
    %pushi/vec4 1, 0, 1;
    %cmp/e;
    %flag_get/vec4 4;
    %and;
T_38.5;
    %flag_set/vec4 8;
    %jmp/0xz  T_38.3, 8;
    %load/vec4 v0x5763fbbef9c0_0;
    %assign/vec4 v0x5763fbbefb00_0, 0;
T_38.3 ;
T_38.1 ;
    %jmp T_38;
    .thread T_38;
    .scope S_0x5763fbbf0130;
T_39 ;
    %wait E_0x5763fbb65ff0;
    %load/vec4 v0x5763fbbf03c0_0;
    %cmpi/e 1, 0, 1;
    %flag_get/vec4 4;
    %jmp/0 T_39.2, 4;
    %load/vec4 v0x5763fbbf0810_0;
    %pushi/vec4 1, 0, 1;
    %cmp/e;
    %flag_get/vec4 4;
    %and;
T_39.2;
    %flag_set/vec4 8;
    %jmp/0xz  T_39.0, 8;
    %pushi/vec4 0, 0, 1;
    %assign/vec4 v0x5763fbbf0680_0, 0;
    %jmp T_39.1;
T_39.0 ;
    %load/vec4 v0x5763fbbf03c0_0;
    %cmpi/e 1, 0, 1;
    %flag_get/vec4 4;
    %jmp/0 T_39.6, 4;
    %load/vec4 v0x5763fbbf05e0_0;
    %pushi/vec4 1, 0, 1;
    %cmp/e;
    %flag_get/vec4 4;
    %and;
T_39.6;
    %flag_set/vec4 9;
    %flag_get/vec4 9;
    %jmp/0 T_39.5, 9;
    %load/vec4 v0x5763fbbf0770_0;
    %pushi/vec4 1, 0, 1;
    %cmp/e;
    %flag_get/vec4 4;
    %and;
T_39.5;
    %flag_set/vec4 8;
    %jmp/0xz  T_39.3, 8;
    %load/vec4 v0x5763fbbf0540_0;
    %assign/vec4 v0x5763fbbf0680_0, 0;
T_39.3 ;
T_39.1 ;
    %jmp T_39;
    .thread T_39;
    .scope S_0x5763fbbf0cb0;
T_40 ;
    %wait E_0x5763fbb65ff0;
    %load/vec4 v0x5763fbbf0f40_0;
    %cmpi/e 1, 0, 1;
    %flag_get/vec4 4;
    %jmp/0 T_40.2, 4;
    %load/vec4 v0x5763fbbf1390_0;
    %pushi/vec4 1, 0, 1;
    %cmp/e;
    %flag_get/vec4 4;
    %and;
T_40.2;
    %flag_set/vec4 8;
    %jmp/0xz  T_40.0, 8;
    %pushi/vec4 0, 0, 1;
    %assign/vec4 v0x5763fbbf1200_0, 0;
    %jmp T_40.1;
T_40.0 ;
    %load/vec4 v0x5763fbbf0f40_0;
    %cmpi/e 1, 0, 1;
    %flag_get/vec4 4;
    %jmp/0 T_40.6, 4;
    %load/vec4 v0x5763fbbf1160_0;
    %pushi/vec4 1, 0, 1;
    %cmp/e;
    %flag_get/vec4 4;
    %and;
T_40.6;
    %flag_set/vec4 9;
    %flag_get/vec4 9;
    %jmp/0 T_40.5, 9;
    %load/vec4 v0x5763fbbf12f0_0;
    %pushi/vec4 1, 0, 1;
    %cmp/e;
    %flag_get/vec4 4;
    %and;
T_40.5;
    %flag_set/vec4 8;
    %jmp/0xz  T_40.3, 8;
    %load/vec4 v0x5763fbbf10c0_0;
    %assign/vec4 v0x5763fbbf1200_0, 0;
T_40.3 ;
T_40.1 ;
    %jmp T_40;
    .thread T_40;
    .scope S_0x5763fbbf21c0;
T_41 ;
    %wait E_0x5763fbb65ff0;
    %load/vec4 v0x5763fbbf2490_0;
    %cmpi/e 1, 0, 1;
    %flag_get/vec4 4;
    %jmp/0 T_41.2, 4;
    %load/vec4 v0x5763fbbf2900_0;
    %pushi/vec4 1, 0, 1;
    %cmp/e;
    %flag_get/vec4 4;
    %and;
T_41.2;
    %flag_set/vec4 8;
    %jmp/0xz  T_41.0, 8;
    %pushi/vec4 0, 0, 1;
    %assign/vec4 v0x5763fbbf2750_0, 0;
    %jmp T_41.1;
T_41.0 ;
    %load/vec4 v0x5763fbbf2490_0;
    %cmpi/e 1, 0, 1;
    %flag_get/vec4 4;
    %jmp/0 T_41.6, 4;
    %load/vec4 v0x5763fbbf26b0_0;
    %pushi/vec4 1, 0, 1;
    %cmp/e;
    %flag_get/vec4 4;
    %and;
T_41.6;
    %flag_set/vec4 9;
    %flag_get/vec4 9;
    %jmp/0 T_41.5, 9;
    %load/vec4 v0x5763fbbf2860_0;
    %pushi/vec4 1, 0, 1;
    %cmp/e;
    %flag_get/vec4 4;
    %and;
T_41.5;
    %flag_set/vec4 8;
    %jmp/0xz  T_41.3, 8;
    %load/vec4 v0x5763fbbf2610_0;
    %assign/vec4 v0x5763fbbf2750_0, 0;
T_41.3 ;
T_41.1 ;
    %jmp T_41;
    .thread T_41;
    .scope S_0x5763fbbf2da0;
T_42 ;
    %wait E_0x5763fbb65ff0;
    %load/vec4 v0x5763fbbf3030_0;
    %cmpi/e 1, 0, 1;
    %flag_get/vec4 4;
    %jmp/0 T_42.2, 4;
    %load/vec4 v0x5763fbbf3480_0;
    %pushi/vec4 1, 0, 1;
    %cmp/e;
    %flag_get/vec4 4;
    %and;
T_42.2;
    %flag_set/vec4 8;
    %jmp/0xz  T_42.0, 8;
    %pushi/vec4 0, 0, 1;
    %assign/vec4 v0x5763fbbf32f0_0, 0;
    %jmp T_42.1;
T_42.0 ;
    %load/vec4 v0x5763fbbf3030_0;
    %cmpi/e 1, 0, 1;
    %flag_get/vec4 4;
    %jmp/0 T_42.6, 4;
    %load/vec4 v0x5763fbbf3250_0;
    %pushi/vec4 1, 0, 1;
    %cmp/e;
    %flag_get/vec4 4;
    %and;
T_42.6;
    %flag_set/vec4 9;
    %flag_get/vec4 9;
    %jmp/0 T_42.5, 9;
    %load/vec4 v0x5763fbbf33e0_0;
    %pushi/vec4 1, 0, 1;
    %cmp/e;
    %flag_get/vec4 4;
    %and;
T_42.5;
    %flag_set/vec4 8;
    %jmp/0xz  T_42.3, 8;
    %load/vec4 v0x5763fbbf31b0_0;
    %assign/vec4 v0x5763fbbf32f0_0, 0;
T_42.3 ;
T_42.1 ;
    %jmp T_42;
    .thread T_42;
    .scope S_0x5763fbbf38e0;
T_43 ;
    %wait E_0x5763fbb65ff0;
    %load/vec4 v0x5763fbbf3b70_0;
    %cmpi/e 1, 0, 1;
    %flag_get/vec4 4;
    %jmp/0 T_43.2, 4;
    %load/vec4 v0x5763fbbf4040_0;
    %pushi/vec4 1, 0, 1;
    %cmp/e;
    %flag_get/vec4 4;
    %and;
T_43.2;
    %flag_set/vec4 8;
    %jmp/0xz  T_43.0, 8;
    %pushi/vec4 0, 0, 1;
    %assign/vec4 v0x5763fbbf3eb0_0, 0;
    %jmp T_43.1;
T_43.0 ;
    %load/vec4 v0x5763fbbf3b70_0;
    %cmpi/e 1, 0, 1;
    %flag_get/vec4 4;
    %jmp/0 T_43.6, 4;
    %load/vec4 v0x5763fbbf3dc0_0;
    %pushi/vec4 1, 0, 1;
    %cmp/e;
    %flag_get/vec4 4;
    %and;
T_43.6;
    %flag_set/vec4 9;
    %flag_get/vec4 9;
    %jmp/0 T_43.5, 9;
    %load/vec4 v0x5763fbbf3fa0_0;
    %pushi/vec4 1, 0, 1;
    %cmp/e;
    %flag_get/vec4 4;
    %and;
T_43.5;
    %flag_set/vec4 8;
    %jmp/0xz  T_43.3, 8;
    %load/vec4 v0x5763fbbf3cf0_0;
    %assign/vec4 v0x5763fbbf3eb0_0, 0;
T_43.3 ;
T_43.1 ;
    %jmp T_43;
    .thread T_43;
    .scope S_0x5763fbbf44e0;
T_44 ;
    %wait E_0x5763fbb65ff0;
    %load/vec4 v0x5763fbbf4770_0;
    %cmpi/e 1, 0, 1;
    %flag_get/vec4 4;
    %jmp/0 T_44.2, 4;
    %load/vec4 v0x5763fbbf4bc0_0;
    %pushi/vec4 1, 0, 1;
    %cmp/e;
    %flag_get/vec4 4;
    %and;
T_44.2;
    %flag_set/vec4 8;
    %jmp/0xz  T_44.0, 8;
    %pushi/vec4 0, 0, 1;
    %assign/vec4 v0x5763fbbf4a30_0, 0;
    %jmp T_44.1;
T_44.0 ;
    %load/vec4 v0x5763fbbf4770_0;
    %cmpi/e 1, 0, 1;
    %flag_get/vec4 4;
    %jmp/0 T_44.6, 4;
    %load/vec4 v0x5763fbbf4990_0;
    %pushi/vec4 1, 0, 1;
    %cmp/e;
    %flag_get/vec4 4;
    %and;
T_44.6;
    %flag_set/vec4 9;
    %flag_get/vec4 9;
    %jmp/0 T_44.5, 9;
    %load/vec4 v0x5763fbbf4b20_0;
    %pushi/vec4 1, 0, 1;
    %cmp/e;
    %flag_get/vec4 4;
    %and;
T_44.5;
    %flag_set/vec4 8;
    %jmp/0xz  T_44.3, 8;
    %load/vec4 v0x5763fbbf48f0_0;
    %assign/vec4 v0x5763fbbf4a30_0, 0;
T_44.3 ;
T_44.1 ;
    %jmp T_44;
    .thread T_44;
    .scope S_0x5763fbbf50b0;
T_45 ;
    %wait E_0x5763fbb65ff0;
    %load/vec4 v0x5763fbbf5340_0;
    %cmpi/e 1, 0, 1;
    %flag_get/vec4 4;
    %jmp/0 T_45.2, 4;
    %load/vec4 v0x5763fbbf5740_0;
    %pushi/vec4 1, 0, 1;
    %cmp/e;
    %flag_get/vec4 4;
    %and;
T_45.2;
    %flag_set/vec4 8;
    %jmp/0xz  T_45.0, 8;
    %pushi/vec4 0, 0, 1;
    %assign/vec4 v0x5763fbbf5600_0, 0;
    %jmp T_45.1;
T_45.0 ;
    %load/vec4 v0x5763fbbf5340_0;
    %cmpi/e 1, 0, 1;
    %flag_get/vec4 4;
    %jmp/0 T_45.6, 4;
    %load/vec4 v0x5763fbbf5560_0;
    %pushi/vec4 1, 0, 1;
    %cmp/e;
    %flag_get/vec4 4;
    %and;
T_45.6;
    %flag_set/vec4 9;
    %flag_get/vec4 9;
    %jmp/0 T_45.5, 9;
    %load/vec4 v0x5763fbbf56a0_0;
    %pushi/vec4 1, 0, 1;
    %cmp/e;
    %flag_get/vec4 4;
    %and;
T_45.5;
    %flag_set/vec4 8;
    %jmp/0xz  T_45.3, 8;
    %load/vec4 v0x5763fbbf54c0_0;
    %assign/vec4 v0x5763fbbf5600_0, 0;
T_45.3 ;
T_45.1 ;
    %jmp T_45;
    .thread T_45;
    .scope S_0x5763fbbf5be0;
T_46 ;
    %wait E_0x5763fbb65ff0;
    %load/vec4 v0x5763fbbf5e70_0;
    %cmpi/e 1, 0, 1;
    %flag_get/vec4 4;
    %jmp/0 T_46.2, 4;
    %load/vec4 v0x5763fbbf62c0_0;
    %pushi/vec4 1, 0, 1;
    %cmp/e;
    %flag_get/vec4 4;
    %and;
T_46.2;
    %flag_set/vec4 8;
    %jmp/0xz  T_46.0, 8;
    %pushi/vec4 0, 0, 1;
    %assign/vec4 v0x5763fbbf6130_0, 0;
    %jmp T_46.1;
T_46.0 ;
    %load/vec4 v0x5763fbbf5e70_0;
    %cmpi/e 1, 0, 1;
    %flag_get/vec4 4;
    %jmp/0 T_46.6, 4;
    %load/vec4 v0x5763fbbf6090_0;
    %pushi/vec4 1, 0, 1;
    %cmp/e;
    %flag_get/vec4 4;
    %and;
T_46.6;
    %flag_set/vec4 9;
    %flag_get/vec4 9;
    %jmp/0 T_46.5, 9;
    %load/vec4 v0x5763fbbf6220_0;
    %pushi/vec4 1, 0, 1;
    %cmp/e;
    %flag_get/vec4 4;
    %and;
T_46.5;
    %flag_set/vec4 8;
    %jmp/0xz  T_46.3, 8;
    %load/vec4 v0x5763fbbf5ff0_0;
    %assign/vec4 v0x5763fbbf6130_0, 0;
T_46.3 ;
T_46.1 ;
    %jmp T_46;
    .thread T_46;
    .scope S_0x5763fbbf6760;
T_47 ;
    %wait E_0x5763fbb65ff0;
    %load/vec4 v0x5763fbbf69f0_0;
    %cmpi/e 1, 0, 1;
    %flag_get/vec4 4;
    %jmp/0 T_47.2, 4;
    %load/vec4 v0x5763fbbf6e40_0;
    %pushi/vec4 1, 0, 1;
    %cmp/e;
    %flag_get/vec4 4;
    %and;
T_47.2;
    %flag_set/vec4 8;
    %jmp/0xz  T_47.0, 8;
    %pushi/vec4 0, 0, 1;
    %assign/vec4 v0x5763fbbf6cb0_0, 0;
    %jmp T_47.1;
T_47.0 ;
    %load/vec4 v0x5763fbbf69f0_0;
    %cmpi/e 1, 0, 1;
    %flag_get/vec4 4;
    %jmp/0 T_47.6, 4;
    %load/vec4 v0x5763fbbf6c10_0;
    %pushi/vec4 1, 0, 1;
    %cmp/e;
    %flag_get/vec4 4;
    %and;
T_47.6;
    %flag_set/vec4 9;
    %flag_get/vec4 9;
    %jmp/0 T_47.5, 9;
    %load/vec4 v0x5763fbbf6da0_0;
    %pushi/vec4 1, 0, 1;
    %cmp/e;
    %flag_get/vec4 4;
    %and;
T_47.5;
    %flag_set/vec4 8;
    %jmp/0xz  T_47.3, 8;
    %load/vec4 v0x5763fbbf6b70_0;
    %assign/vec4 v0x5763fbbf6cb0_0, 0;
T_47.3 ;
T_47.1 ;
    %jmp T_47;
    .thread T_47;
    .scope S_0x5763fbbf72e0;
T_48 ;
    %wait E_0x5763fbb65ff0;
    %load/vec4 v0x5763fbbf7570_0;
    %cmpi/e 1, 0, 1;
    %flag_get/vec4 4;
    %jmp/0 T_48.2, 4;
    %load/vec4 v0x5763fbbf79c0_0;
    %pushi/vec4 1, 0, 1;
    %cmp/e;
    %flag_get/vec4 4;
    %and;
T_48.2;
    %flag_set/vec4 8;
    %jmp/0xz  T_48.0, 8;
    %pushi/vec4 0, 0, 1;
    %assign/vec4 v0x5763fbbf7830_0, 0;
    %jmp T_48.1;
T_48.0 ;
    %load/vec4 v0x5763fbbf7570_0;
    %cmpi/e 1, 0, 1;
    %flag_get/vec4 4;
    %jmp/0 T_48.6, 4;
    %load/vec4 v0x5763fbbf7790_0;
    %pushi/vec4 1, 0, 1;
    %cmp/e;
    %flag_get/vec4 4;
    %and;
T_48.6;
    %flag_set/vec4 9;
    %flag_get/vec4 9;
    %jmp/0 T_48.5, 9;
    %load/vec4 v0x5763fbbf7920_0;
    %pushi/vec4 1, 0, 1;
    %cmp/e;
    %flag_get/vec4 4;
    %and;
T_48.5;
    %flag_set/vec4 8;
    %jmp/0xz  T_48.3, 8;
    %load/vec4 v0x5763fbbf76f0_0;
    %assign/vec4 v0x5763fbbf7830_0, 0;
T_48.3 ;
T_48.1 ;
    %jmp T_48;
    .thread T_48;
    .scope S_0x5763fbbf87f0;
T_49 ;
    %wait E_0x5763fbb65ff0;
    %load/vec4 v0x5763fbbf8ac0_0;
    %cmpi/e 1, 0, 1;
    %flag_get/vec4 4;
    %jmp/0 T_49.2, 4;
    %load/vec4 v0x5763fbbf8f30_0;
    %pushi/vec4 1, 0, 1;
    %cmp/e;
    %flag_get/vec4 4;
    %and;
T_49.2;
    %flag_set/vec4 8;
    %jmp/0xz  T_49.0, 8;
    %pushi/vec4 0, 0, 1;
    %assign/vec4 v0x5763fbbf8d80_0, 0;
    %jmp T_49.1;
T_49.0 ;
    %load/vec4 v0x5763fbbf8ac0_0;
    %cmpi/e 1, 0, 1;
    %flag_get/vec4 4;
    %jmp/0 T_49.6, 4;
    %load/vec4 v0x5763fbbf8ce0_0;
    %pushi/vec4 1, 0, 1;
    %cmp/e;
    %flag_get/vec4 4;
    %and;
T_49.6;
    %flag_set/vec4 9;
    %flag_get/vec4 9;
    %jmp/0 T_49.5, 9;
    %load/vec4 v0x5763fbbf8e90_0;
    %pushi/vec4 1, 0, 1;
    %cmp/e;
    %flag_get/vec4 4;
    %and;
T_49.5;
    %flag_set/vec4 8;
    %jmp/0xz  T_49.3, 8;
    %load/vec4 v0x5763fbbf8c40_0;
    %assign/vec4 v0x5763fbbf8d80_0, 0;
T_49.3 ;
T_49.1 ;
    %jmp T_49;
    .thread T_49;
    .scope S_0x5763fbbf93d0;
T_50 ;
    %wait E_0x5763fbb65ff0;
    %load/vec4 v0x5763fbbf9660_0;
    %cmpi/e 1, 0, 1;
    %flag_get/vec4 4;
    %jmp/0 T_50.2, 4;
    %load/vec4 v0x5763fbbf9ab0_0;
    %pushi/vec4 1, 0, 1;
    %cmp/e;
    %flag_get/vec4 4;
    %and;
T_50.2;
    %flag_set/vec4 8;
    %jmp/0xz  T_50.0, 8;
    %pushi/vec4 0, 0, 1;
    %assign/vec4 v0x5763fbbf9920_0, 0;
    %jmp T_50.1;
T_50.0 ;
    %load/vec4 v0x5763fbbf9660_0;
    %cmpi/e 1, 0, 1;
    %flag_get/vec4 4;
    %jmp/0 T_50.6, 4;
    %load/vec4 v0x5763fbbf9880_0;
    %pushi/vec4 1, 0, 1;
    %cmp/e;
    %flag_get/vec4 4;
    %and;
T_50.6;
    %flag_set/vec4 9;
    %flag_get/vec4 9;
    %jmp/0 T_50.5, 9;
    %load/vec4 v0x5763fbbf9a10_0;
    %pushi/vec4 1, 0, 1;
    %cmp/e;
    %flag_get/vec4 4;
    %and;
T_50.5;
    %flag_set/vec4 8;
    %jmp/0xz  T_50.3, 8;
    %load/vec4 v0x5763fbbf97e0_0;
    %assign/vec4 v0x5763fbbf9920_0, 0;
T_50.3 ;
T_50.1 ;
    %jmp T_50;
    .thread T_50;
    .scope S_0x5763fbbf9f10;
T_51 ;
    %wait E_0x5763fbb65ff0;
    %load/vec4 v0x5763fbbfa1a0_0;
    %cmpi/e 1, 0, 1;
    %flag_get/vec4 4;
    %jmp/0 T_51.2, 4;
    %load/vec4 v0x5763fbbfa670_0;
    %pushi/vec4 1, 0, 1;
    %cmp/e;
    %flag_get/vec4 4;
    %and;
T_51.2;
    %flag_set/vec4 8;
    %jmp/0xz  T_51.0, 8;
    %pushi/vec4 0, 0, 1;
    %assign/vec4 v0x5763fbbfa4e0_0, 0;
    %jmp T_51.1;
T_51.0 ;
    %load/vec4 v0x5763fbbfa1a0_0;
    %cmpi/e 1, 0, 1;
    %flag_get/vec4 4;
    %jmp/0 T_51.6, 4;
    %load/vec4 v0x5763fbbfa3f0_0;
    %pushi/vec4 1, 0, 1;
    %cmp/e;
    %flag_get/vec4 4;
    %and;
T_51.6;
    %flag_set/vec4 9;
    %flag_get/vec4 9;
    %jmp/0 T_51.5, 9;
    %load/vec4 v0x5763fbbfa5d0_0;
    %pushi/vec4 1, 0, 1;
    %cmp/e;
    %flag_get/vec4 4;
    %and;
T_51.5;
    %flag_set/vec4 8;
    %jmp/0xz  T_51.3, 8;
    %load/vec4 v0x5763fbbfa320_0;
    %assign/vec4 v0x5763fbbfa4e0_0, 0;
T_51.3 ;
T_51.1 ;
    %jmp T_51;
    .thread T_51;
    .scope S_0x5763fbbfab10;
T_52 ;
    %wait E_0x5763fbb65ff0;
    %load/vec4 v0x5763fbbfada0_0;
    %cmpi/e 1, 0, 1;
    %flag_get/vec4 4;
    %jmp/0 T_52.2, 4;
    %load/vec4 v0x5763fbbfb1f0_0;
    %pushi/vec4 1, 0, 1;
    %cmp/e;
    %flag_get/vec4 4;
    %and;
T_52.2;
    %flag_set/vec4 8;
    %jmp/0xz  T_52.0, 8;
    %pushi/vec4 0, 0, 1;
    %assign/vec4 v0x5763fbbfb060_0, 0;
    %jmp T_52.1;
T_52.0 ;
    %load/vec4 v0x5763fbbfada0_0;
    %cmpi/e 1, 0, 1;
    %flag_get/vec4 4;
    %jmp/0 T_52.6, 4;
    %load/vec4 v0x5763fbbfafc0_0;
    %pushi/vec4 1, 0, 1;
    %cmp/e;
    %flag_get/vec4 4;
    %and;
T_52.6;
    %flag_set/vec4 9;
    %flag_get/vec4 9;
    %jmp/0 T_52.5, 9;
    %load/vec4 v0x5763fbbfb150_0;
    %pushi/vec4 1, 0, 1;
    %cmp/e;
    %flag_get/vec4 4;
    %and;
T_52.5;
    %flag_set/vec4 8;
    %jmp/0xz  T_52.3, 8;
    %load/vec4 v0x5763fbbfaf20_0;
    %assign/vec4 v0x5763fbbfb060_0, 0;
T_52.3 ;
T_52.1 ;
    %jmp T_52;
    .thread T_52;
    .scope S_0x5763fbbfb6e0;
T_53 ;
    %wait E_0x5763fbb65ff0;
    %load/vec4 v0x5763fbbfb970_0;
    %cmpi/e 1, 0, 1;
    %flag_get/vec4 4;
    %jmp/0 T_53.2, 4;
    %load/vec4 v0x5763fbb9ef00_0;
    %pushi/vec4 1, 0, 1;
    %cmp/e;
    %flag_get/vec4 4;
    %and;
T_53.2;
    %flag_set/vec4 8;
    %jmp/0xz  T_53.0, 8;
    %pushi/vec4 0, 0, 1;
    %assign/vec4 v0x5763fbb9edc0_0, 0;
    %jmp T_53.1;
T_53.0 ;
    %load/vec4 v0x5763fbbfb970_0;
    %cmpi/e 1, 0, 1;
    %flag_get/vec4 4;
    %jmp/0 T_53.6, 4;
    %load/vec4 v0x5763fbb9ed20_0;
    %pushi/vec4 1, 0, 1;
    %cmp/e;
    %flag_get/vec4 4;
    %and;
T_53.6;
    %flag_set/vec4 9;
    %flag_get/vec4 9;
    %jmp/0 T_53.5, 9;
    %load/vec4 v0x5763fbb9ee60_0;
    %pushi/vec4 1, 0, 1;
    %cmp/e;
    %flag_get/vec4 4;
    %and;
T_53.5;
    %flag_set/vec4 8;
    %jmp/0xz  T_53.3, 8;
    %load/vec4 v0x5763fbb9ec80_0;
    %assign/vec4 v0x5763fbb9edc0_0, 0;
T_53.3 ;
T_53.1 ;
    %jmp T_53;
    .thread T_53;
    .scope S_0x5763fbba13b0;
T_54 ;
    %wait E_0x5763fbb65ff0;
    %load/vec4 v0x5763fbba1640_0;
    %cmpi/e 1, 0, 1;
    %flag_get/vec4 4;
    %jmp/0 T_54.2, 4;
    %load/vec4 v0x5763fbba1a90_0;
    %pushi/vec4 1, 0, 1;
    %cmp/e;
    %flag_get/vec4 4;
    %and;
T_54.2;
    %flag_set/vec4 8;
    %jmp/0xz  T_54.0, 8;
    %pushi/vec4 0, 0, 1;
    %assign/vec4 v0x5763fbba1900_0, 0;
    %jmp T_54.1;
T_54.0 ;
    %load/vec4 v0x5763fbba1640_0;
    %cmpi/e 1, 0, 1;
    %flag_get/vec4 4;
    %jmp/0 T_54.6, 4;
    %load/vec4 v0x5763fbba1860_0;
    %pushi/vec4 1, 0, 1;
    %cmp/e;
    %flag_get/vec4 4;
    %and;
T_54.6;
    %flag_set/vec4 9;
    %flag_get/vec4 9;
    %jmp/0 T_54.5, 9;
    %load/vec4 v0x5763fbba19f0_0;
    %pushi/vec4 1, 0, 1;
    %cmp/e;
    %flag_get/vec4 4;
    %and;
T_54.5;
    %flag_set/vec4 8;
    %jmp/0xz  T_54.3, 8;
    %load/vec4 v0x5763fbba17c0_0;
    %assign/vec4 v0x5763fbba1900_0, 0;
T_54.3 ;
T_54.1 ;
    %jmp T_54;
    .thread T_54;
    .scope S_0x5763fbb748b0;
T_55 ;
    %wait E_0x5763fbb65ff0;
    %load/vec4 v0x5763fbb74b40_0;
    %cmpi/e 1, 0, 1;
    %flag_get/vec4 4;
    %jmp/0 T_55.2, 4;
    %load/vec4 v0x5763fbb74f90_0;
    %pushi/vec4 1, 0, 1;
    %cmp/e;
    %flag_get/vec4 4;
    %and;
T_55.2;
    %flag_set/vec4 8;
    %jmp/0xz  T_55.0, 8;
    %pushi/vec4 0, 0, 1;
    %assign/vec4 v0x5763fbb74e00_0, 0;
    %jmp T_55.1;
T_55.0 ;
    %load/vec4 v0x5763fbb74b40_0;
    %cmpi/e 1, 0, 1;
    %flag_get/vec4 4;
    %jmp/0 T_55.6, 4;
    %load/vec4 v0x5763fbb74d60_0;
    %pushi/vec4 1, 0, 1;
    %cmp/e;
    %flag_get/vec4 4;
    %and;
T_55.6;
    %flag_set/vec4 9;
    %flag_get/vec4 9;
    %jmp/0 T_55.5, 9;
    %load/vec4 v0x5763fbb74ef0_0;
    %pushi/vec4 1, 0, 1;
    %cmp/e;
    %flag_get/vec4 4;
    %and;
T_55.5;
    %flag_set/vec4 8;
    %jmp/0xz  T_55.3, 8;
    %load/vec4 v0x5763fbb74cc0_0;
    %assign/vec4 v0x5763fbb74e00_0, 0;
T_55.3 ;
T_55.1 ;
    %jmp T_55;
    .thread T_55;
    .scope S_0x5763fbc01a60;
T_56 ;
    %wait E_0x5763fbb65ff0;
    %load/vec4 v0x5763fbc01bf0_0;
    %cmpi/e 1, 0, 1;
    %flag_get/vec4 4;
    %jmp/0 T_56.2, 4;
    %load/vec4 v0x5763fbc02020_0;
    %pushi/vec4 1, 0, 1;
    %cmp/e;
    %flag_get/vec4 4;
    %and;
T_56.2;
    %flag_set/vec4 8;
    %jmp/0xz  T_56.0, 8;
    %pushi/vec4 0, 0, 1;
    %assign/vec4 v0x5763fbc01e70_0, 0;
    %jmp T_56.1;
T_56.0 ;
    %load/vec4 v0x5763fbc01bf0_0;
    %cmpi/e 1, 0, 1;
    %flag_get/vec4 4;
    %jmp/0 T_56.6, 4;
    %load/vec4 v0x5763fbc01dd0_0;
    %pushi/vec4 1, 0, 1;
    %cmp/e;
    %flag_get/vec4 4;
    %and;
T_56.6;
    %flag_set/vec4 9;
    %flag_get/vec4 9;
    %jmp/0 T_56.5, 9;
    %load/vec4 v0x5763fbc01f80_0;
    %pushi/vec4 1, 0, 1;
    %cmp/e;
    %flag_get/vec4 4;
    %and;
T_56.5;
    %flag_set/vec4 8;
    %jmp/0xz  T_56.3, 8;
    %load/vec4 v0x5763fbc01d30_0;
    %assign/vec4 v0x5763fbc01e70_0, 0;
T_56.3 ;
T_56.1 ;
    %jmp T_56;
    .thread T_56;
    .scope S_0x5763fbc02e50;
T_57 ;
    %wait E_0x5763fbb65ff0;
    %load/vec4 v0x5763fbc03120_0;
    %cmpi/e 1, 0, 1;
    %flag_get/vec4 4;
    %jmp/0 T_57.2, 4;
    %load/vec4 v0x5763fbc03590_0;
    %pushi/vec4 1, 0, 1;
    %cmp/e;
    %flag_get/vec4 4;
    %and;
T_57.2;
    %flag_set/vec4 8;
    %jmp/0xz  T_57.0, 8;
    %pushi/vec4 0, 0, 1;
    %assign/vec4 v0x5763fbc033e0_0, 0;
    %jmp T_57.1;
T_57.0 ;
    %load/vec4 v0x5763fbc03120_0;
    %cmpi/e 1, 0, 1;
    %flag_get/vec4 4;
    %jmp/0 T_57.6, 4;
    %load/vec4 v0x5763fbc03340_0;
    %pushi/vec4 1, 0, 1;
    %cmp/e;
    %flag_get/vec4 4;
    %and;
T_57.6;
    %flag_set/vec4 9;
    %flag_get/vec4 9;
    %jmp/0 T_57.5, 9;
    %load/vec4 v0x5763fbc034f0_0;
    %pushi/vec4 1, 0, 1;
    %cmp/e;
    %flag_get/vec4 4;
    %and;
T_57.5;
    %flag_set/vec4 8;
    %jmp/0xz  T_57.3, 8;
    %load/vec4 v0x5763fbc032a0_0;
    %assign/vec4 v0x5763fbc033e0_0, 0;
T_57.3 ;
T_57.1 ;
    %jmp T_57;
    .thread T_57;
    .scope S_0x5763fbc03a30;
T_58 ;
    %wait E_0x5763fbb65ff0;
    %load/vec4 v0x5763fbc03cc0_0;
    %cmpi/e 1, 0, 1;
    %flag_get/vec4 4;
    %jmp/0 T_58.2, 4;
    %load/vec4 v0x5763fbc04110_0;
    %pushi/vec4 1, 0, 1;
    %cmp/e;
    %flag_get/vec4 4;
    %and;
T_58.2;
    %flag_set/vec4 8;
    %jmp/0xz  T_58.0, 8;
    %pushi/vec4 0, 0, 1;
    %assign/vec4 v0x5763fbc03f80_0, 0;
    %jmp T_58.1;
T_58.0 ;
    %load/vec4 v0x5763fbc03cc0_0;
    %cmpi/e 1, 0, 1;
    %flag_get/vec4 4;
    %jmp/0 T_58.6, 4;
    %load/vec4 v0x5763fbc03ee0_0;
    %pushi/vec4 1, 0, 1;
    %cmp/e;
    %flag_get/vec4 4;
    %and;
T_58.6;
    %flag_set/vec4 9;
    %flag_get/vec4 9;
    %jmp/0 T_58.5, 9;
    %load/vec4 v0x5763fbc04070_0;
    %pushi/vec4 1, 0, 1;
    %cmp/e;
    %flag_get/vec4 4;
    %and;
T_58.5;
    %flag_set/vec4 8;
    %jmp/0xz  T_58.3, 8;
    %load/vec4 v0x5763fbc03e40_0;
    %assign/vec4 v0x5763fbc03f80_0, 0;
T_58.3 ;
T_58.1 ;
    %jmp T_58;
    .thread T_58;
    .scope S_0x5763fbc04570;
T_59 ;
    %wait E_0x5763fbb65ff0;
    %load/vec4 v0x5763fbc04800_0;
    %cmpi/e 1, 0, 1;
    %flag_get/vec4 4;
    %jmp/0 T_59.2, 4;
    %load/vec4 v0x5763fbc04ca0_0;
    %pushi/vec4 1, 0, 1;
    %cmp/e;
    %flag_get/vec4 4;
    %and;
T_59.2;
    %flag_set/vec4 8;
    %jmp/0xz  T_59.0, 8;
    %pushi/vec4 0, 0, 1;
    %assign/vec4 v0x5763fbc04b10_0, 0;
    %jmp T_59.1;
T_59.0 ;
    %load/vec4 v0x5763fbc04800_0;
    %cmpi/e 1, 0, 1;
    %flag_get/vec4 4;
    %jmp/0 T_59.6, 4;
    %load/vec4 v0x5763fbc04a20_0;
    %pushi/vec4 1, 0, 1;
    %cmp/e;
    %flag_get/vec4 4;
    %and;
T_59.6;
    %flag_set/vec4 9;
    %flag_get/vec4 9;
    %jmp/0 T_59.5, 9;
    %load/vec4 v0x5763fbc04c00_0;
    %pushi/vec4 1, 0, 1;
    %cmp/e;
    %flag_get/vec4 4;
    %and;
T_59.5;
    %flag_set/vec4 8;
    %jmp/0xz  T_59.3, 8;
    %load/vec4 v0x5763fbc04980_0;
    %assign/vec4 v0x5763fbc04b10_0, 0;
T_59.3 ;
T_59.1 ;
    %jmp T_59;
    .thread T_59;
    .scope S_0x5763fbc05140;
T_60 ;
    %wait E_0x5763fbb65ff0;
    %load/vec4 v0x5763fbc053d0_0;
    %cmpi/e 1, 0, 1;
    %flag_get/vec4 4;
    %jmp/0 T_60.2, 4;
    %load/vec4 v0x5763fbc05820_0;
    %pushi/vec4 1, 0, 1;
    %cmp/e;
    %flag_get/vec4 4;
    %and;
T_60.2;
    %flag_set/vec4 8;
    %jmp/0xz  T_60.0, 8;
    %pushi/vec4 0, 0, 1;
    %assign/vec4 v0x5763fbc05690_0, 0;
    %jmp T_60.1;
T_60.0 ;
    %load/vec4 v0x5763fbc053d0_0;
    %cmpi/e 1, 0, 1;
    %flag_get/vec4 4;
    %jmp/0 T_60.6, 4;
    %load/vec4 v0x5763fbc055f0_0;
    %pushi/vec4 1, 0, 1;
    %cmp/e;
    %flag_get/vec4 4;
    %and;
T_60.6;
    %flag_set/vec4 9;
    %flag_get/vec4 9;
    %jmp/0 T_60.5, 9;
    %load/vec4 v0x5763fbc05780_0;
    %pushi/vec4 1, 0, 1;
    %cmp/e;
    %flag_get/vec4 4;
    %and;
T_60.5;
    %flag_set/vec4 8;
    %jmp/0xz  T_60.3, 8;
    %load/vec4 v0x5763fbc05550_0;
    %assign/vec4 v0x5763fbc05690_0, 0;
T_60.3 ;
T_60.1 ;
    %jmp T_60;
    .thread T_60;
    .scope S_0x5763fbc05d10;
T_61 ;
    %wait E_0x5763fbb65ff0;
    %load/vec4 v0x5763fbc05fa0_0;
    %cmpi/e 1, 0, 1;
    %flag_get/vec4 4;
    %jmp/0 T_61.2, 4;
    %load/vec4 v0x5763fbc063a0_0;
    %pushi/vec4 1, 0, 1;
    %cmp/e;
    %flag_get/vec4 4;
    %and;
T_61.2;
    %flag_set/vec4 8;
    %jmp/0xz  T_61.0, 8;
    %pushi/vec4 0, 0, 1;
    %assign/vec4 v0x5763fbc06260_0, 0;
    %jmp T_61.1;
T_61.0 ;
    %load/vec4 v0x5763fbc05fa0_0;
    %cmpi/e 1, 0, 1;
    %flag_get/vec4 4;
    %jmp/0 T_61.6, 4;
    %load/vec4 v0x5763fbc061c0_0;
    %pushi/vec4 1, 0, 1;
    %cmp/e;
    %flag_get/vec4 4;
    %and;
T_61.6;
    %flag_set/vec4 9;
    %flag_get/vec4 9;
    %jmp/0 T_61.5, 9;
    %load/vec4 v0x5763fbc06300_0;
    %pushi/vec4 1, 0, 1;
    %cmp/e;
    %flag_get/vec4 4;
    %and;
T_61.5;
    %flag_set/vec4 8;
    %jmp/0xz  T_61.3, 8;
    %load/vec4 v0x5763fbc06120_0;
    %assign/vec4 v0x5763fbc06260_0, 0;
T_61.3 ;
T_61.1 ;
    %jmp T_61;
    .thread T_61;
    .scope S_0x5763fbc06840;
T_62 ;
    %wait E_0x5763fbb65ff0;
    %load/vec4 v0x5763fbc06ad0_0;
    %cmpi/e 1, 0, 1;
    %flag_get/vec4 4;
    %jmp/0 T_62.2, 4;
    %load/vec4 v0x5763fbc06f20_0;
    %pushi/vec4 1, 0, 1;
    %cmp/e;
    %flag_get/vec4 4;
    %and;
T_62.2;
    %flag_set/vec4 8;
    %jmp/0xz  T_62.0, 8;
    %pushi/vec4 0, 0, 1;
    %assign/vec4 v0x5763fbc06d90_0, 0;
    %jmp T_62.1;
T_62.0 ;
    %load/vec4 v0x5763fbc06ad0_0;
    %cmpi/e 1, 0, 1;
    %flag_get/vec4 4;
    %jmp/0 T_62.6, 4;
    %load/vec4 v0x5763fbc06cf0_0;
    %pushi/vec4 1, 0, 1;
    %cmp/e;
    %flag_get/vec4 4;
    %and;
T_62.6;
    %flag_set/vec4 9;
    %flag_get/vec4 9;
    %jmp/0 T_62.5, 9;
    %load/vec4 v0x5763fbc06e80_0;
    %pushi/vec4 1, 0, 1;
    %cmp/e;
    %flag_get/vec4 4;
    %and;
T_62.5;
    %flag_set/vec4 8;
    %jmp/0xz  T_62.3, 8;
    %load/vec4 v0x5763fbc06c50_0;
    %assign/vec4 v0x5763fbc06d90_0, 0;
T_62.3 ;
T_62.1 ;
    %jmp T_62;
    .thread T_62;
    .scope S_0x5763fbc073c0;
T_63 ;
    %wait E_0x5763fbb65ff0;
    %load/vec4 v0x5763fbc07650_0;
    %cmpi/e 1, 0, 1;
    %flag_get/vec4 4;
    %jmp/0 T_63.2, 4;
    %load/vec4 v0x5763fbc07aa0_0;
    %pushi/vec4 1, 0, 1;
    %cmp/e;
    %flag_get/vec4 4;
    %and;
T_63.2;
    %flag_set/vec4 8;
    %jmp/0xz  T_63.0, 8;
    %pushi/vec4 0, 0, 1;
    %assign/vec4 v0x5763fbc07910_0, 0;
    %jmp T_63.1;
T_63.0 ;
    %load/vec4 v0x5763fbc07650_0;
    %cmpi/e 1, 0, 1;
    %flag_get/vec4 4;
    %jmp/0 T_63.6, 4;
    %load/vec4 v0x5763fbc07870_0;
    %pushi/vec4 1, 0, 1;
    %cmp/e;
    %flag_get/vec4 4;
    %and;
T_63.6;
    %flag_set/vec4 9;
    %flag_get/vec4 9;
    %jmp/0 T_63.5, 9;
    %load/vec4 v0x5763fbc07a00_0;
    %pushi/vec4 1, 0, 1;
    %cmp/e;
    %flag_get/vec4 4;
    %and;
T_63.5;
    %flag_set/vec4 8;
    %jmp/0xz  T_63.3, 8;
    %load/vec4 v0x5763fbc077d0_0;
    %assign/vec4 v0x5763fbc07910_0, 0;
T_63.3 ;
T_63.1 ;
    %jmp T_63;
    .thread T_63;
    .scope S_0x5763fbc07f40;
T_64 ;
    %wait E_0x5763fbb65ff0;
    %load/vec4 v0x5763fbc081d0_0;
    %cmpi/e 1, 0, 1;
    %flag_get/vec4 4;
    %jmp/0 T_64.2, 4;
    %load/vec4 v0x5763fbc08620_0;
    %pushi/vec4 1, 0, 1;
    %cmp/e;
    %flag_get/vec4 4;
    %and;
T_64.2;
    %flag_set/vec4 8;
    %jmp/0xz  T_64.0, 8;
    %pushi/vec4 0, 0, 1;
    %assign/vec4 v0x5763fbc08490_0, 0;
    %jmp T_64.1;
T_64.0 ;
    %load/vec4 v0x5763fbc081d0_0;
    %cmpi/e 1, 0, 1;
    %flag_get/vec4 4;
    %jmp/0 T_64.6, 4;
    %load/vec4 v0x5763fbc083f0_0;
    %pushi/vec4 1, 0, 1;
    %cmp/e;
    %flag_get/vec4 4;
    %and;
T_64.6;
    %flag_set/vec4 9;
    %flag_get/vec4 9;
    %jmp/0 T_64.5, 9;
    %load/vec4 v0x5763fbc08580_0;
    %pushi/vec4 1, 0, 1;
    %cmp/e;
    %flag_get/vec4 4;
    %and;
T_64.5;
    %flag_set/vec4 8;
    %jmp/0xz  T_64.3, 8;
    %load/vec4 v0x5763fbc08350_0;
    %assign/vec4 v0x5763fbc08490_0, 0;
T_64.3 ;
T_64.1 ;
    %jmp T_64;
    .thread T_64;
    .scope S_0x5763fbc09340;
T_65 ;
    %wait E_0x5763fbb65ff0;
    %load/vec4 v0x5763fbc09610_0;
    %cmpi/e 1, 0, 1;
    %flag_get/vec4 4;
    %jmp/0 T_65.2, 4;
    %load/vec4 v0x5763fbc09a80_0;
    %pushi/vec4 1, 0, 1;
    %cmp/e;
    %flag_get/vec4 4;
    %and;
T_65.2;
    %flag_set/vec4 8;
    %jmp/0xz  T_65.0, 8;
    %pushi/vec4 0, 0, 1;
    %assign/vec4 v0x5763fbc098d0_0, 0;
    %jmp T_65.1;
T_65.0 ;
    %load/vec4 v0x5763fbc09610_0;
    %cmpi/e 1, 0, 1;
    %flag_get/vec4 4;
    %jmp/0 T_65.6, 4;
    %load/vec4 v0x5763fbc09830_0;
    %pushi/vec4 1, 0, 1;
    %cmp/e;
    %flag_get/vec4 4;
    %and;
T_65.6;
    %flag_set/vec4 9;
    %flag_get/vec4 9;
    %jmp/0 T_65.5, 9;
    %load/vec4 v0x5763fbc099e0_0;
    %pushi/vec4 1, 0, 1;
    %cmp/e;
    %flag_get/vec4 4;
    %and;
T_65.5;
    %flag_set/vec4 8;
    %jmp/0xz  T_65.3, 8;
    %load/vec4 v0x5763fbc09790_0;
    %assign/vec4 v0x5763fbc098d0_0, 0;
T_65.3 ;
T_65.1 ;
    %jmp T_65;
    .thread T_65;
    .scope S_0x5763fbc09f20;
T_66 ;
    %wait E_0x5763fbb65ff0;
    %load/vec4 v0x5763fbc0a1b0_0;
    %cmpi/e 1, 0, 1;
    %flag_get/vec4 4;
    %jmp/0 T_66.2, 4;
    %load/vec4 v0x5763fbc0a600_0;
    %pushi/vec4 1, 0, 1;
    %cmp/e;
    %flag_get/vec4 4;
    %and;
T_66.2;
    %flag_set/vec4 8;
    %jmp/0xz  T_66.0, 8;
    %pushi/vec4 0, 0, 1;
    %assign/vec4 v0x5763fbc0a470_0, 0;
    %jmp T_66.1;
T_66.0 ;
    %load/vec4 v0x5763fbc0a1b0_0;
    %cmpi/e 1, 0, 1;
    %flag_get/vec4 4;
    %jmp/0 T_66.6, 4;
    %load/vec4 v0x5763fbc0a3d0_0;
    %pushi/vec4 1, 0, 1;
    %cmp/e;
    %flag_get/vec4 4;
    %and;
T_66.6;
    %flag_set/vec4 9;
    %flag_get/vec4 9;
    %jmp/0 T_66.5, 9;
    %load/vec4 v0x5763fbc0a560_0;
    %pushi/vec4 1, 0, 1;
    %cmp/e;
    %flag_get/vec4 4;
    %and;
T_66.5;
    %flag_set/vec4 8;
    %jmp/0xz  T_66.3, 8;
    %load/vec4 v0x5763fbc0a330_0;
    %assign/vec4 v0x5763fbc0a470_0, 0;
T_66.3 ;
T_66.1 ;
    %jmp T_66;
    .thread T_66;
    .scope S_0x5763fbc0aa60;
T_67 ;
    %wait E_0x5763fbb65ff0;
    %load/vec4 v0x5763fbc0acf0_0;
    %cmpi/e 1, 0, 1;
    %flag_get/vec4 4;
    %jmp/0 T_67.2, 4;
    %load/vec4 v0x5763fbc0b1c0_0;
    %pushi/vec4 1, 0, 1;
    %cmp/e;
    %flag_get/vec4 4;
    %and;
T_67.2;
    %flag_set/vec4 8;
    %jmp/0xz  T_67.0, 8;
    %pushi/vec4 0, 0, 1;
    %assign/vec4 v0x5763fbc0b030_0, 0;
    %jmp T_67.1;
T_67.0 ;
    %load/vec4 v0x5763fbc0acf0_0;
    %cmpi/e 1, 0, 1;
    %flag_get/vec4 4;
    %jmp/0 T_67.6, 4;
    %load/vec4 v0x5763fbc0af40_0;
    %pushi/vec4 1, 0, 1;
    %cmp/e;
    %flag_get/vec4 4;
    %and;
T_67.6;
    %flag_set/vec4 9;
    %flag_get/vec4 9;
    %jmp/0 T_67.5, 9;
    %load/vec4 v0x5763fbc0b120_0;
    %pushi/vec4 1, 0, 1;
    %cmp/e;
    %flag_get/vec4 4;
    %and;
T_67.5;
    %flag_set/vec4 8;
    %jmp/0xz  T_67.3, 8;
    %load/vec4 v0x5763fbc0ae70_0;
    %assign/vec4 v0x5763fbc0b030_0, 0;
T_67.3 ;
T_67.1 ;
    %jmp T_67;
    .thread T_67;
    .scope S_0x5763fbc0b660;
T_68 ;
    %wait E_0x5763fbb65ff0;
    %load/vec4 v0x5763fbc0b8f0_0;
    %cmpi/e 1, 0, 1;
    %flag_get/vec4 4;
    %jmp/0 T_68.2, 4;
    %load/vec4 v0x5763fbc0bd40_0;
    %pushi/vec4 1, 0, 1;
    %cmp/e;
    %flag_get/vec4 4;
    %and;
T_68.2;
    %flag_set/vec4 8;
    %jmp/0xz  T_68.0, 8;
    %pushi/vec4 0, 0, 1;
    %assign/vec4 v0x5763fbc0bbb0_0, 0;
    %jmp T_68.1;
T_68.0 ;
    %load/vec4 v0x5763fbc0b8f0_0;
    %cmpi/e 1, 0, 1;
    %flag_get/vec4 4;
    %jmp/0 T_68.6, 4;
    %load/vec4 v0x5763fbc0bb10_0;
    %pushi/vec4 1, 0, 1;
    %cmp/e;
    %flag_get/vec4 4;
    %and;
T_68.6;
    %flag_set/vec4 9;
    %flag_get/vec4 9;
    %jmp/0 T_68.5, 9;
    %load/vec4 v0x5763fbc0bca0_0;
    %pushi/vec4 1, 0, 1;
    %cmp/e;
    %flag_get/vec4 4;
    %and;
T_68.5;
    %flag_set/vec4 8;
    %jmp/0xz  T_68.3, 8;
    %load/vec4 v0x5763fbc0ba70_0;
    %assign/vec4 v0x5763fbc0bbb0_0, 0;
T_68.3 ;
T_68.1 ;
    %jmp T_68;
    .thread T_68;
    .scope S_0x5763fbc0c230;
T_69 ;
    %wait E_0x5763fbb65ff0;
    %load/vec4 v0x5763fbc0c4c0_0;
    %cmpi/e 1, 0, 1;
    %flag_get/vec4 4;
    %jmp/0 T_69.2, 4;
    %load/vec4 v0x5763fbc0c8c0_0;
    %pushi/vec4 1, 0, 1;
    %cmp/e;
    %flag_get/vec4 4;
    %and;
T_69.2;
    %flag_set/vec4 8;
    %jmp/0xz  T_69.0, 8;
    %pushi/vec4 0, 0, 1;
    %assign/vec4 v0x5763fbc0c780_0, 0;
    %jmp T_69.1;
T_69.0 ;
    %load/vec4 v0x5763fbc0c4c0_0;
    %cmpi/e 1, 0, 1;
    %flag_get/vec4 4;
    %jmp/0 T_69.6, 4;
    %load/vec4 v0x5763fbc0c6e0_0;
    %pushi/vec4 1, 0, 1;
    %cmp/e;
    %flag_get/vec4 4;
    %and;
T_69.6;
    %flag_set/vec4 9;
    %flag_get/vec4 9;
    %jmp/0 T_69.5, 9;
    %load/vec4 v0x5763fbc0c820_0;
    %pushi/vec4 1, 0, 1;
    %cmp/e;
    %flag_get/vec4 4;
    %and;
T_69.5;
    %flag_set/vec4 8;
    %jmp/0xz  T_69.3, 8;
    %load/vec4 v0x5763fbc0c640_0;
    %assign/vec4 v0x5763fbc0c780_0, 0;
T_69.3 ;
T_69.1 ;
    %jmp T_69;
    .thread T_69;
    .scope S_0x5763fbc0cd60;
T_70 ;
    %wait E_0x5763fbb65ff0;
    %load/vec4 v0x5763fbc0cff0_0;
    %cmpi/e 1, 0, 1;
    %flag_get/vec4 4;
    %jmp/0 T_70.2, 4;
    %load/vec4 v0x5763fbc0d440_0;
    %pushi/vec4 1, 0, 1;
    %cmp/e;
    %flag_get/vec4 4;
    %and;
T_70.2;
    %flag_set/vec4 8;
    %jmp/0xz  T_70.0, 8;
    %pushi/vec4 0, 0, 1;
    %assign/vec4 v0x5763fbc0d2b0_0, 0;
    %jmp T_70.1;
T_70.0 ;
    %load/vec4 v0x5763fbc0cff0_0;
    %cmpi/e 1, 0, 1;
    %flag_get/vec4 4;
    %jmp/0 T_70.6, 4;
    %load/vec4 v0x5763fbc0d210_0;
    %pushi/vec4 1, 0, 1;
    %cmp/e;
    %flag_get/vec4 4;
    %and;
T_70.6;
    %flag_set/vec4 9;
    %flag_get/vec4 9;
    %jmp/0 T_70.5, 9;
    %load/vec4 v0x5763fbc0d3a0_0;
    %pushi/vec4 1, 0, 1;
    %cmp/e;
    %flag_get/vec4 4;
    %and;
T_70.5;
    %flag_set/vec4 8;
    %jmp/0xz  T_70.3, 8;
    %load/vec4 v0x5763fbc0d170_0;
    %assign/vec4 v0x5763fbc0d2b0_0, 0;
T_70.3 ;
T_70.1 ;
    %jmp T_70;
    .thread T_70;
    .scope S_0x5763fbc0d8e0;
T_71 ;
    %wait E_0x5763fbb65ff0;
    %load/vec4 v0x5763fbc0db70_0;
    %cmpi/e 1, 0, 1;
    %flag_get/vec4 4;
    %jmp/0 T_71.2, 4;
    %load/vec4 v0x5763fbc0dfc0_0;
    %pushi/vec4 1, 0, 1;
    %cmp/e;
    %flag_get/vec4 4;
    %and;
T_71.2;
    %flag_set/vec4 8;
    %jmp/0xz  T_71.0, 8;
    %pushi/vec4 0, 0, 1;
    %assign/vec4 v0x5763fbc0de30_0, 0;
    %jmp T_71.1;
T_71.0 ;
    %load/vec4 v0x5763fbc0db70_0;
    %cmpi/e 1, 0, 1;
    %flag_get/vec4 4;
    %jmp/0 T_71.6, 4;
    %load/vec4 v0x5763fbc0dd90_0;
    %pushi/vec4 1, 0, 1;
    %cmp/e;
    %flag_get/vec4 4;
    %and;
T_71.6;
    %flag_set/vec4 9;
    %flag_get/vec4 9;
    %jmp/0 T_71.5, 9;
    %load/vec4 v0x5763fbc0df20_0;
    %pushi/vec4 1, 0, 1;
    %cmp/e;
    %flag_get/vec4 4;
    %and;
T_71.5;
    %flag_set/vec4 8;
    %jmp/0xz  T_71.3, 8;
    %load/vec4 v0x5763fbc0dcf0_0;
    %assign/vec4 v0x5763fbc0de30_0, 0;
T_71.3 ;
T_71.1 ;
    %jmp T_71;
    .thread T_71;
    .scope S_0x5763fbc0e460;
T_72 ;
    %wait E_0x5763fbb65ff0;
    %load/vec4 v0x5763fbc0e6f0_0;
    %cmpi/e 1, 0, 1;
    %flag_get/vec4 4;
    %jmp/0 T_72.2, 4;
    %load/vec4 v0x5763fbc0eb40_0;
    %pushi/vec4 1, 0, 1;
    %cmp/e;
    %flag_get/vec4 4;
    %and;
T_72.2;
    %flag_set/vec4 8;
    %jmp/0xz  T_72.0, 8;
    %pushi/vec4 0, 0, 1;
    %assign/vec4 v0x5763fbc0e9b0_0, 0;
    %jmp T_72.1;
T_72.0 ;
    %load/vec4 v0x5763fbc0e6f0_0;
    %cmpi/e 1, 0, 1;
    %flag_get/vec4 4;
    %jmp/0 T_72.6, 4;
    %load/vec4 v0x5763fbc0e910_0;
    %pushi/vec4 1, 0, 1;
    %cmp/e;
    %flag_get/vec4 4;
    %and;
T_72.6;
    %flag_set/vec4 9;
    %flag_get/vec4 9;
    %jmp/0 T_72.5, 9;
    %load/vec4 v0x5763fbc0eaa0_0;
    %pushi/vec4 1, 0, 1;
    %cmp/e;
    %flag_get/vec4 4;
    %and;
T_72.5;
    %flag_set/vec4 8;
    %jmp/0xz  T_72.3, 8;
    %load/vec4 v0x5763fbc0e870_0;
    %assign/vec4 v0x5763fbc0e9b0_0, 0;
T_72.3 ;
T_72.1 ;
    %jmp T_72;
    .thread T_72;
    .scope S_0x5763fbc0f970;
T_73 ;
    %wait E_0x5763fbb65ff0;
    %load/vec4 v0x5763fbc0fc40_0;
    %cmpi/e 1, 0, 1;
    %flag_get/vec4 4;
    %jmp/0 T_73.2, 4;
    %load/vec4 v0x5763fbc100b0_0;
    %pushi/vec4 1, 0, 1;
    %cmp/e;
    %flag_get/vec4 4;
    %and;
T_73.2;
    %flag_set/vec4 8;
    %jmp/0xz  T_73.0, 8;
    %pushi/vec4 0, 0, 1;
    %assign/vec4 v0x5763fbc0ff00_0, 0;
    %jmp T_73.1;
T_73.0 ;
    %load/vec4 v0x5763fbc0fc40_0;
    %cmpi/e 1, 0, 1;
    %flag_get/vec4 4;
    %jmp/0 T_73.6, 4;
    %load/vec4 v0x5763fbc0fe60_0;
    %pushi/vec4 1, 0, 1;
    %cmp/e;
    %flag_get/vec4 4;
    %and;
T_73.6;
    %flag_set/vec4 9;
    %flag_get/vec4 9;
    %jmp/0 T_73.5, 9;
    %load/vec4 v0x5763fbc10010_0;
    %pushi/vec4 1, 0, 1;
    %cmp/e;
    %flag_get/vec4 4;
    %and;
T_73.5;
    %flag_set/vec4 8;
    %jmp/0xz  T_73.3, 8;
    %load/vec4 v0x5763fbc0fdc0_0;
    %assign/vec4 v0x5763fbc0ff00_0, 0;
T_73.3 ;
T_73.1 ;
    %jmp T_73;
    .thread T_73;
    .scope S_0x5763fbc10550;
T_74 ;
    %wait E_0x5763fbb65ff0;
    %load/vec4 v0x5763fbc107e0_0;
    %cmpi/e 1, 0, 1;
    %flag_get/vec4 4;
    %jmp/0 T_74.2, 4;
    %load/vec4 v0x5763fbc10c30_0;
    %pushi/vec4 1, 0, 1;
    %cmp/e;
    %flag_get/vec4 4;
    %and;
T_74.2;
    %flag_set/vec4 8;
    %jmp/0xz  T_74.0, 8;
    %pushi/vec4 0, 0, 1;
    %assign/vec4 v0x5763fbc10aa0_0, 0;
    %jmp T_74.1;
T_74.0 ;
    %load/vec4 v0x5763fbc107e0_0;
    %cmpi/e 1, 0, 1;
    %flag_get/vec4 4;
    %jmp/0 T_74.6, 4;
    %load/vec4 v0x5763fbc10a00_0;
    %pushi/vec4 1, 0, 1;
    %cmp/e;
    %flag_get/vec4 4;
    %and;
T_74.6;
    %flag_set/vec4 9;
    %flag_get/vec4 9;
    %jmp/0 T_74.5, 9;
    %load/vec4 v0x5763fbc10b90_0;
    %pushi/vec4 1, 0, 1;
    %cmp/e;
    %flag_get/vec4 4;
    %and;
T_74.5;
    %flag_set/vec4 8;
    %jmp/0xz  T_74.3, 8;
    %load/vec4 v0x5763fbc10960_0;
    %assign/vec4 v0x5763fbc10aa0_0, 0;
T_74.3 ;
T_74.1 ;
    %jmp T_74;
    .thread T_74;
    .scope S_0x5763fbc11090;
T_75 ;
    %wait E_0x5763fbb65ff0;
    %load/vec4 v0x5763fbc11320_0;
    %cmpi/e 1, 0, 1;
    %flag_get/vec4 4;
    %jmp/0 T_75.2, 4;
    %load/vec4 v0x5763fbc117f0_0;
    %pushi/vec4 1, 0, 1;
    %cmp/e;
    %flag_get/vec4 4;
    %and;
T_75.2;
    %flag_set/vec4 8;
    %jmp/0xz  T_75.0, 8;
    %pushi/vec4 0, 0, 1;
    %assign/vec4 v0x5763fbc11660_0, 0;
    %jmp T_75.1;
T_75.0 ;
    %load/vec4 v0x5763fbc11320_0;
    %cmpi/e 1, 0, 1;
    %flag_get/vec4 4;
    %jmp/0 T_75.6, 4;
    %load/vec4 v0x5763fbc11570_0;
    %pushi/vec4 1, 0, 1;
    %cmp/e;
    %flag_get/vec4 4;
    %and;
T_75.6;
    %flag_set/vec4 9;
    %flag_get/vec4 9;
    %jmp/0 T_75.5, 9;
    %load/vec4 v0x5763fbc11750_0;
    %pushi/vec4 1, 0, 1;
    %cmp/e;
    %flag_get/vec4 4;
    %and;
T_75.5;
    %flag_set/vec4 8;
    %jmp/0xz  T_75.3, 8;
    %load/vec4 v0x5763fbc114a0_0;
    %assign/vec4 v0x5763fbc11660_0, 0;
T_75.3 ;
T_75.1 ;
    %jmp T_75;
    .thread T_75;
    .scope S_0x5763fbc11c90;
T_76 ;
    %wait E_0x5763fbb65ff0;
    %load/vec4 v0x5763fbc11f20_0;
    %cmpi/e 1, 0, 1;
    %flag_get/vec4 4;
    %jmp/0 T_76.2, 4;
    %load/vec4 v0x5763fbc12370_0;
    %pushi/vec4 1, 0, 1;
    %cmp/e;
    %flag_get/vec4 4;
    %and;
T_76.2;
    %flag_set/vec4 8;
    %jmp/0xz  T_76.0, 8;
    %pushi/vec4 0, 0, 1;
    %assign/vec4 v0x5763fbc121e0_0, 0;
    %jmp T_76.1;
T_76.0 ;
    %load/vec4 v0x5763fbc11f20_0;
    %cmpi/e 1, 0, 1;
    %flag_get/vec4 4;
    %jmp/0 T_76.6, 4;
    %load/vec4 v0x5763fbc12140_0;
    %pushi/vec4 1, 0, 1;
    %cmp/e;
    %flag_get/vec4 4;
    %and;
T_76.6;
    %flag_set/vec4 9;
    %flag_get/vec4 9;
    %jmp/0 T_76.5, 9;
    %load/vec4 v0x5763fbc122d0_0;
    %pushi/vec4 1, 0, 1;
    %cmp/e;
    %flag_get/vec4 4;
    %and;
T_76.5;
    %flag_set/vec4 8;
    %jmp/0xz  T_76.3, 8;
    %load/vec4 v0x5763fbc120a0_0;
    %assign/vec4 v0x5763fbc121e0_0, 0;
T_76.3 ;
T_76.1 ;
    %jmp T_76;
    .thread T_76;
    .scope S_0x5763fbc12860;
T_77 ;
    %wait E_0x5763fbb65ff0;
    %load/vec4 v0x5763fbc12af0_0;
    %cmpi/e 1, 0, 1;
    %flag_get/vec4 4;
    %jmp/0 T_77.2, 4;
    %load/vec4 v0x5763fbc12ef0_0;
    %pushi/vec4 1, 0, 1;
    %cmp/e;
    %flag_get/vec4 4;
    %and;
T_77.2;
    %flag_set/vec4 8;
    %jmp/0xz  T_77.0, 8;
    %pushi/vec4 0, 0, 1;
    %assign/vec4 v0x5763fbc12db0_0, 0;
    %jmp T_77.1;
T_77.0 ;
    %load/vec4 v0x5763fbc12af0_0;
    %cmpi/e 1, 0, 1;
    %flag_get/vec4 4;
    %jmp/0 T_77.6, 4;
    %load/vec4 v0x5763fbc12d10_0;
    %pushi/vec4 1, 0, 1;
    %cmp/e;
    %flag_get/vec4 4;
    %and;
T_77.6;
    %flag_set/vec4 9;
    %flag_get/vec4 9;
    %jmp/0 T_77.5, 9;
    %load/vec4 v0x5763fbc12e50_0;
    %pushi/vec4 1, 0, 1;
    %cmp/e;
    %flag_get/vec4 4;
    %and;
T_77.5;
    %flag_set/vec4 8;
    %jmp/0xz  T_77.3, 8;
    %load/vec4 v0x5763fbc12c70_0;
    %assign/vec4 v0x5763fbc12db0_0, 0;
T_77.3 ;
T_77.1 ;
    %jmp T_77;
    .thread T_77;
    .scope S_0x5763fbc13390;
T_78 ;
    %wait E_0x5763fbb65ff0;
    %load/vec4 v0x5763fbc13620_0;
    %cmpi/e 1, 0, 1;
    %flag_get/vec4 4;
    %jmp/0 T_78.2, 4;
    %load/vec4 v0x5763fbc13a70_0;
    %pushi/vec4 1, 0, 1;
    %cmp/e;
    %flag_get/vec4 4;
    %and;
T_78.2;
    %flag_set/vec4 8;
    %jmp/0xz  T_78.0, 8;
    %pushi/vec4 0, 0, 1;
    %assign/vec4 v0x5763fbc138e0_0, 0;
    %jmp T_78.1;
T_78.0 ;
    %load/vec4 v0x5763fbc13620_0;
    %cmpi/e 1, 0, 1;
    %flag_get/vec4 4;
    %jmp/0 T_78.6, 4;
    %load/vec4 v0x5763fbc13840_0;
    %pushi/vec4 1, 0, 1;
    %cmp/e;
    %flag_get/vec4 4;
    %and;
T_78.6;
    %flag_set/vec4 9;
    %flag_get/vec4 9;
    %jmp/0 T_78.5, 9;
    %load/vec4 v0x5763fbc139d0_0;
    %pushi/vec4 1, 0, 1;
    %cmp/e;
    %flag_get/vec4 4;
    %and;
T_78.5;
    %flag_set/vec4 8;
    %jmp/0xz  T_78.3, 8;
    %load/vec4 v0x5763fbc137a0_0;
    %assign/vec4 v0x5763fbc138e0_0, 0;
T_78.3 ;
T_78.1 ;
    %jmp T_78;
    .thread T_78;
    .scope S_0x5763fbc13f10;
T_79 ;
    %wait E_0x5763fbb65ff0;
    %load/vec4 v0x5763fbc141a0_0;
    %cmpi/e 1, 0, 1;
    %flag_get/vec4 4;
    %jmp/0 T_79.2, 4;
    %load/vec4 v0x5763fbc145f0_0;
    %pushi/vec4 1, 0, 1;
    %cmp/e;
    %flag_get/vec4 4;
    %and;
T_79.2;
    %flag_set/vec4 8;
    %jmp/0xz  T_79.0, 8;
    %pushi/vec4 0, 0, 1;
    %assign/vec4 v0x5763fbc14460_0, 0;
    %jmp T_79.1;
T_79.0 ;
    %load/vec4 v0x5763fbc141a0_0;
    %cmpi/e 1, 0, 1;
    %flag_get/vec4 4;
    %jmp/0 T_79.6, 4;
    %load/vec4 v0x5763fbc143c0_0;
    %pushi/vec4 1, 0, 1;
    %cmp/e;
    %flag_get/vec4 4;
    %and;
T_79.6;
    %flag_set/vec4 9;
    %flag_get/vec4 9;
    %jmp/0 T_79.5, 9;
    %load/vec4 v0x5763fbc14550_0;
    %pushi/vec4 1, 0, 1;
    %cmp/e;
    %flag_get/vec4 4;
    %and;
T_79.5;
    %flag_set/vec4 8;
    %jmp/0xz  T_79.3, 8;
    %load/vec4 v0x5763fbc14320_0;
    %assign/vec4 v0x5763fbc14460_0, 0;
T_79.3 ;
T_79.1 ;
    %jmp T_79;
    .thread T_79;
    .scope S_0x5763fbc14a90;
T_80 ;
    %wait E_0x5763fbb65ff0;
    %load/vec4 v0x5763fbc14d20_0;
    %cmpi/e 1, 0, 1;
    %flag_get/vec4 4;
    %jmp/0 T_80.2, 4;
    %load/vec4 v0x5763fbc15170_0;
    %pushi/vec4 1, 0, 1;
    %cmp/e;
    %flag_get/vec4 4;
    %and;
T_80.2;
    %flag_set/vec4 8;
    %jmp/0xz  T_80.0, 8;
    %pushi/vec4 0, 0, 1;
    %assign/vec4 v0x5763fbc14fe0_0, 0;
    %jmp T_80.1;
T_80.0 ;
    %load/vec4 v0x5763fbc14d20_0;
    %cmpi/e 1, 0, 1;
    %flag_get/vec4 4;
    %jmp/0 T_80.6, 4;
    %load/vec4 v0x5763fbc14f40_0;
    %pushi/vec4 1, 0, 1;
    %cmp/e;
    %flag_get/vec4 4;
    %and;
T_80.6;
    %flag_set/vec4 9;
    %flag_get/vec4 9;
    %jmp/0 T_80.5, 9;
    %load/vec4 v0x5763fbc150d0_0;
    %pushi/vec4 1, 0, 1;
    %cmp/e;
    %flag_get/vec4 4;
    %and;
T_80.5;
    %flag_set/vec4 8;
    %jmp/0xz  T_80.3, 8;
    %load/vec4 v0x5763fbc14ea0_0;
    %assign/vec4 v0x5763fbc14fe0_0, 0;
T_80.3 ;
T_80.1 ;
    %jmp T_80;
    .thread T_80;
    .scope S_0x5763fba5e6d0;
T_81 ;
    %wait E_0x5763fbb65ff0;
    %load/vec4 v0x5763fba75020_0;
    %cmpi/e 1, 0, 1;
    %flag_get/vec4 4;
    %jmp/0 T_81.2, 4;
    %load/vec4 v0x5763fba7ef00_0;
    %pushi/vec4 1, 0, 1;
    %cmp/e;
    %flag_get/vec4 4;
    %and;
T_81.2;
    %flag_set/vec4 8;
    %jmp/0xz  T_81.0, 8;
    %pushi/vec4 0, 0, 1;
    %assign/vec4 v0x5763fba88ca0_0, 0;
    %jmp T_81.1;
T_81.0 ;
    %load/vec4 v0x5763fba75020_0;
    %cmpi/e 1, 0, 1;
    %flag_get/vec4 4;
    %jmp/0 T_81.6, 4;
    %load/vec4 v0x5763fba92b80_0;
    %pushi/vec4 1, 0, 1;
    %cmp/e;
    %flag_get/vec4 4;
    %and;
T_81.6;
    %flag_set/vec4 9;
    %flag_get/vec4 9;
    %jmp/0 T_81.5, 9;
    %load/vec4 v0x5763fba7ee60_0;
    %pushi/vec4 1, 0, 1;
    %cmp/e;
    %flag_get/vec4 4;
    %and;
T_81.5;
    %flag_set/vec4 8;
    %jmp/0xz  T_81.3, 8;
    %load/vec4 v0x5763fba92ae0_0;
    %assign/vec4 v0x5763fba88ca0_0, 0;
T_81.3 ;
T_81.1 ;
    %jmp T_81;
    .thread T_81;
    .scope S_0x5763fba60db0;
T_82 ;
    %wait E_0x5763fbb65ff0;
    %load/vec4 v0x5763fba9c9d0_0;
    %cmpi/e 1, 0, 1;
    %flag_get/vec4 4;
    %jmp/0 T_82.2, 4;
    %load/vec4 v0x5763fbac42c0_0;
    %pushi/vec4 1, 0, 1;
    %cmp/e;
    %flag_get/vec4 4;
    %and;
T_82.2;
    %flag_set/vec4 8;
    %jmp/0xz  T_82.0, 8;
    %pushi/vec4 0, 0, 1;
    %assign/vec4 v0x5763fbace060_0, 0;
    %jmp T_82.1;
T_82.0 ;
    %load/vec4 v0x5763fba9c9d0_0;
    %cmpi/e 1, 0, 1;
    %flag_get/vec4 4;
    %jmp/0 T_82.6, 4;
    %load/vec4 v0x5763fbad7f40_0;
    %pushi/vec4 1, 0, 1;
    %cmp/e;
    %flag_get/vec4 4;
    %and;
T_82.6;
    %flag_set/vec4 9;
    %flag_get/vec4 9;
    %jmp/0 T_82.5, 9;
    %load/vec4 v0x5763fbac4220_0;
    %pushi/vec4 1, 0, 1;
    %cmp/e;
    %flag_get/vec4 4;
    %and;
T_82.5;
    %flag_set/vec4 8;
    %jmp/0xz  T_82.3, 8;
    %load/vec4 v0x5763fbad7ea0_0;
    %assign/vec4 v0x5763fbace060_0, 0;
T_82.3 ;
T_82.1 ;
    %jmp T_82;
    .thread T_82;
    .scope S_0x5763fba5ac80;
T_83 ;
    %wait E_0x5763fbb65ff0;
    %load/vec4 v0x5763fbaf5960_0;
    %cmpi/e 1, 0, 1;
    %flag_get/vec4 4;
    %jmp/0 T_83.2, 4;
    %load/vec4 v0x5763fbb134c0_0;
    %pushi/vec4 1, 0, 1;
    %cmp/e;
    %flag_get/vec4 4;
    %and;
T_83.2;
    %flag_set/vec4 8;
    %jmp/0xz  T_83.0, 8;
    %pushi/vec4 0, 0, 1;
    %assign/vec4 v0x5763fbb1d260_0, 0;
    %jmp T_83.1;
T_83.0 ;
    %load/vec4 v0x5763fbaf5960_0;
    %cmpi/e 1, 0, 1;
    %flag_get/vec4 4;
    %jmp/0 T_83.6, 4;
    %load/vec4 v0x5763fbae1d80_0;
    %pushi/vec4 1, 0, 1;
    %cmp/e;
    %flag_get/vec4 4;
    %and;
T_83.6;
    %flag_set/vec4 9;
    %flag_get/vec4 9;
    %jmp/0 T_83.5, 9;
    %load/vec4 v0x5763fbb13420_0;
    %pushi/vec4 1, 0, 1;
    %cmp/e;
    %flag_get/vec4 4;
    %and;
T_83.5;
    %flag_set/vec4 8;
    %jmp/0xz  T_83.3, 8;
    %load/vec4 v0x5763fbae1ce0_0;
    %assign/vec4 v0x5763fbb1d260_0, 0;
T_83.3 ;
T_83.1 ;
    %jmp T_83;
    .thread T_83;
    .scope S_0x5763fbb68420;
T_84 ;
    %wait E_0x5763fbb65ff0;
    %load/vec4 v0x5763fbb27150_0;
    %cmpi/e 1, 0, 1;
    %flag_get/vec4 4;
    %jmp/0 T_84.2, 4;
    %load/vec4 v0x5763fbb599a0_0;
    %pushi/vec4 1, 0, 1;
    %cmp/e;
    %flag_get/vec4 4;
    %and;
T_84.2;
    %flag_set/vec4 8;
    %jmp/0xz  T_84.0, 8;
    %pushi/vec4 0, 0, 1;
    %assign/vec4 v0x5763fbb4fc00_0, 0;
    %jmp T_84.1;
T_84.0 ;
    %load/vec4 v0x5763fbb27150_0;
    %cmpi/e 1, 0, 1;
    %flag_get/vec4 4;
    %jmp/0 T_84.6, 4;
    %load/vec4 v0x5763fbb4fb60_0;
    %pushi/vec4 1, 0, 1;
    %cmp/e;
    %flag_get/vec4 4;
    %and;
T_84.6;
    %flag_set/vec4 9;
    %flag_get/vec4 9;
    %jmp/0 T_84.5, 9;
    %load/vec4 v0x5763fba4e930_0;
    %pushi/vec4 1, 0, 1;
    %cmp/e;
    %flag_get/vec4 4;
    %and;
T_84.5;
    %flag_set/vec4 8;
    %jmp/0xz  T_84.3, 8;
    %load/vec4 v0x5763fbb45dc0_0;
    %assign/vec4 v0x5763fbb4fc00_0, 0;
T_84.3 ;
T_84.1 ;
    %jmp T_84;
    .thread T_84;
    .scope S_0x5763fba671a0;
T_85 ;
    %wait E_0x5763fbb65ff0;
    %load/vec4 v0x5763fba62560_0;
    %cmpi/e 1, 0, 1;
    %flag_get/vec4 4;
    %jmp/0 T_85.2, 4;
    %load/vec4 v0x5763fba80020_0;
    %pushi/vec4 1, 0, 1;
    %cmp/e;
    %flag_get/vec4 4;
    %and;
T_85.2;
    %flag_set/vec4 8;
    %jmp/0xz  T_85.0, 8;
    %pushi/vec4 0, 0, 1;
    %assign/vec4 v0x5763fba761e0_0, 0;
    %jmp T_85.1;
T_85.0 ;
    %load/vec4 v0x5763fba62560_0;
    %cmpi/e 1, 0, 1;
    %flag_get/vec4 4;
    %jmp/0 T_85.6, 4;
    %load/vec4 v0x5763fba6c440_0;
    %pushi/vec4 1, 0, 1;
    %cmp/e;
    %flag_get/vec4 4;
    %and;
T_85.6;
    %flag_set/vec4 9;
    %flag_get/vec4 9;
    %jmp/0 T_85.5, 9;
    %load/vec4 v0x5763fba76280_0;
    %pushi/vec4 1, 0, 1;
    %cmp/e;
    %flag_get/vec4 4;
    %and;
T_85.5;
    %flag_set/vec4 8;
    %jmp/0xz  T_85.3, 8;
    %load/vec4 v0x5763fba6c3a0_0;
    %assign/vec4 v0x5763fba761e0_0, 0;
T_85.3 ;
T_85.1 ;
    %jmp T_85;
    .thread T_85;
    .scope S_0x5763fba69880;
T_86 ;
    %wait E_0x5763fbb65ff0;
    %load/vec4 v0x5763fbb3aff0_0;
    %cmpi/e 1, 0, 1;
    %flag_get/vec4 4;
    %jmp/0 T_86.2, 4;
    %load/vec4 v0x5763fba4da90_0;
    %pushi/vec4 1, 0, 1;
    %cmp/e;
    %flag_get/vec4 4;
    %and;
T_86.2;
    %flag_set/vec4 8;
    %jmp/0xz  T_86.0, 8;
    %pushi/vec4 0, 0, 1;
    %assign/vec4 v0x5763fbb44e30_0, 0;
    %jmp T_86.1;
T_86.0 ;
    %load/vec4 v0x5763fbb3aff0_0;
    %cmpi/e 1, 0, 1;
    %flag_get/vec4 4;
    %jmp/0 T_86.6, 4;
    %load/vec4 v0x5763fbb31250_0;
    %pushi/vec4 1, 0, 1;
    %cmp/e;
    %flag_get/vec4 4;
    %and;
T_86.6;
    %flag_set/vec4 9;
    %flag_get/vec4 9;
    %jmp/0 T_86.5, 9;
    %load/vec4 v0x5763fba4d9f0_0;
    %pushi/vec4 1, 0, 1;
    %cmp/e;
    %flag_get/vec4 4;
    %and;
T_86.5;
    %flag_set/vec4 8;
    %jmp/0xz  T_86.3, 8;
    %load/vec4 v0x5763fbb311b0_0;
    %assign/vec4 v0x5763fbb44e30_0, 0;
T_86.3 ;
T_86.1 ;
    %jmp T_86;
    .thread T_86;
    .scope S_0x5763fba63750;
T_87 ;
    %wait E_0x5763fbb65ff0;
    %load/vec4 v0x5763fbb628f0_0;
    %cmpi/e 1, 0, 1;
    %flag_get/vec4 4;
    %jmp/0 T_87.2, 4;
    %load/vec4 v0x5763fba6b550_0;
    %pushi/vec4 1, 0, 1;
    %cmp/e;
    %flag_get/vec4 4;
    %and;
T_87.2;
    %flag_set/vec4 8;
    %jmp/0xz  T_87.0, 8;
    %pushi/vec4 0, 0, 1;
    %assign/vec4 v0x5763fba61670_0, 0;
    %jmp T_87.1;
T_87.0 ;
    %load/vec4 v0x5763fbb628f0_0;
    %cmpi/e 1, 0, 1;
    %flag_get/vec4 4;
    %jmp/0 T_87.6, 4;
    %load/vec4 v0x5763fba578d0_0;
    %pushi/vec4 1, 0, 1;
    %cmp/e;
    %flag_get/vec4 4;
    %and;
T_87.6;
    %flag_set/vec4 9;
    %flag_get/vec4 9;
    %jmp/0 T_87.5, 9;
    %load/vec4 v0x5763fba6b4b0_0;
    %pushi/vec4 1, 0, 1;
    %cmp/e;
    %flag_get/vec4 4;
    %and;
T_87.5;
    %flag_set/vec4 8;
    %jmp/0xz  T_87.3, 8;
    %load/vec4 v0x5763fba57830_0;
    %assign/vec4 v0x5763fba61670_0, 0;
T_87.3 ;
T_87.1 ;
    %jmp T_87;
    .thread T_87;
    .scope S_0x5763fba65e30;
T_88 ;
    %wait E_0x5763fbb65ff0;
    %load/vec4 v0x5763fba7f1f0_0;
    %cmpi/e 1, 0, 1;
    %flag_get/vec4 4;
    %jmp/0 T_88.2, 4;
    %load/vec4 v0x5763fba9cc90_0;
    %pushi/vec4 1, 0, 1;
    %cmp/e;
    %flag_get/vec4 4;
    %and;
T_88.2;
    %flag_set/vec4 8;
    %jmp/0xz  T_88.0, 8;
    %pushi/vec4 0, 0, 1;
    %assign/vec4 v0x5763fbaa6ad0_0, 0;
    %jmp T_88.1;
T_88.0 ;
    %load/vec4 v0x5763fba7f1f0_0;
    %cmpi/e 1, 0, 1;
    %flag_get/vec4 4;
    %jmp/0 T_88.6, 4;
    %load/vec4 v0x5763fbaa6a30_0;
    %pushi/vec4 1, 0, 1;
    %cmp/e;
    %flag_get/vec4 4;
    %and;
T_88.6;
    %flag_set/vec4 9;
    %flag_get/vec4 9;
    %jmp/0 T_88.5, 9;
    %load/vec4 v0x5763fba9cbf0_0;
    %pushi/vec4 1, 0, 1;
    %cmp/e;
    %flag_get/vec4 4;
    %and;
T_88.5;
    %flag_set/vec4 8;
    %jmp/0xz  T_88.3, 8;
    %load/vec4 v0x5763fba89030_0;
    %assign/vec4 v0x5763fbaa6ad0_0, 0;
T_88.3 ;
T_88.1 ;
    %jmp T_88;
    .thread T_88;
    .scope S_0x5763fba79ab0;
T_89 ;
    %wait E_0x5763fbb65ff0;
    %load/vec4 v0x5763fbae2060_0;
    %cmpi/e 1, 0, 1;
    %flag_get/vec4 4;
    %jmp/0 T_89.2, 4;
    %load/vec4 v0x5763fbb136f0_0;
    %pushi/vec4 1, 0, 1;
    %cmp/e;
    %flag_get/vec4 4;
    %and;
T_89.2;
    %flag_set/vec4 8;
    %jmp/0xz  T_89.0, 8;
    %pushi/vec4 0, 0, 1;
    %assign/vec4 v0x5763fbaf5cf0_0, 0;
    %jmp T_89.1;
T_89.0 ;
    %load/vec4 v0x5763fbae2060_0;
    %cmpi/e 1, 0, 1;
    %flag_get/vec4 4;
    %jmp/0 T_89.6, 4;
    %load/vec4 v0x5763fbaf5c30_0;
    %pushi/vec4 1, 0, 1;
    %cmp/e;
    %flag_get/vec4 4;
    %and;
T_89.6;
    %flag_set/vec4 9;
    %flag_get/vec4 9;
    %jmp/0 T_89.5, 9;
    %load/vec4 v0x5763fbb09920_0;
    %pushi/vec4 1, 0, 1;
    %cmp/e;
    %flag_get/vec4 4;
    %and;
T_89.5;
    %flag_set/vec4 8;
    %jmp/0xz  T_89.3, 8;
    %load/vec4 v0x5763fbaffb30_0;
    %assign/vec4 v0x5763fbaf5cf0_0, 0;
T_89.3 ;
T_89.1 ;
    %jmp T_89;
    .thread T_89;
    .scope S_0x5763fba736c0;
T_90 ;
    %wait E_0x5763fbb65ff0;
    %load/vec4 v0x5763fbb3bee0_0;
    %cmpi/e 1, 0, 1;
    %flag_get/vec4 4;
    %jmp/0 T_90.2, 4;
    %load/vec4 v0x5763fbb1e4c0_0;
    %pushi/vec4 1, 0, 1;
    %cmp/e;
    %flag_get/vec4 4;
    %and;
T_90.2;
    %flag_set/vec4 8;
    %jmp/0xz  T_90.0, 8;
    %pushi/vec4 0, 0, 1;
    %assign/vec4 v0x5763fbb28260_0, 0;
    %jmp T_90.1;
T_90.0 ;
    %load/vec4 v0x5763fbb3bee0_0;
    %cmpi/e 1, 0, 1;
    %flag_get/vec4 4;
    %jmp/0 T_90.6, 4;
    %load/vec4 v0x5763fbb32140_0;
    %pushi/vec4 1, 0, 1;
    %cmp/e;
    %flag_get/vec4 4;
    %and;
T_90.6;
    %flag_set/vec4 9;
    %flag_get/vec4 9;
    %jmp/0 T_90.5, 9;
    %load/vec4 v0x5763fbb1e420_0;
    %pushi/vec4 1, 0, 1;
    %cmp/e;
    %flag_get/vec4 4;
    %and;
T_90.5;
    %flag_set/vec4 8;
    %jmp/0xz  T_90.3, 8;
    %load/vec4 v0x5763fbb320a0_0;
    %assign/vec4 v0x5763fbb28260_0, 0;
T_90.3 ;
T_90.1 ;
    %jmp T_90;
    .thread T_90;
    .scope S_0x5763fba6d590;
T_91 ;
    %wait E_0x5763fbb65ff0;
    %load/vec4 v0x5763fbb00960_0;
    %cmpi/e 1, 0, 1;
    %flag_get/vec4 4;
    %jmp/0 T_91.2, 4;
    %load/vec4 v0x5763fbaecd80_0;
    %pushi/vec4 1, 0, 1;
    %cmp/e;
    %flag_get/vec4 4;
    %and;
T_91.2;
    %flag_set/vec4 8;
    %jmp/0xz  T_91.0, 8;
    %pushi/vec4 0, 0, 1;
    %assign/vec4 v0x5763fba44af0_0, 0;
    %jmp T_91.1;
T_91.0 ;
    %load/vec4 v0x5763fbb00960_0;
    %cmpi/e 1, 0, 1;
    %flag_get/vec4 4;
    %jmp/0 T_91.6, 4;
    %load/vec4 v0x5763fbaf6bc0_0;
    %pushi/vec4 1, 0, 1;
    %cmp/e;
    %flag_get/vec4 4;
    %and;
T_91.6;
    %flag_set/vec4 9;
    %flag_get/vec4 9;
    %jmp/0 T_91.5, 9;
    %load/vec4 v0x5763fbaecce0_0;
    %pushi/vec4 1, 0, 1;
    %cmp/e;
    %flag_get/vec4 4;
    %and;
T_91.5;
    %flag_set/vec4 8;
    %jmp/0xz  T_91.3, 8;
    %load/vec4 v0x5763fbaf6b20_0;
    %assign/vec4 v0x5763fba44af0_0, 0;
T_91.3 ;
T_91.1 ;
    %jmp T_91;
    .thread T_91;
    .scope S_0x5763fba773d0;
T_92 ;
    %wait E_0x5763fbb65ff0;
    %load/vec4 v0x5763fbacf2d0_0;
    %cmpi/e 1, 0, 1;
    %flag_get/vec4 4;
    %jmp/0 T_92.2, 4;
    %load/vec4 v0x5763fbab1800_0;
    %pushi/vec4 1, 0, 1;
    %cmp/e;
    %flag_get/vec4 4;
    %and;
T_92.2;
    %flag_set/vec4 8;
    %jmp/0xz  T_92.0, 8;
    %pushi/vec4 0, 0, 1;
    %assign/vec4 v0x5763fbabb640_0, 0;
    %jmp T_92.1;
T_92.0 ;
    %load/vec4 v0x5763fbacf2d0_0;
    %cmpi/e 1, 0, 1;
    %flag_get/vec4 4;
    %jmp/0 T_92.6, 4;
    %load/vec4 v0x5763fbabb5a0_0;
    %pushi/vec4 1, 0, 1;
    %cmp/e;
    %flag_get/vec4 4;
    %and;
T_92.6;
    %flag_set/vec4 9;
    %flag_get/vec4 9;
    %jmp/0 T_92.5, 9;
    %load/vec4 v0x5763fbab1760_0;
    %pushi/vec4 1, 0, 1;
    %cmp/e;
    %flag_get/vec4 4;
    %and;
T_92.5;
    %flag_set/vec4 8;
    %jmp/0xz  T_92.3, 8;
    %load/vec4 v0x5763fbac54a0_0;
    %assign/vec4 v0x5763fbabb640_0, 0;
T_92.3 ;
T_92.1 ;
    %jmp T_92;
    .thread T_92;
    .scope S_0x5763fba82580;
T_93 ;
    %wait E_0x5763fbb65ff0;
    %load/vec4 v0x5763fba3ac60_0;
    %cmpi/e 1, 0, 1;
    %flag_get/vec4 4;
    %jmp/0 T_93.2, 4;
    %load/vec4 v0x5763fba4eb10_0;
    %pushi/vec4 1, 0, 1;
    %cmp/e;
    %flag_get/vec4 4;
    %and;
T_93.2;
    %flag_set/vec4 8;
    %jmp/0xz  T_93.0, 8;
    %pushi/vec4 0, 0, 1;
    %assign/vec4 v0x5763fbb4fd90_0, 0;
    %jmp T_93.1;
T_93.0 ;
    %load/vec4 v0x5763fba3ac60_0;
    %cmpi/e 1, 0, 1;
    %flag_get/vec4 4;
    %jmp/0 T_93.6, 4;
    %load/vec4 v0x5763fbb45ff0_0;
    %pushi/vec4 1, 0, 1;
    %cmp/e;
    %flag_get/vec4 4;
    %and;
T_93.6;
    %flag_set/vec4 9;
    %flag_get/vec4 9;
    %jmp/0 T_93.5, 9;
    %load/vec4 v0x5763fbb4fe50_0;
    %pushi/vec4 1, 0, 1;
    %cmp/e;
    %flag_get/vec4 4;
    %and;
T_93.5;
    %flag_set/vec4 8;
    %jmp/0xz  T_93.3, 8;
    %load/vec4 v0x5763fbb45f50_0;
    %assign/vec4 v0x5763fbb4fd90_0, 0;
T_93.3 ;
T_93.1 ;
    %jmp T_93;
    .thread T_93;
    .scope S_0x5763fba7ae20;
T_94 ;
    %wait E_0x5763fbb65ff0;
    %load/vec4 v0x5763fba58950_0;
    %cmpi/e 1, 0, 1;
    %flag_get/vec4 4;
    %jmp/0 T_94.2, 4;
    %load/vec4 v0x5763fba764b0_0;
    %pushi/vec4 1, 0, 1;
    %cmp/e;
    %flag_get/vec4 4;
    %and;
T_94.2;
    %flag_set/vec4 8;
    %jmp/0xz  T_94.0, 8;
    %pushi/vec4 0, 0, 1;
    %assign/vec4 v0x5763fba6c5d0_0, 0;
    %jmp T_94.1;
T_94.0 ;
    %load/vec4 v0x5763fba58950_0;
    %cmpi/e 1, 0, 1;
    %flag_get/vec4 4;
    %jmp/0 T_94.6, 4;
    %load/vec4 v0x5763fba62830_0;
    %pushi/vec4 1, 0, 1;
    %cmp/e;
    %flag_get/vec4 4;
    %and;
T_94.6;
    %flag_set/vec4 9;
    %flag_get/vec4 9;
    %jmp/0 T_94.5, 9;
    %load/vec4 v0x5763fba76410_0;
    %pushi/vec4 1, 0, 1;
    %cmp/e;
    %flag_get/vec4 4;
    %and;
T_94.5;
    %flag_set/vec4 8;
    %jmp/0xz  T_94.3, 8;
    %load/vec4 v0x5763fba62790_0;
    %assign/vec4 v0x5763fba6c5d0_0, 0;
T_94.3 ;
T_94.1 ;
    %jmp T_94;
    .thread T_94;
    .scope S_0x5763fba7d500;
T_95 ;
    %wait E_0x5763fbb65ff0;
    %load/vec4 v0x5763fba80300_0;
    %cmpi/e 1, 0, 1;
    %flag_get/vec4 4;
    %jmp/0 T_95.2, 4;
    %load/vec4 v0x5763fbb28490_0;
    %pushi/vec4 1, 0, 1;
    %cmp/e;
    %flag_get/vec4 4;
    %and;
T_95.2;
    %flag_set/vec4 8;
    %jmp/0xz  T_95.0, 8;
    %pushi/vec4 0, 0, 1;
    %assign/vec4 v0x5763fbb3c1b0_0, 0;
    %jmp T_95.1;
T_95.0 ;
    %load/vec4 v0x5763fba80300_0;
    %cmpi/e 1, 0, 1;
    %flag_get/vec4 4;
    %jmp/0 T_95.6, 4;
    %load/vec4 v0x5763fbb3c110_0;
    %pushi/vec4 1, 0, 1;
    %cmp/e;
    %flag_get/vec4 4;
    %and;
T_95.6;
    %flag_set/vec4 9;
    %flag_get/vec4 9;
    %jmp/0 T_95.5, 9;
    %load/vec4 v0x5763fbb32320_0;
    %pushi/vec4 1, 0, 1;
    %cmp/e;
    %flag_get/vec4 4;
    %and;
T_95.5;
    %flag_set/vec4 8;
    %jmp/0xz  T_95.3, 8;
    %load/vec4 v0x5763fba8a130_0;
    %assign/vec4 v0x5763fbb3c1b0_0, 0;
T_95.3 ;
T_95.1 ;
    %jmp T_95;
    .thread T_95;
    .scope S_0x5763fba886b0;
T_96 ;
    %wait E_0x5763fbb65ff0;
    %load/vec4 v0x5763fbb148c0_0;
    %cmpi/e 1, 0, 1;
    %flag_get/vec4 4;
    %jmp/0 T_96.2, 4;
    %load/vec4 v0x5763fba44cd0_0;
    %pushi/vec4 1, 0, 1;
    %cmp/e;
    %flag_get/vec4 4;
    %and;
T_96.2;
    %flag_set/vec4 8;
    %jmp/0xz  T_96.0, 8;
    %pushi/vec4 0, 0, 1;
    %assign/vec4 v0x5763fbb00c30_0, 0;
    %jmp T_96.1;
T_96.0 ;
    %load/vec4 v0x5763fbb148c0_0;
    %cmpi/e 1, 0, 1;
    %flag_get/vec4 4;
    %jmp/0 T_96.6, 4;
    %load/vec4 v0x5763fbb00b90_0;
    %pushi/vec4 1, 0, 1;
    %cmp/e;
    %flag_get/vec4 4;
    %and;
T_96.6;
    %flag_set/vec4 9;
    %flag_get/vec4 9;
    %jmp/0 T_96.5, 9;
    %load/vec4 v0x5763fbaf6da0_0;
    %pushi/vec4 1, 0, 1;
    %cmp/e;
    %flag_get/vec4 4;
    %and;
T_96.5;
    %flag_set/vec4 8;
    %jmp/0xz  T_96.3, 8;
    %load/vec4 v0x5763fbb0aa90_0;
    %assign/vec4 v0x5763fbb00c30_0, 0;
T_96.3 ;
T_96.1 ;
    %jmp T_96;
    .thread T_96;
    .scope S_0x5763fba8c3c0;
T_97 ;
    %wait E_0x5763fbb65ff0;
    %load/vec4 v0x5763fbab1a40_0;
    %cmpi/e 1, 0, 1;
    %flag_get/vec4 4;
    %jmp/0 T_97.2, 4;
    %load/vec4 v0x5763fba3ae90_0;
    %pushi/vec4 1, 0, 1;
    %cmp/e;
    %flag_get/vec4 4;
    %and;
T_97.2;
    %flag_set/vec4 8;
    %jmp/0xz  T_97.0, 8;
    %pushi/vec4 0, 0, 1;
    %assign/vec4 v0x5763fba9ddb0_0, 0;
    %jmp T_97.1;
T_97.0 ;
    %load/vec4 v0x5763fbab1a40_0;
    %cmpi/e 1, 0, 1;
    %flag_get/vec4 4;
    %jmp/0 T_97.6, 4;
    %load/vec4 v0x5763fba9dd10_0;
    %pushi/vec4 1, 0, 1;
    %cmp/e;
    %flag_get/vec4 4;
    %and;
T_97.6;
    %flag_set/vec4 9;
    %flag_get/vec4 9;
    %jmp/0 T_97.5, 9;
    %load/vec4 v0x5763fba93f40_0;
    %pushi/vec4 1, 0, 1;
    %cmp/e;
    %flag_get/vec4 4;
    %and;
T_97.5;
    %flag_set/vec4 8;
    %jmp/0xz  T_97.3, 8;
    %load/vec4 v0x5763fbaa7bf0_0;
    %assign/vec4 v0x5763fba9ddb0_0, 0;
T_97.3 ;
T_97.1 ;
    %jmp T_97;
    .thread T_97;
    .scope S_0x5763fba84c60;
T_98 ;
    %wait E_0x5763fbb65ff0;
    %load/vec4 v0x5763fbb12ff0_0;
    %cmpi/e 1, 0, 1;
    %flag_get/vec4 4;
    %jmp/0 T_98.2, 4;
    %load/vec4 v0x5763fbaf55d0_0;
    %pushi/vec4 1, 0, 1;
    %cmp/e;
    %flag_get/vec4 4;
    %and;
T_98.2;
    %flag_set/vec4 8;
    %jmp/0xz  T_98.0, 8;
    %pushi/vec4 0, 0, 1;
    %assign/vec4 v0x5763fbaff370_0, 0;
    %jmp T_98.1;
T_98.0 ;
    %load/vec4 v0x5763fbb12ff0_0;
    %cmpi/e 1, 0, 1;
    %flag_get/vec4 4;
    %jmp/0 T_98.6, 4;
    %load/vec4 v0x5763fbb09250_0;
    %pushi/vec4 1, 0, 1;
    %cmp/e;
    %flag_get/vec4 4;
    %and;
T_98.6;
    %flag_set/vec4 9;
    %flag_get/vec4 9;
    %jmp/0 T_98.5, 9;
    %load/vec4 v0x5763fbaf5530_0;
    %pushi/vec4 1, 0, 1;
    %cmp/e;
    %flag_get/vec4 4;
    %and;
T_98.5;
    %flag_set/vec4 8;
    %jmp/0xz  T_98.3, 8;
    %load/vec4 v0x5763fbb091b0_0;
    %assign/vec4 v0x5763fbaff370_0, 0;
T_98.3 ;
T_98.1 ;
    %jmp T_98;
    .thread T_98;
    .scope S_0x5763fba87340;
T_99 ;
    %wait E_0x5763fbb65ff0;
    %load/vec4 v0x5763fbae1960_0;
    %cmpi/e 1, 0, 1;
    %flag_get/vec4 4;
    %jmp/0 T_99.2, 4;
    %load/vec4 v0x5763fbac3e90_0;
    %pushi/vec4 1, 0, 1;
    %cmp/e;
    %flag_get/vec4 4;
    %and;
T_99.2;
    %flag_set/vec4 8;
    %jmp/0xz  T_99.0, 8;
    %pushi/vec4 0, 0, 1;
    %assign/vec4 v0x5763fbacdc30_0, 0;
    %jmp T_99.1;
T_99.0 ;
    %load/vec4 v0x5763fbae1960_0;
    %cmpi/e 1, 0, 1;
    %flag_get/vec4 4;
    %jmp/0 T_99.6, 4;
    %load/vec4 v0x5763fbad7a70_0;
    %pushi/vec4 1, 0, 1;
    %cmp/e;
    %flag_get/vec4 4;
    %and;
T_99.6;
    %flag_set/vec4 9;
    %flag_get/vec4 9;
    %jmp/0 T_99.5, 9;
    %load/vec4 v0x5763fbac3df0_0;
    %pushi/vec4 1, 0, 1;
    %cmp/e;
    %flag_get/vec4 4;
    %and;
T_99.5;
    %flag_set/vec4 8;
    %jmp/0xz  T_99.3, 8;
    %load/vec4 v0x5763fba43570_0;
    %assign/vec4 v0x5763fbacdc30_0, 0;
T_99.3 ;
T_99.1 ;
    %jmp T_99;
    .thread T_99;
    .scope S_0x5763fbb393c0;
T_100 ;
    %wait E_0x5763fbb65ff0;
    %load/vec4 v0x5763fbab0170_0;
    %cmpi/e 1, 0, 1;
    %flag_get/vec4 4;
    %jmp/0 T_100.2, 4;
    %load/vec4 v0x5763fba92750_0;
    %pushi/vec4 1, 0, 1;
    %cmp/e;
    %flag_get/vec4 4;
    %and;
T_100.2;
    %flag_set/vec4 8;
    %jmp/0xz  T_100.0, 8;
    %pushi/vec4 0, 0, 1;
    %assign/vec4 v0x5763fba9c4f0_0, 0;
    %jmp T_100.1;
T_100.0 ;
    %load/vec4 v0x5763fbab0170_0;
    %cmpi/e 1, 0, 1;
    %flag_get/vec4 4;
    %jmp/0 T_100.6, 4;
    %load/vec4 v0x5763fbaa63d0_0;
    %pushi/vec4 1, 0, 1;
    %cmp/e;
    %flag_get/vec4 4;
    %and;
T_100.6;
    %flag_set/vec4 9;
    %flag_get/vec4 9;
    %jmp/0 T_100.5, 9;
    %load/vec4 v0x5763fba926b0_0;
    %pushi/vec4 1, 0, 1;
    %cmp/e;
    %flag_get/vec4 4;
    %and;
T_100.5;
    %flag_set/vec4 8;
    %jmp/0xz  T_100.3, 8;
    %load/vec4 v0x5763fbaa6330_0;
    %assign/vec4 v0x5763fba9c4f0_0, 0;
T_100.3 ;
T_100.1 ;
    %jmp T_100;
    .thread T_100;
    .scope S_0x5763fbb33290;
T_101 ;
    %wait E_0x5763fbb65ff0;
    %load/vec4 v0x5763fba74bf0_0;
    %cmpi/e 1, 0, 1;
    %flag_get/vec4 4;
    %jmp/0 T_101.2, 4;
    %load/vec4 v0x5763fba57130_0;
    %pushi/vec4 1, 0, 1;
    %cmp/e;
    %flag_get/vec4 4;
    %and;
T_101.2;
    %flag_set/vec4 8;
    %jmp/0xz  T_101.0, 8;
    %pushi/vec4 0, 0, 1;
    %assign/vec4 v0x5763fba60f70_0, 0;
    %jmp T_101.1;
T_101.0 ;
    %load/vec4 v0x5763fba74bf0_0;
    %cmpi/e 1, 0, 1;
    %flag_get/vec4 4;
    %jmp/0 T_101.6, 4;
    %load/vec4 v0x5763fba6ae50_0;
    %pushi/vec4 1, 0, 1;
    %cmp/e;
    %flag_get/vec4 4;
    %and;
T_101.6;
    %flag_set/vec4 9;
    %flag_get/vec4 9;
    %jmp/0 T_101.5, 9;
    %load/vec4 v0x5763fba61010_0;
    %pushi/vec4 1, 0, 1;
    %cmp/e;
    %flag_get/vec4 4;
    %and;
T_101.5;
    %flag_set/vec4 8;
    %jmp/0xz  T_101.3, 8;
    %load/vec4 v0x5763fba6adb0_0;
    %assign/vec4 v0x5763fba60f70_0, 0;
T_101.3 ;
T_101.1 ;
    %jmp T_101;
    .thread T_101;
    .scope S_0x5763fbb3f7b0;
T_102 ;
    %wait E_0x5763fbb65ff0;
    %load/vec4 v0x5763fbb583b0_0;
    %cmpi/e 1, 0, 1;
    %flag_get/vec4 4;
    %jmp/0 T_102.2, 4;
    %load/vec4 v0x5763fba4d390_0;
    %pushi/vec4 1, 0, 1;
    %cmp/e;
    %flag_get/vec4 4;
    %and;
T_102.2;
    %flag_set/vec4 8;
    %jmp/0xz  T_102.0, 8;
    %pushi/vec4 0, 0, 1;
    %assign/vec4 v0x5763fbb44730_0, 0;
    %jmp T_102.1;
T_102.0 ;
    %load/vec4 v0x5763fbb583b0_0;
    %cmpi/e 1, 0, 1;
    %flag_get/vec4 4;
    %jmp/0 T_102.6, 4;
    %load/vec4 v0x5763fbb4e610_0;
    %pushi/vec4 1, 0, 1;
    %cmp/e;
    %flag_get/vec4 4;
    %and;
T_102.6;
    %flag_set/vec4 9;
    %flag_get/vec4 9;
    %jmp/0 T_102.5, 9;
    %load/vec4 v0x5763fba4d2f0_0;
    %pushi/vec4 1, 0, 1;
    %cmp/e;
    %flag_get/vec4 4;
    %and;
T_102.5;
    %flag_set/vec4 8;
    %jmp/0xz  T_102.3, 8;
    %load/vec4 v0x5763fbb4e570_0;
    %assign/vec4 v0x5763fbb44730_0, 0;
T_102.3 ;
T_102.1 ;
    %jmp T_102;
    .thread T_102;
    .scope S_0x5763fba8fe10;
T_103 ;
    %wait E_0x5763fbb65ff0;
    %load/vec4 v0x5763fbb30b60_0;
    %cmpi/e 1, 0, 1;
    %flag_get/vec4 4;
    %jmp/0 T_103.2, 4;
    %load/vec4 v0x5763fbb35a10_0;
    %pushi/vec4 1, 0, 1;
    %cmp/e;
    %flag_get/vec4 4;
    %and;
T_103.2;
    %flag_set/vec4 8;
    %jmp/0xz  T_103.0, 8;
    %pushi/vec4 0, 0, 1;
    %assign/vec4 v0x5763fbb36d80_0, 0;
    %jmp T_103.1;
T_103.0 ;
    %load/vec4 v0x5763fbb30b60_0;
    %cmpi/e 1, 0, 1;
    %flag_get/vec4 4;
    %jmp/0 T_103.6, 4;
    %load/vec4 v0x5763fbb36ce0_0;
    %pushi/vec4 1, 0, 1;
    %cmp/e;
    %flag_get/vec4 4;
    %and;
T_103.6;
    %flag_set/vec4 9;
    %flag_get/vec4 9;
    %jmp/0 T_103.5, 9;
    %load/vec4 v0x5763fbb35970_0;
    %pushi/vec4 1, 0, 1;
    %cmp/e;
    %flag_get/vec4 4;
    %and;
T_103.5;
    %flag_set/vec4 8;
    %jmp/0xz  T_103.3, 8;
    %load/vec4 v0x5763fbb38110_0;
    %assign/vec4 v0x5763fbb36d80_0, 0;
T_103.3 ;
T_103.1 ;
    %jmp T_103;
    .thread T_103;
    .scope S_0x5763fbb1f610;
T_104 ;
    %wait E_0x5763fbb65ff0;
    %load/vec4 v0x5763fbb25740_0;
    %cmpi/e 1, 0, 1;
    %flag_get/vec4 4;
    %jmp/0 T_104.2, 4;
    %load/vec4 v0x5763fbb21cf0_0;
    %pushi/vec4 1, 0, 1;
    %cmp/e;
    %flag_get/vec4 4;
    %and;
T_104.2;
    %flag_set/vec4 8;
    %jmp/0xz  T_104.0, 8;
    %pushi/vec4 0, 0, 1;
    %assign/vec4 v0x5763fbb23060_0, 0;
    %jmp T_104.1;
T_104.0 ;
    %load/vec4 v0x5763fbb25740_0;
    %cmpi/e 1, 0, 1;
    %flag_get/vec4 4;
    %jmp/0 T_104.6, 4;
    %load/vec4 v0x5763fbb24470_0;
    %pushi/vec4 1, 0, 1;
    %cmp/e;
    %flag_get/vec4 4;
    %and;
T_104.6;
    %flag_set/vec4 9;
    %flag_get/vec4 9;
    %jmp/0 T_104.5, 9;
    %load/vec4 v0x5763fbb23120_0;
    %pushi/vec4 1, 0, 1;
    %cmp/e;
    %flag_get/vec4 4;
    %and;
T_104.5;
    %flag_set/vec4 8;
    %jmp/0xz  T_104.3, 8;
    %load/vec4 v0x5763fbb243d0_0;
    %assign/vec4 v0x5763fbb23060_0, 0;
T_104.3 ;
T_104.1 ;
    %jmp T_104;
    .thread T_104;
    .scope S_0x5763fbb2cea0;
T_105 ;
    %wait E_0x5763fbb65ff0;
    %load/vec4 v0x5763fbb17eb0_0;
    %cmpi/e 1, 0, 1;
    %flag_get/vec4 4;
    %jmp/0 T_105.2, 4;
    %load/vec4 v0x5763fbb12ed0_0;
    %pushi/vec4 1, 0, 1;
    %cmp/e;
    %flag_get/vec4 4;
    %and;
T_105.2;
    %flag_set/vec4 8;
    %jmp/0xz  T_105.0, 8;
    %pushi/vec4 0, 0, 1;
    %assign/vec4 v0x5763fbb0b990_0, 0;
    %jmp T_105.1;
T_105.0 ;
    %load/vec4 v0x5763fbb17eb0_0;
    %cmpi/e 1, 0, 1;
    %flag_get/vec4 4;
    %jmp/0 T_105.6, 4;
    %load/vec4 v0x5763fbb0cda0_0;
    %pushi/vec4 1, 0, 1;
    %cmp/e;
    %flag_get/vec4 4;
    %and;
T_105.6;
    %flag_set/vec4 9;
    %flag_get/vec4 9;
    %jmp/0 T_105.5, 9;
    %load/vec4 v0x5763fbb12e30_0;
    %pushi/vec4 1, 0, 1;
    %cmp/e;
    %flag_get/vec4 4;
    %and;
T_105.5;
    %flag_set/vec4 8;
    %jmp/0xz  T_105.3, 8;
    %load/vec4 v0x5763fbb0cd00_0;
    %assign/vec4 v0x5763fbb0b990_0, 0;
T_105.3 ;
T_105.1 ;
    %jmp T_105;
    .thread T_105;
    .scope S_0x5763fbb2f580;
T_106 ;
    %wait E_0x5763fbb65ff0;
    %load/vec4 v0x5763fbb10800_0;
    %cmpi/e 1, 0, 1;
    %flag_get/vec4 4;
    %jmp/0 T_106.2, 4;
    %load/vec4 v0x5763fbb02f60_0;
    %pushi/vec4 1, 0, 1;
    %cmp/e;
    %flag_get/vec4 4;
    %and;
T_106.2;
    %flag_set/vec4 8;
    %jmp/0xz  T_106.0, 8;
    %pushi/vec4 0, 0, 1;
    %assign/vec4 v0x5763fbb0e110_0, 0;
    %jmp T_106.1;
T_106.0 ;
    %load/vec4 v0x5763fbb10800_0;
    %cmpi/e 1, 0, 1;
    %flag_get/vec4 4;
    %jmp/0 T_106.6, 4;
    %load/vec4 v0x5763fbb0e070_0;
    %pushi/vec4 1, 0, 1;
    %cmp/e;
    %flag_get/vec4 4;
    %and;
T_106.6;
    %flag_set/vec4 9;
    %flag_get/vec4 9;
    %jmp/0 T_106.5, 9;
    %load/vec4 v0x5763fbb02ec0_0;
    %pushi/vec4 1, 0, 1;
    %cmp/e;
    %flag_get/vec4 4;
    %and;
T_106.5;
    %flag_set/vec4 8;
    %jmp/0xz  T_106.3, 8;
    %load/vec4 v0x5763fbb0f480_0;
    %assign/vec4 v0x5763fbb0e110_0, 0;
T_106.3 ;
T_106.1 ;
    %jmp T_106;
    .thread T_106;
    .scope S_0x5763fbb08ff0;
T_107 ;
    %wait E_0x5763fbb65ff0;
    %load/vec4 v0x5763fbafdef0_0;
    %cmpi/e 1, 0, 1;
    %flag_get/vec4 4;
    %jmp/0 T_107.2, 4;
    %load/vec4 v0x5763fbafa490_0;
    %pushi/vec4 1, 0, 1;
    %cmp/e;
    %flag_get/vec4 4;
    %and;
T_107.2;
    %flag_set/vec4 8;
    %jmp/0xz  T_107.0, 8;
    %pushi/vec4 0, 0, 1;
    %assign/vec4 v0x5763fbafb800_0, 0;
    %jmp T_107.1;
T_107.0 ;
    %load/vec4 v0x5763fbafdef0_0;
    %cmpi/e 1, 0, 1;
    %flag_get/vec4 4;
    %jmp/0 T_107.6, 4;
    %load/vec4 v0x5763fbafb760_0;
    %pushi/vec4 1, 0, 1;
    %cmp/e;
    %flag_get/vec4 4;
    %and;
T_107.6;
    %flag_set/vec4 9;
    %flag_get/vec4 9;
    %jmp/0 T_107.5, 9;
    %load/vec4 v0x5763fbafa3f0_0;
    %pushi/vec4 1, 0, 1;
    %cmp/e;
    %flag_get/vec4 4;
    %and;
T_107.5;
    %flag_set/vec4 8;
    %jmp/0xz  T_107.3, 8;
    %load/vec4 v0x5763fbafcb70_0;
    %assign/vec4 v0x5763fbafb800_0, 0;
T_107.3 ;
T_107.1 ;
    %jmp T_107;
    .thread T_107;
    .scope S_0x5763fbaf7d10;
T_108 ;
    %wait E_0x5763fbb65ff0;
    %load/vec4 v0x5763fba4d1e0_0;
    %cmpi/e 1, 0, 1;
    %flag_get/vec4 4;
    %jmp/0 T_108.2, 4;
    %load/vec4 v0x5763fba49780_0;
    %pushi/vec4 1, 0, 1;
    %cmp/e;
    %flag_get/vec4 4;
    %and;
T_108.2;
    %flag_set/vec4 8;
    %jmp/0xz  T_108.0, 8;
    %pushi/vec4 0, 0, 1;
    %assign/vec4 v0x5763fba4aaf0_0, 0;
    %jmp T_108.1;
T_108.0 ;
    %load/vec4 v0x5763fba4d1e0_0;
    %cmpi/e 1, 0, 1;
    %flag_get/vec4 4;
    %jmp/0 T_108.6, 4;
    %load/vec4 v0x5763fba4aa50_0;
    %pushi/vec4 1, 0, 1;
    %cmp/e;
    %flag_get/vec4 4;
    %and;
T_108.6;
    %flag_set/vec4 9;
    %flag_get/vec4 9;
    %jmp/0 T_108.5, 9;
    %load/vec4 v0x5763fba496e0_0;
    %pushi/vec4 1, 0, 1;
    %cmp/e;
    %flag_get/vec4 4;
    %and;
T_108.5;
    %flag_set/vec4 8;
    %jmp/0xz  T_108.3, 8;
    %load/vec4 v0x5763fba4be60_0;
    %assign/vec4 v0x5763fba4aaf0_0, 0;
T_108.3 ;
T_108.1 ;
    %jmp T_108;
    .thread T_108;
    .scope S_0x5763fbb04230;
T_109 ;
    %wait E_0x5763fbb65ff0;
    %load/vec4 v0x5763fbaeded0_0;
    %cmpi/e 1, 0, 1;
    %flag_get/vec4 4;
    %jmp/0 T_109.2, 4;
    %load/vec4 v0x5763fbaf2c90_0;
    %pushi/vec4 1, 0, 1;
    %cmp/e;
    %flag_get/vec4 4;
    %and;
T_109.2;
    %flag_set/vec4 8;
    %jmp/0xz  T_109.0, 8;
    %pushi/vec4 0, 0, 1;
    %assign/vec4 v0x5763fbaf4000_0, 0;
    %jmp T_109.1;
T_109.0 ;
    %load/vec4 v0x5763fbaeded0_0;
    %cmpi/e 1, 0, 1;
    %flag_get/vec4 4;
    %jmp/0 T_109.6, 4;
    %load/vec4 v0x5763fbaf5410_0;
    %pushi/vec4 1, 0, 1;
    %cmp/e;
    %flag_get/vec4 4;
    %and;
T_109.6;
    %flag_set/vec4 9;
    %flag_get/vec4 9;
    %jmp/0 T_109.5, 9;
    %load/vec4 v0x5763fbaf40c0_0;
    %pushi/vec4 1, 0, 1;
    %cmp/e;
    %flag_get/vec4 4;
    %and;
T_109.5;
    %flag_set/vec4 8;
    %jmp/0xz  T_109.3, 8;
    %load/vec4 v0x5763fbaf5370_0;
    %assign/vec4 v0x5763fbaf4000_0, 0;
T_109.3 ;
T_109.1 ;
    %jmp T_109;
    .thread T_109;
    .scope S_0x5763fbb06910;
T_110 ;
    %wait E_0x5763fbb65ff0;
    %load/vec4 v0x5763fbaf0660_0;
    %cmpi/e 1, 0, 1;
    %flag_get/vec4 4;
    %jmp/0 T_110.2, 4;
    %load/vec4 v0x5763fbaeb5d0_0;
    %pushi/vec4 1, 0, 1;
    %cmp/e;
    %flag_get/vec4 4;
    %and;
T_110.2;
    %flag_set/vec4 8;
    %jmp/0xz  T_110.0, 8;
    %pushi/vec4 0, 0, 1;
    %assign/vec4 v0x5763fbae4130_0, 0;
    %jmp T_110.1;
T_110.0 ;
    %load/vec4 v0x5763fbaf0660_0;
    %cmpi/e 1, 0, 1;
    %flag_get/vec4 4;
    %jmp/0 T_110.6, 4;
    %load/vec4 v0x5763fbae4090_0;
    %pushi/vec4 1, 0, 1;
    %cmp/e;
    %flag_get/vec4 4;
    %and;
T_110.6;
    %flag_set/vec4 9;
    %flag_get/vec4 9;
    %jmp/0 T_110.5, 9;
    %load/vec4 v0x5763fbaeb530_0;
    %pushi/vec4 1, 0, 1;
    %cmp/e;
    %flag_get/vec4 4;
    %and;
T_110.5;
    %flag_set/vec4 8;
    %jmp/0xz  T_110.3, 8;
    %load/vec4 v0x5763fbae54a0_0;
    %assign/vec4 v0x5763fbae4130_0, 0;
T_110.3 ;
T_110.1 ;
    %jmp T_110;
    .thread T_110;
    .scope S_0x5763fbae8e50;
T_111 ;
    %wait E_0x5763fbb65ff0;
    %load/vec4 v0x5763fbadc930_0;
    %cmpi/e 1, 0, 1;
    %flag_get/vec4 4;
    %jmp/0 T_111.2, 4;
    %load/vec4 v0x5763fbad78b0_0;
    %pushi/vec4 1, 0, 1;
    %cmp/e;
    %flag_get/vec4 4;
    %and;
T_111.2;
    %flag_set/vec4 8;
    %jmp/0xz  T_111.0, 8;
    %pushi/vec4 0, 0, 1;
    %assign/vec4 v0x5763fbad0410_0, 0;
    %jmp T_111.1;
T_111.0 ;
    %load/vec4 v0x5763fbadc930_0;
    %cmpi/e 1, 0, 1;
    %flag_get/vec4 4;
    %jmp/0 T_111.6, 4;
    %load/vec4 v0x5763fbad1820_0;
    %pushi/vec4 1, 0, 1;
    %cmp/e;
    %flag_get/vec4 4;
    %and;
T_111.6;
    %flag_set/vec4 9;
    %flag_get/vec4 9;
    %jmp/0 T_111.5, 9;
    %load/vec4 v0x5763fbad04d0_0;
    %pushi/vec4 1, 0, 1;
    %cmp/e;
    %flag_get/vec4 4;
    %and;
T_111.5;
    %flag_set/vec4 8;
    %jmp/0xz  T_111.3, 8;
    %load/vec4 v0x5763fbad1780_0;
    %assign/vec4 v0x5763fbad0410_0, 0;
T_111.3 ;
T_111.1 ;
    %jmp T_111;
    .thread T_111;
    .scope S_0x5763fbae0380;
T_112 ;
    %wait E_0x5763fbb65ff0;
    %load/vec4 v0x5763fbad5280_0;
    %cmpi/e 1, 0, 1;
    %flag_get/vec4 4;
    %jmp/0 T_112.2, 4;
    %load/vec4 v0x5763fbac79e0_0;
    %pushi/vec4 1, 0, 1;
    %cmp/e;
    %flag_get/vec4 4;
    %and;
T_112.2;
    %flag_set/vec4 8;
    %jmp/0xz  T_112.0, 8;
    %pushi/vec4 0, 0, 1;
    %assign/vec4 v0x5763fbad2b90_0, 0;
    %jmp T_112.1;
T_112.0 ;
    %load/vec4 v0x5763fbad5280_0;
    %cmpi/e 1, 0, 1;
    %flag_get/vec4 4;
    %jmp/0 T_112.6, 4;
    %load/vec4 v0x5763fbad2af0_0;
    %pushi/vec4 1, 0, 1;
    %cmp/e;
    %flag_get/vec4 4;
    %and;
T_112.6;
    %flag_set/vec4 9;
    %flag_get/vec4 9;
    %jmp/0 T_112.5, 9;
    %load/vec4 v0x5763fbac7940_0;
    %pushi/vec4 1, 0, 1;
    %cmp/e;
    %flag_get/vec4 4;
    %and;
T_112.5;
    %flag_set/vec4 8;
    %jmp/0xz  T_112.3, 8;
    %load/vec4 v0x5763fbad3f00_0;
    %assign/vec4 v0x5763fbad2b90_0, 0;
T_112.3 ;
T_112.1 ;
    %jmp T_112;
    .thread T_112;
    .scope S_0x5763fbadb5c0;
T_113 ;
    %wait E_0x5763fbb65ff0;
    %load/vec4 v0x5763fbabc790_0;
    %cmpi/e 1, 0, 1;
    %flag_get/vec4 4;
    %jmp/0 T_113.2, 4;
    %load/vec4 v0x5763fbac15f0_0;
    %pushi/vec4 1, 0, 1;
    %cmp/e;
    %flag_get/vec4 4;
    %and;
T_113.2;
    %flag_set/vec4 8;
    %jmp/0xz  T_113.0, 8;
    %pushi/vec4 0, 0, 1;
    %assign/vec4 v0x5763fbac28c0_0, 0;
    %jmp T_113.1;
T_113.0 ;
    %load/vec4 v0x5763fbabc790_0;
    %cmpi/e 1, 0, 1;
    %flag_get/vec4 4;
    %jmp/0 T_113.6, 4;
    %load/vec4 v0x5763fbac3cd0_0;
    %pushi/vec4 1, 0, 1;
    %cmp/e;
    %flag_get/vec4 4;
    %and;
T_113.6;
    %flag_set/vec4 9;
    %flag_get/vec4 9;
    %jmp/0 T_113.5, 9;
    %load/vec4 v0x5763fbac1550_0;
    %pushi/vec4 1, 0, 1;
    %cmp/e;
    %flag_get/vec4 4;
    %and;
T_113.5;
    %flag_set/vec4 8;
    %jmp/0xz  T_113.3, 8;
    %load/vec4 v0x5763fbac3c30_0;
    %assign/vec4 v0x5763fbac28c0_0, 0;
T_113.3 ;
T_113.1 ;
    %jmp T_113;
    .thread T_113;
    .scope S_0x5763fbae7ae0;
T_114 ;
    %wait E_0x5763fbb65ff0;
    %load/vec4 v0x5763fbab3cc0_0;
    %cmpi/e 1, 0, 1;
    %flag_get/vec4 4;
    %jmp/0 T_114.2, 4;
    %load/vec4 v0x5763fbab8a80_0;
    %pushi/vec4 1, 0, 1;
    %cmp/e;
    %flag_get/vec4 4;
    %and;
T_114.2;
    %flag_set/vec4 8;
    %jmp/0xz  T_114.0, 8;
    %pushi/vec4 0, 0, 1;
    %assign/vec4 v0x5763fbab9df0_0, 0;
    %jmp T_114.1;
T_114.0 ;
    %load/vec4 v0x5763fbab3cc0_0;
    %cmpi/e 1, 0, 1;
    %flag_get/vec4 4;
    %jmp/0 T_114.6, 4;
    %load/vec4 v0x5763fbab29f0_0;
    %pushi/vec4 1, 0, 1;
    %cmp/e;
    %flag_get/vec4 4;
    %and;
T_114.6;
    %flag_set/vec4 9;
    %flag_get/vec4 9;
    %jmp/0 T_114.5, 9;
    %load/vec4 v0x5763fbab9e90_0;
    %pushi/vec4 1, 0, 1;
    %cmp/e;
    %flag_get/vec4 4;
    %and;
T_114.5;
    %flag_set/vec4 8;
    %jmp/0xz  T_114.3, 8;
    %load/vec4 v0x5763fbab2950_0;
    %assign/vec4 v0x5763fbab9df0_0, 0;
T_114.3 ;
T_114.1 ;
    %jmp T_114;
    .thread T_114;
    .scope S_0x5763fbaad8d0;
T_115 ;
    %wait E_0x5763fbb65ff0;
    %load/vec4 v0x5763fbaac650_0;
    %cmpi/e 1, 0, 1;
    %flag_get/vec4 4;
    %jmp/0 T_115.2, 4;
    %load/vec4 v0x5763fbaa6170_0;
    %pushi/vec4 1, 0, 1;
    %cmp/e;
    %flag_get/vec4 4;
    %and;
T_115.2;
    %flag_set/vec4 8;
    %jmp/0xz  T_115.0, 8;
    %pushi/vec4 0, 0, 1;
    %assign/vec4 v0x5763fba9ecd0_0, 0;
    %jmp T_115.1;
T_115.0 ;
    %load/vec4 v0x5763fbaac650_0;
    %cmpi/e 1, 0, 1;
    %flag_get/vec4 4;
    %jmp/0 T_115.6, 4;
    %load/vec4 v0x5763fbaa00e0_0;
    %pushi/vec4 1, 0, 1;
    %cmp/e;
    %flag_get/vec4 4;
    %and;
T_115.6;
    %flag_set/vec4 9;
    %flag_get/vec4 9;
    %jmp/0 T_115.5, 9;
    %load/vec4 v0x5763fba9edc0_0;
    %pushi/vec4 1, 0, 1;
    %cmp/e;
    %flag_get/vec4 4;
    %and;
T_115.5;
    %flag_set/vec4 8;
    %jmp/0xz  T_115.3, 8;
    %load/vec4 v0x5763fbaa0040_0;
    %assign/vec4 v0x5763fba9ecd0_0, 0;
T_115.3 ;
T_115.1 ;
    %jmp T_115;
    .thread T_115;
    .scope S_0x5763fbaaffb0;
T_116 ;
    %wait E_0x5763fbb65ff0;
    %load/vec4 v0x5763fbaa2720_0;
    %cmpi/e 1, 0, 1;
    %flag_get/vec4 4;
    %jmp/0 T_116.2, 4;
    %load/vec4 v0x5763fba94e90_0;
    %pushi/vec4 1, 0, 1;
    %cmp/e;
    %flag_get/vec4 4;
    %and;
T_116.2;
    %flag_set/vec4 8;
    %jmp/0xz  T_116.0, 8;
    %pushi/vec4 0, 0, 1;
    %assign/vec4 v0x5763fba96200_0, 0;
    %jmp T_116.1;
T_116.0 ;
    %load/vec4 v0x5763fbaa2720_0;
    %cmpi/e 1, 0, 1;
    %flag_get/vec4 4;
    %jmp/0 T_116.6, 4;
    %load/vec4 v0x5763fbaa1450_0;
    %pushi/vec4 1, 0, 1;
    %cmp/e;
    %flag_get/vec4 4;
    %and;
T_116.6;
    %flag_set/vec4 9;
    %flag_get/vec4 9;
    %jmp/0 T_116.5, 9;
    %load/vec4 v0x5763fba962c0_0;
    %pushi/vec4 1, 0, 1;
    %cmp/e;
    %flag_get/vec4 4;
    %and;
T_116.5;
    %flag_set/vec4 8;
    %jmp/0xz  T_116.3, 8;
    %load/vec4 v0x5763fbaa13b0_0;
    %assign/vec4 v0x5763fba96200_0, 0;
T_116.3 ;
T_116.1 ;
    %jmp T_116;
    .thread T_116;
    .scope S_0x5763fbaa9e80;
T_117 ;
    %wait E_0x5763fbb65ff0;
    %load/vec4 v0x5763fba9b070_0;
    %cmpi/e 1, 0, 1;
    %flag_get/vec4 4;
    %jmp/0 T_117.2, 4;
    %load/vec4 v0x5763fba97610_0;
    %pushi/vec4 1, 0, 1;
    %cmp/e;
    %flag_get/vec4 4;
    %and;
T_117.2;
    %flag_set/vec4 8;
    %jmp/0xz  T_117.0, 8;
    %pushi/vec4 0, 0, 1;
    %assign/vec4 v0x5763fba98980_0, 0;
    %jmp T_117.1;
T_117.0 ;
    %load/vec4 v0x5763fba9b070_0;
    %cmpi/e 1, 0, 1;
    %flag_get/vec4 4;
    %jmp/0 T_117.6, 4;
    %load/vec4 v0x5763fba988e0_0;
    %pushi/vec4 1, 0, 1;
    %cmp/e;
    %flag_get/vec4 4;
    %and;
T_117.6;
    %flag_set/vec4 9;
    %flag_get/vec4 9;
    %jmp/0 T_117.5, 9;
    %load/vec4 v0x5763fba97570_0;
    %pushi/vec4 1, 0, 1;
    %cmp/e;
    %flag_get/vec4 4;
    %and;
T_117.5;
    %flag_set/vec4 8;
    %jmp/0xz  T_117.3, 8;
    %load/vec4 v0x5763fba99cf0_0;
    %assign/vec4 v0x5763fba98980_0, 0;
T_117.3 ;
T_117.1 ;
    %jmp T_117;
    .thread T_117;
    .scope S_0x5763fbab63a0;
T_118 ;
    %wait E_0x5763fbb65ff0;
    %load/vec4 v0x5763fba432f0_0;
    %cmpi/e 1, 0, 1;
    %flag_get/vec4 4;
    %jmp/0 T_118.2, 4;
    %load/vec4 v0x5763fba3f8a0_0;
    %pushi/vec4 1, 0, 1;
    %cmp/e;
    %flag_get/vec4 4;
    %and;
T_118.2;
    %flag_set/vec4 8;
    %jmp/0xz  T_118.0, 8;
    %pushi/vec4 0, 0, 1;
    %assign/vec4 v0x5763fba40c10_0, 0;
    %jmp T_118.1;
T_118.0 ;
    %load/vec4 v0x5763fba432f0_0;
    %cmpi/e 1, 0, 1;
    %flag_get/vec4 4;
    %jmp/0 T_118.6, 4;
    %load/vec4 v0x5763fba42020_0;
    %pushi/vec4 1, 0, 1;
    %cmp/e;
    %flag_get/vec4 4;
    %and;
T_118.6;
    %flag_set/vec4 9;
    %flag_get/vec4 9;
    %jmp/0 T_118.5, 9;
    %load/vec4 v0x5763fba40cd0_0;
    %pushi/vec4 1, 0, 1;
    %cmp/e;
    %flag_get/vec4 4;
    %and;
T_118.5;
    %flag_set/vec4 8;
    %jmp/0xz  T_118.3, 8;
    %load/vec4 v0x5763fba41f80_0;
    %assign/vec4 v0x5763fba40c10_0, 0;
T_118.3 ;
T_118.1 ;
    %jmp T_118;
    .thread T_118;
    .scope S_0x5763fba37fc0;
T_119 ;
    %wait E_0x5763fbb65ff0;
    %load/vec4 v0x5763fb897ed0_0;
    %cmpi/e 1, 0, 1;
    %flag_get/vec4 4;
    %jmp/0 T_119.2, 4;
    %load/vec4 v0x5763fbb4ac00_0;
    %pushi/vec4 1, 0, 1;
    %cmp/e;
    %flag_get/vec4 4;
    %and;
T_119.2;
    %flag_set/vec4 8;
    %jmp/0xz  T_119.0, 8;
    %pushi/vec4 0, 0, 1;
    %assign/vec4 v0x5763fbb3d370_0, 0;
    %jmp T_119.1;
T_119.0 ;
    %load/vec4 v0x5763fb897ed0_0;
    %cmpi/e 1, 0, 1;
    %flag_get/vec4 4;
    %jmp/0 T_119.6, 4;
    %load/vec4 v0x5763fbb3d2d0_0;
    %pushi/vec4 1, 0, 1;
    %cmp/e;
    %flag_get/vec4 4;
    %and;
T_119.6;
    %flag_set/vec4 9;
    %flag_get/vec4 9;
    %jmp/0 T_119.5, 9;
    %load/vec4 v0x5763fbb4ab60_0;
    %pushi/vec4 1, 0, 1;
    %cmp/e;
    %flag_get/vec4 4;
    %and;
T_119.5;
    %flag_set/vec4 8;
    %jmp/0xz  T_119.3, 8;
    %load/vec4 v0x5763fbb40de0_0;
    %assign/vec4 v0x5763fbb3d370_0, 0;
T_119.3 ;
T_119.1 ;
    %jmp T_119;
    .thread T_119;
    .scope S_0x5763fbb549a0;
T_120 ;
    %wait E_0x5763fbb65ff0;
    %load/vec4 v0x5763fbb47250_0;
    %cmpi/e 1, 0, 1;
    %flag_get/vec4 4;
    %jmp/0 T_120.2, 4;
    %load/vec4 v0x5763fba4fd70_0;
    %pushi/vec4 1, 0, 1;
    %cmp/e;
    %flag_get/vec4 4;
    %and;
T_120.2;
    %flag_set/vec4 8;
    %jmp/0xz  T_120.0, 8;
    %pushi/vec4 0, 0, 1;
    %assign/vec4 v0x5763fba537c0_0, 0;
    %jmp T_120.1;
T_120.0 ;
    %load/vec4 v0x5763fbb47250_0;
    %cmpi/e 1, 0, 1;
    %flag_get/vec4 4;
    %jmp/0 T_120.6, 4;
    %load/vec4 v0x5763fba53720_0;
    %pushi/vec4 1, 0, 1;
    %cmp/e;
    %flag_get/vec4 4;
    %and;
T_120.6;
    %flag_set/vec4 9;
    %flag_get/vec4 9;
    %jmp/0 T_120.5, 9;
    %load/vec4 v0x5763fba4fcd0_0;
    %pushi/vec4 1, 0, 1;
    %cmp/e;
    %flag_get/vec4 4;
    %and;
T_120.5;
    %flag_set/vec4 8;
    %jmp/0xz  T_120.3, 8;
    %load/vec4 v0x5763fbb51010_0;
    %assign/vec4 v0x5763fba537c0_0, 0;
T_120.3 ;
T_120.1 ;
    %jmp T_120;
    .thread T_120;
    .scope S_0x5763fba6d790;
T_121 ;
    %wait E_0x5763fbb65ff0;
    %load/vec4 v0x5763fba7b0d0_0;
    %cmpi/e 1, 0, 1;
    %flag_get/vec4 4;
    %jmp/0 T_121.2, 4;
    %load/vec4 v0x5763fba814b0_0;
    %pushi/vec4 1, 0, 1;
    %cmp/e;
    %flag_get/vec4 4;
    %and;
T_121.2;
    %flag_set/vec4 8;
    %jmp/0xz  T_121.0, 8;
    %pushi/vec4 0, 0, 1;
    %assign/vec4 v0x5763fba84f00_0, 0;
    %jmp T_121.1;
T_121.0 ;
    %load/vec4 v0x5763fba7b0d0_0;
    %cmpi/e 1, 0, 1;
    %flag_get/vec4 4;
    %jmp/0 T_121.6, 4;
    %load/vec4 v0x5763fba84e60_0;
    %pushi/vec4 1, 0, 1;
    %cmp/e;
    %flag_get/vec4 4;
    %and;
T_121.6;
    %flag_set/vec4 9;
    %flag_get/vec4 9;
    %jmp/0 T_121.5, 9;
    %load/vec4 v0x5763fba81410_0;
    %pushi/vec4 1, 0, 1;
    %cmp/e;
    %flag_get/vec4 4;
    %and;
T_121.5;
    %flag_set/vec4 8;
    %jmp/0xz  T_121.3, 8;
    %load/vec4 v0x5763fba77690_0;
    %assign/vec4 v0x5763fba84f00_0, 0;
T_121.3 ;
T_121.1 ;
    %jmp T_121;
    .thread T_121;
    .scope S_0x5763fbb33490;
T_122 ;
    %wait E_0x5763fbb65ff0;
    %load/vec4 v0x5763fba8b370_0;
    %cmpi/e 1, 0, 1;
    %flag_get/vec4 4;
    %jmp/0 T_122.2, 4;
    %load/vec4 v0x5763fbb2d140_0;
    %pushi/vec4 1, 0, 1;
    %cmp/e;
    %flag_get/vec4 4;
    %and;
T_122.2;
    %flag_set/vec4 8;
    %jmp/0xz  T_122.0, 8;
    %pushi/vec4 0, 0, 1;
    %assign/vec4 v0x5763fbb296f0_0, 0;
    %jmp T_122.1;
T_122.0 ;
    %load/vec4 v0x5763fba8b370_0;
    %cmpi/e 1, 0, 1;
    %flag_get/vec4 4;
    %jmp/0 T_122.6, 4;
    %load/vec4 v0x5763fbb29650_0;
    %pushi/vec4 1, 0, 1;
    %cmp/e;
    %flag_get/vec4 4;
    %and;
T_122.6;
    %flag_set/vec4 9;
    %flag_get/vec4 9;
    %jmp/0 T_122.5, 9;
    %load/vec4 v0x5763fbb2d0a0_0;
    %pushi/vec4 1, 0, 1;
    %cmp/e;
    %flag_get/vec4 4;
    %and;
T_122.5;
    %flag_set/vec4 8;
    %jmp/0xz  T_122.3, 8;
    %load/vec4 v0x5763fbb36fa0_0;
    %assign/vec4 v0x5763fbb296f0_0, 0;
T_122.3 ;
T_122.1 ;
    %jmp T_122;
    .thread T_122;
    .scope S_0x5763fbb23260;
T_123 ;
    %wait E_0x5763fbb65ff0;
    %load/vec4 v0x5763fbb15a80_0;
    %cmpi/e 1, 0, 1;
    %flag_get/vec4 4;
    %jmp/0 T_123.2, 4;
    %load/vec4 v0x5763fbb0f680_0;
    %pushi/vec4 1, 0, 1;
    %cmp/e;
    %flag_get/vec4 4;
    %and;
T_123.2;
    %flag_set/vec4 8;
    %jmp/0xz  T_123.0, 8;
    %pushi/vec4 0, 0, 1;
    %assign/vec4 v0x5763fbb0bc80_0, 0;
    %jmp T_123.1;
T_123.0 ;
    %load/vec4 v0x5763fbb15a80_0;
    %cmpi/e 1, 0, 1;
    %flag_get/vec4 4;
    %jmp/0 T_123.6, 4;
    %load/vec4 v0x5763fbb0bb90_0;
    %pushi/vec4 1, 0, 1;
    %cmp/e;
    %flag_get/vec4 4;
    %and;
T_123.6;
    %flag_set/vec4 9;
    %flag_get/vec4 9;
    %jmp/0 T_123.5, 9;
    %load/vec4 v0x5763fbb0f5e0_0;
    %pushi/vec4 1, 0, 1;
    %cmp/e;
    %flag_get/vec4 4;
    %and;
T_123.5;
    %flag_set/vec4 8;
    %jmp/0xz  T_123.3, 8;
    %load/vec4 v0x5763fbb194e0_0;
    %assign/vec4 v0x5763fbb0bc80_0, 0;
T_123.3 ;
T_123.1 ;
    %jmp T_123;
    .thread T_123;
    .scope S_0x5763fbb057a0;
T_124 ;
    %wait E_0x5763fbb65ff0;
    %load/vec4 v0x5763fbaf7fc0_0;
    %cmpi/e 1, 0, 1;
    %flag_get/vec4 4;
    %jmp/0 T_124.2, 4;
    %load/vec4 v0x5763fba49980_0;
    %pushi/vec4 1, 0, 1;
    %cmp/e;
    %flag_get/vec4 4;
    %and;
T_124.2;
    %flag_set/vec4 8;
    %jmp/0xz  T_124.0, 8;
    %pushi/vec4 0, 0, 1;
    %assign/vec4 v0x5763fba45f30_0, 0;
    %jmp T_124.1;
T_124.0 ;
    %load/vec4 v0x5763fbaf7fc0_0;
    %cmpi/e 1, 0, 1;
    %flag_get/vec4 4;
    %jmp/0 T_124.6, 4;
    %load/vec4 v0x5763fba45e90_0;
    %pushi/vec4 1, 0, 1;
    %cmp/e;
    %flag_get/vec4 4;
    %and;
T_124.6;
    %flag_set/vec4 9;
    %flag_get/vec4 9;
    %jmp/0 T_124.5, 9;
    %load/vec4 v0x5763fba498e0_0;
    %pushi/vec4 1, 0, 1;
    %cmp/e;
    %flag_get/vec4 4;
    %and;
T_124.5;
    %flag_set/vec4 8;
    %jmp/0xz  T_124.3, 8;
    %load/vec4 v0x5763fbafba20_0;
    %assign/vec4 v0x5763fba45f30_0, 0;
T_124.3 ;
T_124.1 ;
    %jmp T_124;
    .thread T_124;
    .scope S_0x5763fbae4290;
T_125 ;
    %wait E_0x5763fbb65ff0;
    %load/vec4 v0x5763fbaf1c40_0;
    %cmpi/e 1, 0, 1;
    %flag_get/vec4 4;
    %jmp/0 T_125.2, 4;
    %load/vec4 v0x5763fbaddea0_0;
    %pushi/vec4 1, 0, 1;
    %cmp/e;
    %flag_get/vec4 4;
    %and;
T_125.2;
    %flag_set/vec4 8;
    %jmp/0xz  T_125.0, 8;
    %pushi/vec4 0, 0, 1;
    %assign/vec4 v0x5763fbada4f0_0, 0;
    %jmp T_125.1;
T_125.0 ;
    %load/vec4 v0x5763fbaf1c40_0;
    %cmpi/e 1, 0, 1;
    %flag_get/vec4 4;
    %jmp/0 T_125.6, 4;
    %load/vec4 v0x5763fbada450_0;
    %pushi/vec4 1, 0, 1;
    %cmp/e;
    %flag_get/vec4 4;
    %and;
T_125.6;
    %flag_set/vec4 9;
    %flag_get/vec4 9;
    %jmp/0 T_125.5, 9;
    %load/vec4 v0x5763fbada590_0;
    %pushi/vec4 1, 0, 1;
    %cmp/e;
    %flag_get/vec4 4;
    %and;
T_125.5;
    %flag_set/vec4 8;
    %jmp/0xz  T_125.3, 8;
    %load/vec4 v0x5763fbae7da0_0;
    %assign/vec4 v0x5763fbada4f0_0, 0;
T_125.3 ;
T_125.1 ;
    %jmp T_125;
    .thread T_125;
    .scope S_0x5763fbac67d0;
T_126 ;
    %wait E_0x5763fbb65ff0;
    %load/vec4 v0x5763fbad4180_0;
    %cmpi/e 1, 0, 1;
    %flag_get/vec4 4;
    %jmp/0 T_126.2, 4;
    %load/vec4 v0x5763fbac0480_0;
    %pushi/vec4 1, 0, 1;
    %cmp/e;
    %flag_get/vec4 4;
    %and;
T_126.2;
    %flag_set/vec4 8;
    %jmp/0xz  T_126.0, 8;
    %pushi/vec4 0, 0, 1;
    %assign/vec4 v0x5763fbabca30_0, 0;
    %jmp T_126.1;
T_126.0 ;
    %load/vec4 v0x5763fbad4180_0;
    %cmpi/e 1, 0, 1;
    %flag_get/vec4 4;
    %jmp/0 T_126.6, 4;
    %load/vec4 v0x5763fbabc990_0;
    %pushi/vec4 1, 0, 1;
    %cmp/e;
    %flag_get/vec4 4;
    %and;
T_126.6;
    %flag_set/vec4 9;
    %flag_get/vec4 9;
    %jmp/0 T_126.5, 9;
    %load/vec4 v0x5763fbac03e0_0;
    %pushi/vec4 1, 0, 1;
    %cmp/e;
    %flag_get/vec4 4;
    %and;
T_126.5;
    %flag_set/vec4 8;
    %jmp/0xz  T_126.3, 8;
    %load/vec4 v0x5763fbaca2e0_0;
    %assign/vec4 v0x5763fbabca30_0, 0;
T_126.3 ;
T_126.1 ;
    %jmp T_126;
    .thread T_126;
    .scope S_0x5763fbaa8d10;
T_127 ;
    %wait E_0x5763fbb65ff0;
    %load/vec4 v0x5763fbaac760_0;
    %cmpi/e 1, 0, 1;
    %flag_get/vec4 4;
    %jmp/0 T_127.2, 4;
    %load/vec4 v0x5763fbaa29c0_0;
    %pushi/vec4 1, 0, 1;
    %cmp/e;
    %flag_get/vec4 4;
    %and;
T_127.2;
    %flag_set/vec4 8;
    %jmp/0xz  T_127.0, 8;
    %pushi/vec4 0, 0, 1;
    %assign/vec4 v0x5763fba9f010_0, 0;
    %jmp T_127.1;
T_127.0 ;
    %load/vec4 v0x5763fbaac760_0;
    %cmpi/e 1, 0, 1;
    %flag_get/vec4 4;
    %jmp/0 T_127.6, 4;
    %load/vec4 v0x5763fba9ef70_0;
    %pushi/vec4 1, 0, 1;
    %cmp/e;
    %flag_get/vec4 4;
    %and;
T_127.6;
    %flag_set/vec4 9;
    %flag_get/vec4 9;
    %jmp/0 T_127.5, 9;
    %load/vec4 v0x5763fbaa2920_0;
    %pushi/vec4 1, 0, 1;
    %cmp/e;
    %flag_get/vec4 4;
    %and;
T_127.5;
    %flag_set/vec4 8;
    %jmp/0xz  T_127.3, 8;
    %load/vec4 v0x5763fba9eed0_0;
    %assign/vec4 v0x5763fba9f010_0, 0;
T_127.3 ;
T_127.1 ;
    %jmp T_127;
    .thread T_127;
    .scope S_0x5763fba3c050;
T_128 ;
    %wait E_0x5763fbb65ff0;
    %load/vec4 v0x5763fba3faa0_0;
    %cmpi/e 1, 0, 1;
    %flag_get/vec4 4;
    %jmp/0 T_128.2, 4;
    %load/vec4 v0x5763fba35b80_0;
    %pushi/vec4 1, 0, 1;
    %cmp/e;
    %flag_get/vec4 4;
    %and;
T_128.2;
    %flag_set/vec4 8;
    %jmp/0xz  T_128.0, 8;
    %pushi/vec4 0, 0, 1;
    %assign/vec4 v0x5763fba321d0_0, 0;
    %jmp T_128.1;
T_128.0 ;
    %load/vec4 v0x5763fba3faa0_0;
    %cmpi/e 1, 0, 1;
    %flag_get/vec4 4;
    %jmp/0 T_128.6, 4;
    %load/vec4 v0x5763fba32130_0;
    %pushi/vec4 1, 0, 1;
    %cmp/e;
    %flag_get/vec4 4;
    %and;
T_128.6;
    %flag_set/vec4 9;
    %flag_get/vec4 9;
    %jmp/0 T_128.5, 9;
    %load/vec4 v0x5763fba35ae0_0;
    %pushi/vec4 1, 0, 1;
    %cmp/e;
    %flag_get/vec4 4;
    %and;
T_128.5;
    %flag_set/vec4 8;
    %jmp/0xz  T_128.3, 8;
    %load/vec4 v0x5763fba32090_0;
    %assign/vec4 v0x5763fba321d0_0, 0;
T_128.3 ;
T_128.1 ;
    %jmp T_128;
    .thread T_128;
    .scope S_0x5763fbb76bb0;
T_129 ;
    %wait E_0x5763fbb65ff0;
    %load/vec4 v0x5763fbb76e80_0;
    %cmpi/e 1, 0, 1;
    %flag_get/vec4 4;
    %jmp/0 T_129.2, 4;
    %load/vec4 v0x5763fbb772f0_0;
    %pushi/vec4 1, 0, 1;
    %cmp/e;
    %flag_get/vec4 4;
    %and;
T_129.2;
    %flag_set/vec4 8;
    %jmp/0xz  T_129.0, 8;
    %pushi/vec4 0, 0, 1;
    %assign/vec4 v0x5763fbb77140_0, 0;
    %jmp T_129.1;
T_129.0 ;
    %load/vec4 v0x5763fbb76e80_0;
    %cmpi/e 1, 0, 1;
    %flag_get/vec4 4;
    %jmp/0 T_129.6, 4;
    %load/vec4 v0x5763fbb770a0_0;
    %pushi/vec4 1, 0, 1;
    %cmp/e;
    %flag_get/vec4 4;
    %and;
T_129.6;
    %flag_set/vec4 9;
    %flag_get/vec4 9;
    %jmp/0 T_129.5, 9;
    %load/vec4 v0x5763fbb77250_0;
    %pushi/vec4 1, 0, 1;
    %cmp/e;
    %flag_get/vec4 4;
    %and;
T_129.5;
    %flag_set/vec4 8;
    %jmp/0xz  T_129.3, 8;
    %load/vec4 v0x5763fbb77000_0;
    %assign/vec4 v0x5763fbb77140_0, 0;
T_129.3 ;
T_129.1 ;
    %jmp T_129;
    .thread T_129;
    .scope S_0x5763fbb77790;
T_130 ;
    %wait E_0x5763fbb65ff0;
    %load/vec4 v0x5763fbb77a20_0;
    %cmpi/e 1, 0, 1;
    %flag_get/vec4 4;
    %jmp/0 T_130.2, 4;
    %load/vec4 v0x5763fbb77e70_0;
    %pushi/vec4 1, 0, 1;
    %cmp/e;
    %flag_get/vec4 4;
    %and;
T_130.2;
    %flag_set/vec4 8;
    %jmp/0xz  T_130.0, 8;
    %pushi/vec4 0, 0, 1;
    %assign/vec4 v0x5763fbb77ce0_0, 0;
    %jmp T_130.1;
T_130.0 ;
    %load/vec4 v0x5763fbb77a20_0;
    %cmpi/e 1, 0, 1;
    %flag_get/vec4 4;
    %jmp/0 T_130.6, 4;
    %load/vec4 v0x5763fbb77c40_0;
    %pushi/vec4 1, 0, 1;
    %cmp/e;
    %flag_get/vec4 4;
    %and;
T_130.6;
    %flag_set/vec4 9;
    %flag_get/vec4 9;
    %jmp/0 T_130.5, 9;
    %load/vec4 v0x5763fbb77dd0_0;
    %pushi/vec4 1, 0, 1;
    %cmp/e;
    %flag_get/vec4 4;
    %and;
T_130.5;
    %flag_set/vec4 8;
    %jmp/0xz  T_130.3, 8;
    %load/vec4 v0x5763fbb77ba0_0;
    %assign/vec4 v0x5763fbb77ce0_0, 0;
T_130.3 ;
T_130.1 ;
    %jmp T_130;
    .thread T_130;
    .scope S_0x5763fbb782d0;
T_131 ;
    %wait E_0x5763fbb65ff0;
    %load/vec4 v0x5763fbb78560_0;
    %cmpi/e 1, 0, 1;
    %flag_get/vec4 4;
    %jmp/0 T_131.2, 4;
    %load/vec4 v0x5763fbb78a00_0;
    %pushi/vec4 1, 0, 1;
    %cmp/e;
    %flag_get/vec4 4;
    %and;
T_131.2;
    %flag_set/vec4 8;
    %jmp/0xz  T_131.0, 8;
    %pushi/vec4 0, 0, 1;
    %assign/vec4 v0x5763fbb78870_0, 0;
    %jmp T_131.1;
T_131.0 ;
    %load/vec4 v0x5763fbb78560_0;
    %cmpi/e 1, 0, 1;
    %flag_get/vec4 4;
    %jmp/0 T_131.6, 4;
    %load/vec4 v0x5763fbb78780_0;
    %pushi/vec4 1, 0, 1;
    %cmp/e;
    %flag_get/vec4 4;
    %and;
T_131.6;
    %flag_set/vec4 9;
    %flag_get/vec4 9;
    %jmp/0 T_131.5, 9;
    %load/vec4 v0x5763fbb78960_0;
    %pushi/vec4 1, 0, 1;
    %cmp/e;
    %flag_get/vec4 4;
    %and;
T_131.5;
    %flag_set/vec4 8;
    %jmp/0xz  T_131.3, 8;
    %load/vec4 v0x5763fbb786e0_0;
    %assign/vec4 v0x5763fbb78870_0, 0;
T_131.3 ;
T_131.1 ;
    %jmp T_131;
    .thread T_131;
    .scope S_0x5763fbb78ea0;
T_132 ;
    %wait E_0x5763fbb65ff0;
    %load/vec4 v0x5763fbb79130_0;
    %cmpi/e 1, 0, 1;
    %flag_get/vec4 4;
    %jmp/0 T_132.2, 4;
    %load/vec4 v0x5763fbb79580_0;
    %pushi/vec4 1, 0, 1;
    %cmp/e;
    %flag_get/vec4 4;
    %and;
T_132.2;
    %flag_set/vec4 8;
    %jmp/0xz  T_132.0, 8;
    %pushi/vec4 0, 0, 1;
    %assign/vec4 v0x5763fbb793f0_0, 0;
    %jmp T_132.1;
T_132.0 ;
    %load/vec4 v0x5763fbb79130_0;
    %cmpi/e 1, 0, 1;
    %flag_get/vec4 4;
    %jmp/0 T_132.6, 4;
    %load/vec4 v0x5763fbb79350_0;
    %pushi/vec4 1, 0, 1;
    %cmp/e;
    %flag_get/vec4 4;
    %and;
T_132.6;
    %flag_set/vec4 9;
    %flag_get/vec4 9;
    %jmp/0 T_132.5, 9;
    %load/vec4 v0x5763fbb794e0_0;
    %pushi/vec4 1, 0, 1;
    %cmp/e;
    %flag_get/vec4 4;
    %and;
T_132.5;
    %flag_set/vec4 8;
    %jmp/0xz  T_132.3, 8;
    %load/vec4 v0x5763fbb792b0_0;
    %assign/vec4 v0x5763fbb793f0_0, 0;
T_132.3 ;
T_132.1 ;
    %jmp T_132;
    .thread T_132;
    .scope S_0x5763fbb79a70;
T_133 ;
    %wait E_0x5763fbb65ff0;
    %load/vec4 v0x5763fbb79d00_0;
    %cmpi/e 1, 0, 1;
    %flag_get/vec4 4;
    %jmp/0 T_133.2, 4;
    %load/vec4 v0x5763fbb7a100_0;
    %pushi/vec4 1, 0, 1;
    %cmp/e;
    %flag_get/vec4 4;
    %and;
T_133.2;
    %flag_set/vec4 8;
    %jmp/0xz  T_133.0, 8;
    %pushi/vec4 0, 0, 1;
    %assign/vec4 v0x5763fbb79fc0_0, 0;
    %jmp T_133.1;
T_133.0 ;
    %load/vec4 v0x5763fbb79d00_0;
    %cmpi/e 1, 0, 1;
    %flag_get/vec4 4;
    %jmp/0 T_133.6, 4;
    %load/vec4 v0x5763fbb79f20_0;
    %pushi/vec4 1, 0, 1;
    %cmp/e;
    %flag_get/vec4 4;
    %and;
T_133.6;
    %flag_set/vec4 9;
    %flag_get/vec4 9;
    %jmp/0 T_133.5, 9;
    %load/vec4 v0x5763fbb7a060_0;
    %pushi/vec4 1, 0, 1;
    %cmp/e;
    %flag_get/vec4 4;
    %and;
T_133.5;
    %flag_set/vec4 8;
    %jmp/0xz  T_133.3, 8;
    %load/vec4 v0x5763fbb79e80_0;
    %assign/vec4 v0x5763fbb79fc0_0, 0;
T_133.3 ;
T_133.1 ;
    %jmp T_133;
    .thread T_133;
    .scope S_0x5763fbb7a5a0;
T_134 ;
    %wait E_0x5763fbb65ff0;
    %load/vec4 v0x5763fbb7a830_0;
    %cmpi/e 1, 0, 1;
    %flag_get/vec4 4;
    %jmp/0 T_134.2, 4;
    %load/vec4 v0x5763fbb7ac80_0;
    %pushi/vec4 1, 0, 1;
    %cmp/e;
    %flag_get/vec4 4;
    %and;
T_134.2;
    %flag_set/vec4 8;
    %jmp/0xz  T_134.0, 8;
    %pushi/vec4 0, 0, 1;
    %assign/vec4 v0x5763fbb7aaf0_0, 0;
    %jmp T_134.1;
T_134.0 ;
    %load/vec4 v0x5763fbb7a830_0;
    %cmpi/e 1, 0, 1;
    %flag_get/vec4 4;
    %jmp/0 T_134.6, 4;
    %load/vec4 v0x5763fbb7aa50_0;
    %pushi/vec4 1, 0, 1;
    %cmp/e;
    %flag_get/vec4 4;
    %and;
T_134.6;
    %flag_set/vec4 9;
    %flag_get/vec4 9;
    %jmp/0 T_134.5, 9;
    %load/vec4 v0x5763fbb7abe0_0;
    %pushi/vec4 1, 0, 1;
    %cmp/e;
    %flag_get/vec4 4;
    %and;
T_134.5;
    %flag_set/vec4 8;
    %jmp/0xz  T_134.3, 8;
    %load/vec4 v0x5763fbb7a9b0_0;
    %assign/vec4 v0x5763fbb7aaf0_0, 0;
T_134.3 ;
T_134.1 ;
    %jmp T_134;
    .thread T_134;
    .scope S_0x5763fbb7b120;
T_135 ;
    %wait E_0x5763fbb65ff0;
    %load/vec4 v0x5763fbb7b3b0_0;
    %cmpi/e 1, 0, 1;
    %flag_get/vec4 4;
    %jmp/0 T_135.2, 4;
    %load/vec4 v0x5763fbb7b800_0;
    %pushi/vec4 1, 0, 1;
    %cmp/e;
    %flag_get/vec4 4;
    %and;
T_135.2;
    %flag_set/vec4 8;
    %jmp/0xz  T_135.0, 8;
    %pushi/vec4 0, 0, 1;
    %assign/vec4 v0x5763fbb7b670_0, 0;
    %jmp T_135.1;
T_135.0 ;
    %load/vec4 v0x5763fbb7b3b0_0;
    %cmpi/e 1, 0, 1;
    %flag_get/vec4 4;
    %jmp/0 T_135.6, 4;
    %load/vec4 v0x5763fbb7b5d0_0;
    %pushi/vec4 1, 0, 1;
    %cmp/e;
    %flag_get/vec4 4;
    %and;
T_135.6;
    %flag_set/vec4 9;
    %flag_get/vec4 9;
    %jmp/0 T_135.5, 9;
    %load/vec4 v0x5763fbb7b760_0;
    %pushi/vec4 1, 0, 1;
    %cmp/e;
    %flag_get/vec4 4;
    %and;
T_135.5;
    %flag_set/vec4 8;
    %jmp/0xz  T_135.3, 8;
    %load/vec4 v0x5763fbb7b530_0;
    %assign/vec4 v0x5763fbb7b670_0, 0;
T_135.3 ;
T_135.1 ;
    %jmp T_135;
    .thread T_135;
    .scope S_0x5763fbb7bca0;
T_136 ;
    %wait E_0x5763fbb65ff0;
    %load/vec4 v0x5763fbb7bf30_0;
    %cmpi/e 1, 0, 1;
    %flag_get/vec4 4;
    %jmp/0 T_136.2, 4;
    %load/vec4 v0x5763fbb7c380_0;
    %pushi/vec4 1, 0, 1;
    %cmp/e;
    %flag_get/vec4 4;
    %and;
T_136.2;
    %flag_set/vec4 8;
    %jmp/0xz  T_136.0, 8;
    %pushi/vec4 0, 0, 1;
    %assign/vec4 v0x5763fbb7c1f0_0, 0;
    %jmp T_136.1;
T_136.0 ;
    %load/vec4 v0x5763fbb7bf30_0;
    %cmpi/e 1, 0, 1;
    %flag_get/vec4 4;
    %jmp/0 T_136.6, 4;
    %load/vec4 v0x5763fbb7c150_0;
    %pushi/vec4 1, 0, 1;
    %cmp/e;
    %flag_get/vec4 4;
    %and;
T_136.6;
    %flag_set/vec4 9;
    %flag_get/vec4 9;
    %jmp/0 T_136.5, 9;
    %load/vec4 v0x5763fbb7c2e0_0;
    %pushi/vec4 1, 0, 1;
    %cmp/e;
    %flag_get/vec4 4;
    %and;
T_136.5;
    %flag_set/vec4 8;
    %jmp/0xz  T_136.3, 8;
    %load/vec4 v0x5763fbb7c0b0_0;
    %assign/vec4 v0x5763fbb7c1f0_0, 0;
T_136.3 ;
T_136.1 ;
    %jmp T_136;
    .thread T_136;
    .scope S_0x5763fbb7d1b0;
T_137 ;
    %wait E_0x5763fbb65ff0;
    %load/vec4 v0x5763fbb7d480_0;
    %cmpi/e 1, 0, 1;
    %flag_get/vec4 4;
    %jmp/0 T_137.2, 4;
    %load/vec4 v0x5763fbb7d8f0_0;
    %pushi/vec4 1, 0, 1;
    %cmp/e;
    %flag_get/vec4 4;
    %and;
T_137.2;
    %flag_set/vec4 8;
    %jmp/0xz  T_137.0, 8;
    %pushi/vec4 0, 0, 1;
    %assign/vec4 v0x5763fbb7d740_0, 0;
    %jmp T_137.1;
T_137.0 ;
    %load/vec4 v0x5763fbb7d480_0;
    %cmpi/e 1, 0, 1;
    %flag_get/vec4 4;
    %jmp/0 T_137.6, 4;
    %load/vec4 v0x5763fbb7d6a0_0;
    %pushi/vec4 1, 0, 1;
    %cmp/e;
    %flag_get/vec4 4;
    %and;
T_137.6;
    %flag_set/vec4 9;
    %flag_get/vec4 9;
    %jmp/0 T_137.5, 9;
    %load/vec4 v0x5763fbb7d850_0;
    %pushi/vec4 1, 0, 1;
    %cmp/e;
    %flag_get/vec4 4;
    %and;
T_137.5;
    %flag_set/vec4 8;
    %jmp/0xz  T_137.3, 8;
    %load/vec4 v0x5763fbb7d600_0;
    %assign/vec4 v0x5763fbb7d740_0, 0;
T_137.3 ;
T_137.1 ;
    %jmp T_137;
    .thread T_137;
    .scope S_0x5763fbb7dd90;
T_138 ;
    %wait E_0x5763fbb65ff0;
    %load/vec4 v0x5763fbb7e020_0;
    %cmpi/e 1, 0, 1;
    %flag_get/vec4 4;
    %jmp/0 T_138.2, 4;
    %load/vec4 v0x5763fbb7e470_0;
    %pushi/vec4 1, 0, 1;
    %cmp/e;
    %flag_get/vec4 4;
    %and;
T_138.2;
    %flag_set/vec4 8;
    %jmp/0xz  T_138.0, 8;
    %pushi/vec4 0, 0, 1;
    %assign/vec4 v0x5763fbb7e2e0_0, 0;
    %jmp T_138.1;
T_138.0 ;
    %load/vec4 v0x5763fbb7e020_0;
    %cmpi/e 1, 0, 1;
    %flag_get/vec4 4;
    %jmp/0 T_138.6, 4;
    %load/vec4 v0x5763fbb7e240_0;
    %pushi/vec4 1, 0, 1;
    %cmp/e;
    %flag_get/vec4 4;
    %and;
T_138.6;
    %flag_set/vec4 9;
    %flag_get/vec4 9;
    %jmp/0 T_138.5, 9;
    %load/vec4 v0x5763fbb7e3d0_0;
    %pushi/vec4 1, 0, 1;
    %cmp/e;
    %flag_get/vec4 4;
    %and;
T_138.5;
    %flag_set/vec4 8;
    %jmp/0xz  T_138.3, 8;
    %load/vec4 v0x5763fbb7e1a0_0;
    %assign/vec4 v0x5763fbb7e2e0_0, 0;
T_138.3 ;
T_138.1 ;
    %jmp T_138;
    .thread T_138;
    .scope S_0x5763fbb7e8d0;
T_139 ;
    %wait E_0x5763fbb65ff0;
    %load/vec4 v0x5763fbb7eb60_0;
    %cmpi/e 1, 0, 1;
    %flag_get/vec4 4;
    %jmp/0 T_139.2, 4;
    %load/vec4 v0x5763fbb7f000_0;
    %pushi/vec4 1, 0, 1;
    %cmp/e;
    %flag_get/vec4 4;
    %and;
T_139.2;
    %flag_set/vec4 8;
    %jmp/0xz  T_139.0, 8;
    %pushi/vec4 0, 0, 1;
    %assign/vec4 v0x5763fbb7ee70_0, 0;
    %jmp T_139.1;
T_139.0 ;
    %load/vec4 v0x5763fbb7eb60_0;
    %cmpi/e 1, 0, 1;
    %flag_get/vec4 4;
    %jmp/0 T_139.6, 4;
    %load/vec4 v0x5763fbb7ed80_0;
    %pushi/vec4 1, 0, 1;
    %cmp/e;
    %flag_get/vec4 4;
    %and;
T_139.6;
    %flag_set/vec4 9;
    %flag_get/vec4 9;
    %jmp/0 T_139.5, 9;
    %load/vec4 v0x5763fbb7ef60_0;
    %pushi/vec4 1, 0, 1;
    %cmp/e;
    %flag_get/vec4 4;
    %and;
T_139.5;
    %flag_set/vec4 8;
    %jmp/0xz  T_139.3, 8;
    %load/vec4 v0x5763fbb7ece0_0;
    %assign/vec4 v0x5763fbb7ee70_0, 0;
T_139.3 ;
T_139.1 ;
    %jmp T_139;
    .thread T_139;
    .scope S_0x5763fbb7f4a0;
T_140 ;
    %wait E_0x5763fbb65ff0;
    %load/vec4 v0x5763fbb7f730_0;
    %cmpi/e 1, 0, 1;
    %flag_get/vec4 4;
    %jmp/0 T_140.2, 4;
    %load/vec4 v0x5763fbb7fb80_0;
    %pushi/vec4 1, 0, 1;
    %cmp/e;
    %flag_get/vec4 4;
    %and;
T_140.2;
    %flag_set/vec4 8;
    %jmp/0xz  T_140.0, 8;
    %pushi/vec4 0, 0, 1;
    %assign/vec4 v0x5763fbb7f9f0_0, 0;
    %jmp T_140.1;
T_140.0 ;
    %load/vec4 v0x5763fbb7f730_0;
    %cmpi/e 1, 0, 1;
    %flag_get/vec4 4;
    %jmp/0 T_140.6, 4;
    %load/vec4 v0x5763fbb7f950_0;
    %pushi/vec4 1, 0, 1;
    %cmp/e;
    %flag_get/vec4 4;
    %and;
T_140.6;
    %flag_set/vec4 9;
    %flag_get/vec4 9;
    %jmp/0 T_140.5, 9;
    %load/vec4 v0x5763fbb7fae0_0;
    %pushi/vec4 1, 0, 1;
    %cmp/e;
    %flag_get/vec4 4;
    %and;
T_140.5;
    %flag_set/vec4 8;
    %jmp/0xz  T_140.3, 8;
    %load/vec4 v0x5763fbb7f8b0_0;
    %assign/vec4 v0x5763fbb7f9f0_0, 0;
T_140.3 ;
T_140.1 ;
    %jmp T_140;
    .thread T_140;
    .scope S_0x5763fbb80070;
T_141 ;
    %wait E_0x5763fbb65ff0;
    %load/vec4 v0x5763fbb80300_0;
    %cmpi/e 1, 0, 1;
    %flag_get/vec4 4;
    %jmp/0 T_141.2, 4;
    %load/vec4 v0x5763fbb80700_0;
    %pushi/vec4 1, 0, 1;
    %cmp/e;
    %flag_get/vec4 4;
    %and;
T_141.2;
    %flag_set/vec4 8;
    %jmp/0xz  T_141.0, 8;
    %pushi/vec4 0, 0, 1;
    %assign/vec4 v0x5763fbb805c0_0, 0;
    %jmp T_141.1;
T_141.0 ;
    %load/vec4 v0x5763fbb80300_0;
    %cmpi/e 1, 0, 1;
    %flag_get/vec4 4;
    %jmp/0 T_141.6, 4;
    %load/vec4 v0x5763fbb80520_0;
    %pushi/vec4 1, 0, 1;
    %cmp/e;
    %flag_get/vec4 4;
    %and;
T_141.6;
    %flag_set/vec4 9;
    %flag_get/vec4 9;
    %jmp/0 T_141.5, 9;
    %load/vec4 v0x5763fbb80660_0;
    %pushi/vec4 1, 0, 1;
    %cmp/e;
    %flag_get/vec4 4;
    %and;
T_141.5;
    %flag_set/vec4 8;
    %jmp/0xz  T_141.3, 8;
    %load/vec4 v0x5763fbb80480_0;
    %assign/vec4 v0x5763fbb805c0_0, 0;
T_141.3 ;
T_141.1 ;
    %jmp T_141;
    .thread T_141;
    .scope S_0x5763fbb80ba0;
T_142 ;
    %wait E_0x5763fbb65ff0;
    %load/vec4 v0x5763fbb80e30_0;
    %cmpi/e 1, 0, 1;
    %flag_get/vec4 4;
    %jmp/0 T_142.2, 4;
    %load/vec4 v0x5763fbb81280_0;
    %pushi/vec4 1, 0, 1;
    %cmp/e;
    %flag_get/vec4 4;
    %and;
T_142.2;
    %flag_set/vec4 8;
    %jmp/0xz  T_142.0, 8;
    %pushi/vec4 0, 0, 1;
    %assign/vec4 v0x5763fbb810f0_0, 0;
    %jmp T_142.1;
T_142.0 ;
    %load/vec4 v0x5763fbb80e30_0;
    %cmpi/e 1, 0, 1;
    %flag_get/vec4 4;
    %jmp/0 T_142.6, 4;
    %load/vec4 v0x5763fbb81050_0;
    %pushi/vec4 1, 0, 1;
    %cmp/e;
    %flag_get/vec4 4;
    %and;
T_142.6;
    %flag_set/vec4 9;
    %flag_get/vec4 9;
    %jmp/0 T_142.5, 9;
    %load/vec4 v0x5763fbb811e0_0;
    %pushi/vec4 1, 0, 1;
    %cmp/e;
    %flag_get/vec4 4;
    %and;
T_142.5;
    %flag_set/vec4 8;
    %jmp/0xz  T_142.3, 8;
    %load/vec4 v0x5763fbb80fb0_0;
    %assign/vec4 v0x5763fbb810f0_0, 0;
T_142.3 ;
T_142.1 ;
    %jmp T_142;
    .thread T_142;
    .scope S_0x5763fbb81720;
T_143 ;
    %wait E_0x5763fbb65ff0;
    %load/vec4 v0x5763fbb819b0_0;
    %cmpi/e 1, 0, 1;
    %flag_get/vec4 4;
    %jmp/0 T_143.2, 4;
    %load/vec4 v0x5763fbb81e00_0;
    %pushi/vec4 1, 0, 1;
    %cmp/e;
    %flag_get/vec4 4;
    %and;
T_143.2;
    %flag_set/vec4 8;
    %jmp/0xz  T_143.0, 8;
    %pushi/vec4 0, 0, 1;
    %assign/vec4 v0x5763fbb81c70_0, 0;
    %jmp T_143.1;
T_143.0 ;
    %load/vec4 v0x5763fbb819b0_0;
    %cmpi/e 1, 0, 1;
    %flag_get/vec4 4;
    %jmp/0 T_143.6, 4;
    %load/vec4 v0x5763fbb81bd0_0;
    %pushi/vec4 1, 0, 1;
    %cmp/e;
    %flag_get/vec4 4;
    %and;
T_143.6;
    %flag_set/vec4 9;
    %flag_get/vec4 9;
    %jmp/0 T_143.5, 9;
    %load/vec4 v0x5763fbb81d60_0;
    %pushi/vec4 1, 0, 1;
    %cmp/e;
    %flag_get/vec4 4;
    %and;
T_143.5;
    %flag_set/vec4 8;
    %jmp/0xz  T_143.3, 8;
    %load/vec4 v0x5763fbb81b30_0;
    %assign/vec4 v0x5763fbb81c70_0, 0;
T_143.3 ;
T_143.1 ;
    %jmp T_143;
    .thread T_143;
    .scope S_0x5763fbb822a0;
T_144 ;
    %wait E_0x5763fbb65ff0;
    %load/vec4 v0x5763fbb82530_0;
    %cmpi/e 1, 0, 1;
    %flag_get/vec4 4;
    %jmp/0 T_144.2, 4;
    %load/vec4 v0x5763fbb82980_0;
    %pushi/vec4 1, 0, 1;
    %cmp/e;
    %flag_get/vec4 4;
    %and;
T_144.2;
    %flag_set/vec4 8;
    %jmp/0xz  T_144.0, 8;
    %pushi/vec4 0, 0, 1;
    %assign/vec4 v0x5763fbb827f0_0, 0;
    %jmp T_144.1;
T_144.0 ;
    %load/vec4 v0x5763fbb82530_0;
    %cmpi/e 1, 0, 1;
    %flag_get/vec4 4;
    %jmp/0 T_144.6, 4;
    %load/vec4 v0x5763fbb82750_0;
    %pushi/vec4 1, 0, 1;
    %cmp/e;
    %flag_get/vec4 4;
    %and;
T_144.6;
    %flag_set/vec4 9;
    %flag_get/vec4 9;
    %jmp/0 T_144.5, 9;
    %load/vec4 v0x5763fbb828e0_0;
    %pushi/vec4 1, 0, 1;
    %cmp/e;
    %flag_get/vec4 4;
    %and;
T_144.5;
    %flag_set/vec4 8;
    %jmp/0xz  T_144.3, 8;
    %load/vec4 v0x5763fbb826b0_0;
    %assign/vec4 v0x5763fbb827f0_0, 0;
T_144.3 ;
T_144.1 ;
    %jmp T_144;
    .thread T_144;
    .scope S_0x5763fbb837b0;
T_145 ;
    %wait E_0x5763fbb65ff0;
    %load/vec4 v0x5763fbb83a80_0;
    %cmpi/e 1, 0, 1;
    %flag_get/vec4 4;
    %jmp/0 T_145.2, 4;
    %load/vec4 v0x5763fbb83ef0_0;
    %pushi/vec4 1, 0, 1;
    %cmp/e;
    %flag_get/vec4 4;
    %and;
T_145.2;
    %flag_set/vec4 8;
    %jmp/0xz  T_145.0, 8;
    %pushi/vec4 0, 0, 1;
    %assign/vec4 v0x5763fbb83d40_0, 0;
    %jmp T_145.1;
T_145.0 ;
    %load/vec4 v0x5763fbb83a80_0;
    %cmpi/e 1, 0, 1;
    %flag_get/vec4 4;
    %jmp/0 T_145.6, 4;
    %load/vec4 v0x5763fbb83ca0_0;
    %pushi/vec4 1, 0, 1;
    %cmp/e;
    %flag_get/vec4 4;
    %and;
T_145.6;
    %flag_set/vec4 9;
    %flag_get/vec4 9;
    %jmp/0 T_145.5, 9;
    %load/vec4 v0x5763fbb83e50_0;
    %pushi/vec4 1, 0, 1;
    %cmp/e;
    %flag_get/vec4 4;
    %and;
T_145.5;
    %flag_set/vec4 8;
    %jmp/0xz  T_145.3, 8;
    %load/vec4 v0x5763fbb83c00_0;
    %assign/vec4 v0x5763fbb83d40_0, 0;
T_145.3 ;
T_145.1 ;
    %jmp T_145;
    .thread T_145;
    .scope S_0x5763fbb84390;
T_146 ;
    %wait E_0x5763fbb65ff0;
    %load/vec4 v0x5763fbb84620_0;
    %cmpi/e 1, 0, 1;
    %flag_get/vec4 4;
    %jmp/0 T_146.2, 4;
    %load/vec4 v0x5763fbb84a70_0;
    %pushi/vec4 1, 0, 1;
    %cmp/e;
    %flag_get/vec4 4;
    %and;
T_146.2;
    %flag_set/vec4 8;
    %jmp/0xz  T_146.0, 8;
    %pushi/vec4 0, 0, 1;
    %assign/vec4 v0x5763fbb848e0_0, 0;
    %jmp T_146.1;
T_146.0 ;
    %load/vec4 v0x5763fbb84620_0;
    %cmpi/e 1, 0, 1;
    %flag_get/vec4 4;
    %jmp/0 T_146.6, 4;
    %load/vec4 v0x5763fbb84840_0;
    %pushi/vec4 1, 0, 1;
    %cmp/e;
    %flag_get/vec4 4;
    %and;
T_146.6;
    %flag_set/vec4 9;
    %flag_get/vec4 9;
    %jmp/0 T_146.5, 9;
    %load/vec4 v0x5763fbb849d0_0;
    %pushi/vec4 1, 0, 1;
    %cmp/e;
    %flag_get/vec4 4;
    %and;
T_146.5;
    %flag_set/vec4 8;
    %jmp/0xz  T_146.3, 8;
    %load/vec4 v0x5763fbb847a0_0;
    %assign/vec4 v0x5763fbb848e0_0, 0;
T_146.3 ;
T_146.1 ;
    %jmp T_146;
    .thread T_146;
    .scope S_0x5763fbb84ed0;
T_147 ;
    %wait E_0x5763fbb65ff0;
    %load/vec4 v0x5763fbb85160_0;
    %cmpi/e 1, 0, 1;
    %flag_get/vec4 4;
    %jmp/0 T_147.2, 4;
    %load/vec4 v0x5763fbb85600_0;
    %pushi/vec4 1, 0, 1;
    %cmp/e;
    %flag_get/vec4 4;
    %and;
T_147.2;
    %flag_set/vec4 8;
    %jmp/0xz  T_147.0, 8;
    %pushi/vec4 0, 0, 1;
    %assign/vec4 v0x5763fbb85470_0, 0;
    %jmp T_147.1;
T_147.0 ;
    %load/vec4 v0x5763fbb85160_0;
    %cmpi/e 1, 0, 1;
    %flag_get/vec4 4;
    %jmp/0 T_147.6, 4;
    %load/vec4 v0x5763fbb85380_0;
    %pushi/vec4 1, 0, 1;
    %cmp/e;
    %flag_get/vec4 4;
    %and;
T_147.6;
    %flag_set/vec4 9;
    %flag_get/vec4 9;
    %jmp/0 T_147.5, 9;
    %load/vec4 v0x5763fbb85560_0;
    %pushi/vec4 1, 0, 1;
    %cmp/e;
    %flag_get/vec4 4;
    %and;
T_147.5;
    %flag_set/vec4 8;
    %jmp/0xz  T_147.3, 8;
    %load/vec4 v0x5763fbb852e0_0;
    %assign/vec4 v0x5763fbb85470_0, 0;
T_147.3 ;
T_147.1 ;
    %jmp T_147;
    .thread T_147;
    .scope S_0x5763fbb85aa0;
T_148 ;
    %wait E_0x5763fbb65ff0;
    %load/vec4 v0x5763fbb85d30_0;
    %cmpi/e 1, 0, 1;
    %flag_get/vec4 4;
    %jmp/0 T_148.2, 4;
    %load/vec4 v0x5763fbb86180_0;
    %pushi/vec4 1, 0, 1;
    %cmp/e;
    %flag_get/vec4 4;
    %and;
T_148.2;
    %flag_set/vec4 8;
    %jmp/0xz  T_148.0, 8;
    %pushi/vec4 0, 0, 1;
    %assign/vec4 v0x5763fbb85ff0_0, 0;
    %jmp T_148.1;
T_148.0 ;
    %load/vec4 v0x5763fbb85d30_0;
    %cmpi/e 1, 0, 1;
    %flag_get/vec4 4;
    %jmp/0 T_148.6, 4;
    %load/vec4 v0x5763fbb85f50_0;
    %pushi/vec4 1, 0, 1;
    %cmp/e;
    %flag_get/vec4 4;
    %and;
T_148.6;
    %flag_set/vec4 9;
    %flag_get/vec4 9;
    %jmp/0 T_148.5, 9;
    %load/vec4 v0x5763fbb860e0_0;
    %pushi/vec4 1, 0, 1;
    %cmp/e;
    %flag_get/vec4 4;
    %and;
T_148.5;
    %flag_set/vec4 8;
    %jmp/0xz  T_148.3, 8;
    %load/vec4 v0x5763fbb85eb0_0;
    %assign/vec4 v0x5763fbb85ff0_0, 0;
T_148.3 ;
T_148.1 ;
    %jmp T_148;
    .thread T_148;
    .scope S_0x5763fbb86670;
T_149 ;
    %wait E_0x5763fbb65ff0;
    %load/vec4 v0x5763fbb86900_0;
    %cmpi/e 1, 0, 1;
    %flag_get/vec4 4;
    %jmp/0 T_149.2, 4;
    %load/vec4 v0x5763fbb86d00_0;
    %pushi/vec4 1, 0, 1;
    %cmp/e;
    %flag_get/vec4 4;
    %and;
T_149.2;
    %flag_set/vec4 8;
    %jmp/0xz  T_149.0, 8;
    %pushi/vec4 0, 0, 1;
    %assign/vec4 v0x5763fbb86bc0_0, 0;
    %jmp T_149.1;
T_149.0 ;
    %load/vec4 v0x5763fbb86900_0;
    %cmpi/e 1, 0, 1;
    %flag_get/vec4 4;
    %jmp/0 T_149.6, 4;
    %load/vec4 v0x5763fbb86b20_0;
    %pushi/vec4 1, 0, 1;
    %cmp/e;
    %flag_get/vec4 4;
    %and;
T_149.6;
    %flag_set/vec4 9;
    %flag_get/vec4 9;
    %jmp/0 T_149.5, 9;
    %load/vec4 v0x5763fbb86c60_0;
    %pushi/vec4 1, 0, 1;
    %cmp/e;
    %flag_get/vec4 4;
    %and;
T_149.5;
    %flag_set/vec4 8;
    %jmp/0xz  T_149.3, 8;
    %load/vec4 v0x5763fbb86a80_0;
    %assign/vec4 v0x5763fbb86bc0_0, 0;
T_149.3 ;
T_149.1 ;
    %jmp T_149;
    .thread T_149;
    .scope S_0x5763fbb871a0;
T_150 ;
    %wait E_0x5763fbb65ff0;
    %load/vec4 v0x5763fbb87430_0;
    %cmpi/e 1, 0, 1;
    %flag_get/vec4 4;
    %jmp/0 T_150.2, 4;
    %load/vec4 v0x5763fbb87880_0;
    %pushi/vec4 1, 0, 1;
    %cmp/e;
    %flag_get/vec4 4;
    %and;
T_150.2;
    %flag_set/vec4 8;
    %jmp/0xz  T_150.0, 8;
    %pushi/vec4 0, 0, 1;
    %assign/vec4 v0x5763fbb876f0_0, 0;
    %jmp T_150.1;
T_150.0 ;
    %load/vec4 v0x5763fbb87430_0;
    %cmpi/e 1, 0, 1;
    %flag_get/vec4 4;
    %jmp/0 T_150.6, 4;
    %load/vec4 v0x5763fbb87650_0;
    %pushi/vec4 1, 0, 1;
    %cmp/e;
    %flag_get/vec4 4;
    %and;
T_150.6;
    %flag_set/vec4 9;
    %flag_get/vec4 9;
    %jmp/0 T_150.5, 9;
    %load/vec4 v0x5763fbb877e0_0;
    %pushi/vec4 1, 0, 1;
    %cmp/e;
    %flag_get/vec4 4;
    %and;
T_150.5;
    %flag_set/vec4 8;
    %jmp/0xz  T_150.3, 8;
    %load/vec4 v0x5763fbb875b0_0;
    %assign/vec4 v0x5763fbb876f0_0, 0;
T_150.3 ;
T_150.1 ;
    %jmp T_150;
    .thread T_150;
    .scope S_0x5763fbb87d20;
T_151 ;
    %wait E_0x5763fbb65ff0;
    %load/vec4 v0x5763fbb87fb0_0;
    %cmpi/e 1, 0, 1;
    %flag_get/vec4 4;
    %jmp/0 T_151.2, 4;
    %load/vec4 v0x5763fbb88400_0;
    %pushi/vec4 1, 0, 1;
    %cmp/e;
    %flag_get/vec4 4;
    %and;
T_151.2;
    %flag_set/vec4 8;
    %jmp/0xz  T_151.0, 8;
    %pushi/vec4 0, 0, 1;
    %assign/vec4 v0x5763fbb88270_0, 0;
    %jmp T_151.1;
T_151.0 ;
    %load/vec4 v0x5763fbb87fb0_0;
    %cmpi/e 1, 0, 1;
    %flag_get/vec4 4;
    %jmp/0 T_151.6, 4;
    %load/vec4 v0x5763fbb881d0_0;
    %pushi/vec4 1, 0, 1;
    %cmp/e;
    %flag_get/vec4 4;
    %and;
T_151.6;
    %flag_set/vec4 9;
    %flag_get/vec4 9;
    %jmp/0 T_151.5, 9;
    %load/vec4 v0x5763fbb88360_0;
    %pushi/vec4 1, 0, 1;
    %cmp/e;
    %flag_get/vec4 4;
    %and;
T_151.5;
    %flag_set/vec4 8;
    %jmp/0xz  T_151.3, 8;
    %load/vec4 v0x5763fbb88130_0;
    %assign/vec4 v0x5763fbb88270_0, 0;
T_151.3 ;
T_151.1 ;
    %jmp T_151;
    .thread T_151;
    .scope S_0x5763fbb888a0;
T_152 ;
    %wait E_0x5763fbb65ff0;
    %load/vec4 v0x5763fbb88b30_0;
    %cmpi/e 1, 0, 1;
    %flag_get/vec4 4;
    %jmp/0 T_152.2, 4;
    %load/vec4 v0x5763fbb88f80_0;
    %pushi/vec4 1, 0, 1;
    %cmp/e;
    %flag_get/vec4 4;
    %and;
T_152.2;
    %flag_set/vec4 8;
    %jmp/0xz  T_152.0, 8;
    %pushi/vec4 0, 0, 1;
    %assign/vec4 v0x5763fbb88df0_0, 0;
    %jmp T_152.1;
T_152.0 ;
    %load/vec4 v0x5763fbb88b30_0;
    %cmpi/e 1, 0, 1;
    %flag_get/vec4 4;
    %jmp/0 T_152.6, 4;
    %load/vec4 v0x5763fbb88d50_0;
    %pushi/vec4 1, 0, 1;
    %cmp/e;
    %flag_get/vec4 4;
    %and;
T_152.6;
    %flag_set/vec4 9;
    %flag_get/vec4 9;
    %jmp/0 T_152.5, 9;
    %load/vec4 v0x5763fbb88ee0_0;
    %pushi/vec4 1, 0, 1;
    %cmp/e;
    %flag_get/vec4 4;
    %and;
T_152.5;
    %flag_set/vec4 8;
    %jmp/0xz  T_152.3, 8;
    %load/vec4 v0x5763fbb88cb0_0;
    %assign/vec4 v0x5763fbb88df0_0, 0;
T_152.3 ;
T_152.1 ;
    %jmp T_152;
    .thread T_152;
    .scope S_0x5763fbb89db0;
T_153 ;
    %wait E_0x5763fbb65ff0;
    %load/vec4 v0x5763fbb8a080_0;
    %cmpi/e 1, 0, 1;
    %flag_get/vec4 4;
    %jmp/0 T_153.2, 4;
    %load/vec4 v0x5763fbb8a4f0_0;
    %pushi/vec4 1, 0, 1;
    %cmp/e;
    %flag_get/vec4 4;
    %and;
T_153.2;
    %flag_set/vec4 8;
    %jmp/0xz  T_153.0, 8;
    %pushi/vec4 0, 0, 1;
    %assign/vec4 v0x5763fbb8a340_0, 0;
    %jmp T_153.1;
T_153.0 ;
    %load/vec4 v0x5763fbb8a080_0;
    %cmpi/e 1, 0, 1;
    %flag_get/vec4 4;
    %jmp/0 T_153.6, 4;
    %load/vec4 v0x5763fbb8a2a0_0;
    %pushi/vec4 1, 0, 1;
    %cmp/e;
    %flag_get/vec4 4;
    %and;
T_153.6;
    %flag_set/vec4 9;
    %flag_get/vec4 9;
    %jmp/0 T_153.5, 9;
    %load/vec4 v0x5763fbb8a450_0;
    %pushi/vec4 1, 0, 1;
    %cmp/e;
    %flag_get/vec4 4;
    %and;
T_153.5;
    %flag_set/vec4 8;
    %jmp/0xz  T_153.3, 8;
    %load/vec4 v0x5763fbb8a200_0;
    %assign/vec4 v0x5763fbb8a340_0, 0;
T_153.3 ;
T_153.1 ;
    %jmp T_153;
    .thread T_153;
    .scope S_0x5763fbb8a990;
T_154 ;
    %wait E_0x5763fbb65ff0;
    %load/vec4 v0x5763fbb8ac20_0;
    %cmpi/e 1, 0, 1;
    %flag_get/vec4 4;
    %jmp/0 T_154.2, 4;
    %load/vec4 v0x5763fbb8b070_0;
    %pushi/vec4 1, 0, 1;
    %cmp/e;
    %flag_get/vec4 4;
    %and;
T_154.2;
    %flag_set/vec4 8;
    %jmp/0xz  T_154.0, 8;
    %pushi/vec4 0, 0, 1;
    %assign/vec4 v0x5763fbb8aee0_0, 0;
    %jmp T_154.1;
T_154.0 ;
    %load/vec4 v0x5763fbb8ac20_0;
    %cmpi/e 1, 0, 1;
    %flag_get/vec4 4;
    %jmp/0 T_154.6, 4;
    %load/vec4 v0x5763fbb8ae40_0;
    %pushi/vec4 1, 0, 1;
    %cmp/e;
    %flag_get/vec4 4;
    %and;
T_154.6;
    %flag_set/vec4 9;
    %flag_get/vec4 9;
    %jmp/0 T_154.5, 9;
    %load/vec4 v0x5763fbb8afd0_0;
    %pushi/vec4 1, 0, 1;
    %cmp/e;
    %flag_get/vec4 4;
    %and;
T_154.5;
    %flag_set/vec4 8;
    %jmp/0xz  T_154.3, 8;
    %load/vec4 v0x5763fbb8ada0_0;
    %assign/vec4 v0x5763fbb8aee0_0, 0;
T_154.3 ;
T_154.1 ;
    %jmp T_154;
    .thread T_154;
    .scope S_0x5763fbb8b4d0;
T_155 ;
    %wait E_0x5763fbb65ff0;
    %load/vec4 v0x5763fbb8b760_0;
    %cmpi/e 1, 0, 1;
    %flag_get/vec4 4;
    %jmp/0 T_155.2, 4;
    %load/vec4 v0x5763fbb8bc30_0;
    %pushi/vec4 1, 0, 1;
    %cmp/e;
    %flag_get/vec4 4;
    %and;
T_155.2;
    %flag_set/vec4 8;
    %jmp/0xz  T_155.0, 8;
    %pushi/vec4 0, 0, 1;
    %assign/vec4 v0x5763fbb8baa0_0, 0;
    %jmp T_155.1;
T_155.0 ;
    %load/vec4 v0x5763fbb8b760_0;
    %cmpi/e 1, 0, 1;
    %flag_get/vec4 4;
    %jmp/0 T_155.6, 4;
    %load/vec4 v0x5763fbb8b9b0_0;
    %pushi/vec4 1, 0, 1;
    %cmp/e;
    %flag_get/vec4 4;
    %and;
T_155.6;
    %flag_set/vec4 9;
    %flag_get/vec4 9;
    %jmp/0 T_155.5, 9;
    %load/vec4 v0x5763fbb8bb90_0;
    %pushi/vec4 1, 0, 1;
    %cmp/e;
    %flag_get/vec4 4;
    %and;
T_155.5;
    %flag_set/vec4 8;
    %jmp/0xz  T_155.3, 8;
    %load/vec4 v0x5763fbb8b8e0_0;
    %assign/vec4 v0x5763fbb8baa0_0, 0;
T_155.3 ;
T_155.1 ;
    %jmp T_155;
    .thread T_155;
    .scope S_0x5763fbb8c0d0;
T_156 ;
    %wait E_0x5763fbb65ff0;
    %load/vec4 v0x5763fbb8c360_0;
    %cmpi/e 1, 0, 1;
    %flag_get/vec4 4;
    %jmp/0 T_156.2, 4;
    %load/vec4 v0x5763fbb8c7b0_0;
    %pushi/vec4 1, 0, 1;
    %cmp/e;
    %flag_get/vec4 4;
    %and;
T_156.2;
    %flag_set/vec4 8;
    %jmp/0xz  T_156.0, 8;
    %pushi/vec4 0, 0, 1;
    %assign/vec4 v0x5763fbb8c620_0, 0;
    %jmp T_156.1;
T_156.0 ;
    %load/vec4 v0x5763fbb8c360_0;
    %cmpi/e 1, 0, 1;
    %flag_get/vec4 4;
    %jmp/0 T_156.6, 4;
    %load/vec4 v0x5763fbb8c580_0;
    %pushi/vec4 1, 0, 1;
    %cmp/e;
    %flag_get/vec4 4;
    %and;
T_156.6;
    %flag_set/vec4 9;
    %flag_get/vec4 9;
    %jmp/0 T_156.5, 9;
    %load/vec4 v0x5763fbb8c710_0;
    %pushi/vec4 1, 0, 1;
    %cmp/e;
    %flag_get/vec4 4;
    %and;
T_156.5;
    %flag_set/vec4 8;
    %jmp/0xz  T_156.3, 8;
    %load/vec4 v0x5763fbb8c4e0_0;
    %assign/vec4 v0x5763fbb8c620_0, 0;
T_156.3 ;
T_156.1 ;
    %jmp T_156;
    .thread T_156;
    .scope S_0x5763fbb8cca0;
T_157 ;
    %wait E_0x5763fbb65ff0;
    %load/vec4 v0x5763fbb8cf30_0;
    %cmpi/e 1, 0, 1;
    %flag_get/vec4 4;
    %jmp/0 T_157.2, 4;
    %load/vec4 v0x5763fbb8d330_0;
    %pushi/vec4 1, 0, 1;
    %cmp/e;
    %flag_get/vec4 4;
    %and;
T_157.2;
    %flag_set/vec4 8;
    %jmp/0xz  T_157.0, 8;
    %pushi/vec4 0, 0, 1;
    %assign/vec4 v0x5763fbb8d1f0_0, 0;
    %jmp T_157.1;
T_157.0 ;
    %load/vec4 v0x5763fbb8cf30_0;
    %cmpi/e 1, 0, 1;
    %flag_get/vec4 4;
    %jmp/0 T_157.6, 4;
    %load/vec4 v0x5763fbb8d150_0;
    %pushi/vec4 1, 0, 1;
    %cmp/e;
    %flag_get/vec4 4;
    %and;
T_157.6;
    %flag_set/vec4 9;
    %flag_get/vec4 9;
    %jmp/0 T_157.5, 9;
    %load/vec4 v0x5763fbb8d290_0;
    %pushi/vec4 1, 0, 1;
    %cmp/e;
    %flag_get/vec4 4;
    %and;
T_157.5;
    %flag_set/vec4 8;
    %jmp/0xz  T_157.3, 8;
    %load/vec4 v0x5763fbb8d0b0_0;
    %assign/vec4 v0x5763fbb8d1f0_0, 0;
T_157.3 ;
T_157.1 ;
    %jmp T_157;
    .thread T_157;
    .scope S_0x5763fbb8d7d0;
T_158 ;
    %wait E_0x5763fbb65ff0;
    %load/vec4 v0x5763fbb8da60_0;
    %cmpi/e 1, 0, 1;
    %flag_get/vec4 4;
    %jmp/0 T_158.2, 4;
    %load/vec4 v0x5763fbb8deb0_0;
    %pushi/vec4 1, 0, 1;
    %cmp/e;
    %flag_get/vec4 4;
    %and;
T_158.2;
    %flag_set/vec4 8;
    %jmp/0xz  T_158.0, 8;
    %pushi/vec4 0, 0, 1;
    %assign/vec4 v0x5763fbb8dd20_0, 0;
    %jmp T_158.1;
T_158.0 ;
    %load/vec4 v0x5763fbb8da60_0;
    %cmpi/e 1, 0, 1;
    %flag_get/vec4 4;
    %jmp/0 T_158.6, 4;
    %load/vec4 v0x5763fbb8dc80_0;
    %pushi/vec4 1, 0, 1;
    %cmp/e;
    %flag_get/vec4 4;
    %and;
T_158.6;
    %flag_set/vec4 9;
    %flag_get/vec4 9;
    %jmp/0 T_158.5, 9;
    %load/vec4 v0x5763fbb8de10_0;
    %pushi/vec4 1, 0, 1;
    %cmp/e;
    %flag_get/vec4 4;
    %and;
T_158.5;
    %flag_set/vec4 8;
    %jmp/0xz  T_158.3, 8;
    %load/vec4 v0x5763fbb8dbe0_0;
    %assign/vec4 v0x5763fbb8dd20_0, 0;
T_158.3 ;
T_158.1 ;
    %jmp T_158;
    .thread T_158;
    .scope S_0x5763fbb8e350;
T_159 ;
    %wait E_0x5763fbb65ff0;
    %load/vec4 v0x5763fbb8e5e0_0;
    %cmpi/e 1, 0, 1;
    %flag_get/vec4 4;
    %jmp/0 T_159.2, 4;
    %load/vec4 v0x5763fbb8ea30_0;
    %pushi/vec4 1, 0, 1;
    %cmp/e;
    %flag_get/vec4 4;
    %and;
T_159.2;
    %flag_set/vec4 8;
    %jmp/0xz  T_159.0, 8;
    %pushi/vec4 0, 0, 1;
    %assign/vec4 v0x5763fbb8e8a0_0, 0;
    %jmp T_159.1;
T_159.0 ;
    %load/vec4 v0x5763fbb8e5e0_0;
    %cmpi/e 1, 0, 1;
    %flag_get/vec4 4;
    %jmp/0 T_159.6, 4;
    %load/vec4 v0x5763fbb8e800_0;
    %pushi/vec4 1, 0, 1;
    %cmp/e;
    %flag_get/vec4 4;
    %and;
T_159.6;
    %flag_set/vec4 9;
    %flag_get/vec4 9;
    %jmp/0 T_159.5, 9;
    %load/vec4 v0x5763fbb8e990_0;
    %pushi/vec4 1, 0, 1;
    %cmp/e;
    %flag_get/vec4 4;
    %and;
T_159.5;
    %flag_set/vec4 8;
    %jmp/0xz  T_159.3, 8;
    %load/vec4 v0x5763fbb8e760_0;
    %assign/vec4 v0x5763fbb8e8a0_0, 0;
T_159.3 ;
T_159.1 ;
    %jmp T_159;
    .thread T_159;
    .scope S_0x5763fbb8eed0;
T_160 ;
    %wait E_0x5763fbb65ff0;
    %load/vec4 v0x5763fbb8f160_0;
    %cmpi/e 1, 0, 1;
    %flag_get/vec4 4;
    %jmp/0 T_160.2, 4;
    %load/vec4 v0x5763fbb8f5b0_0;
    %pushi/vec4 1, 0, 1;
    %cmp/e;
    %flag_get/vec4 4;
    %and;
T_160.2;
    %flag_set/vec4 8;
    %jmp/0xz  T_160.0, 8;
    %pushi/vec4 0, 0, 1;
    %assign/vec4 v0x5763fbb8f420_0, 0;
    %jmp T_160.1;
T_160.0 ;
    %load/vec4 v0x5763fbb8f160_0;
    %cmpi/e 1, 0, 1;
    %flag_get/vec4 4;
    %jmp/0 T_160.6, 4;
    %load/vec4 v0x5763fbb8f380_0;
    %pushi/vec4 1, 0, 1;
    %cmp/e;
    %flag_get/vec4 4;
    %and;
T_160.6;
    %flag_set/vec4 9;
    %flag_get/vec4 9;
    %jmp/0 T_160.5, 9;
    %load/vec4 v0x5763fbb8f510_0;
    %pushi/vec4 1, 0, 1;
    %cmp/e;
    %flag_get/vec4 4;
    %and;
T_160.5;
    %flag_set/vec4 8;
    %jmp/0xz  T_160.3, 8;
    %load/vec4 v0x5763fbb8f2e0_0;
    %assign/vec4 v0x5763fbb8f420_0, 0;
T_160.3 ;
T_160.1 ;
    %jmp T_160;
    .thread T_160;
    .scope S_0x5763fbb96b20;
T_161 ;
    %wait E_0x5763fbb65ff0;
    %load/vec4 v0x5763fbb96df0_0;
    %cmpi/e 1, 0, 1;
    %flag_get/vec4 4;
    %jmp/0 T_161.2, 4;
    %load/vec4 v0x5763fbb97260_0;
    %pushi/vec4 1, 0, 1;
    %cmp/e;
    %flag_get/vec4 4;
    %and;
T_161.2;
    %flag_set/vec4 8;
    %jmp/0xz  T_161.0, 8;
    %pushi/vec4 0, 0, 1;
    %assign/vec4 v0x5763fbb970b0_0, 0;
    %jmp T_161.1;
T_161.0 ;
    %load/vec4 v0x5763fbb96df0_0;
    %cmpi/e 1, 0, 1;
    %flag_get/vec4 4;
    %jmp/0 T_161.6, 4;
    %load/vec4 v0x5763fbb97010_0;
    %pushi/vec4 1, 0, 1;
    %cmp/e;
    %flag_get/vec4 4;
    %and;
T_161.6;
    %flag_set/vec4 9;
    %flag_get/vec4 9;
    %jmp/0 T_161.5, 9;
    %load/vec4 v0x5763fbb971c0_0;
    %pushi/vec4 1, 0, 1;
    %cmp/e;
    %flag_get/vec4 4;
    %and;
T_161.5;
    %flag_set/vec4 8;
    %jmp/0xz  T_161.3, 8;
    %load/vec4 v0x5763fbb96f70_0;
    %assign/vec4 v0x5763fbb970b0_0, 0;
T_161.3 ;
T_161.1 ;
    %jmp T_161;
    .thread T_161;
    .scope S_0x5763fbb97700;
T_162 ;
    %wait E_0x5763fbb65ff0;
    %load/vec4 v0x5763fbb97990_0;
    %cmpi/e 1, 0, 1;
    %flag_get/vec4 4;
    %jmp/0 T_162.2, 4;
    %load/vec4 v0x5763fbb97de0_0;
    %pushi/vec4 1, 0, 1;
    %cmp/e;
    %flag_get/vec4 4;
    %and;
T_162.2;
    %flag_set/vec4 8;
    %jmp/0xz  T_162.0, 8;
    %pushi/vec4 0, 0, 1;
    %assign/vec4 v0x5763fbb97c50_0, 0;
    %jmp T_162.1;
T_162.0 ;
    %load/vec4 v0x5763fbb97990_0;
    %cmpi/e 1, 0, 1;
    %flag_get/vec4 4;
    %jmp/0 T_162.6, 4;
    %load/vec4 v0x5763fbb97bb0_0;
    %pushi/vec4 1, 0, 1;
    %cmp/e;
    %flag_get/vec4 4;
    %and;
T_162.6;
    %flag_set/vec4 9;
    %flag_get/vec4 9;
    %jmp/0 T_162.5, 9;
    %load/vec4 v0x5763fbb97d40_0;
    %pushi/vec4 1, 0, 1;
    %cmp/e;
    %flag_get/vec4 4;
    %and;
T_162.5;
    %flag_set/vec4 8;
    %jmp/0xz  T_162.3, 8;
    %load/vec4 v0x5763fbb97b10_0;
    %assign/vec4 v0x5763fbb97c50_0, 0;
T_162.3 ;
T_162.1 ;
    %jmp T_162;
    .thread T_162;
    .scope S_0x5763fbb98240;
T_163 ;
    %wait E_0x5763fbb65ff0;
    %load/vec4 v0x5763fbb984d0_0;
    %cmpi/e 1, 0, 1;
    %flag_get/vec4 4;
    %jmp/0 T_163.2, 4;
    %load/vec4 v0x5763fbb989a0_0;
    %pushi/vec4 1, 0, 1;
    %cmp/e;
    %flag_get/vec4 4;
    %and;
T_163.2;
    %flag_set/vec4 8;
    %jmp/0xz  T_163.0, 8;
    %pushi/vec4 0, 0, 1;
    %assign/vec4 v0x5763fbb98810_0, 0;
    %jmp T_163.1;
T_163.0 ;
    %load/vec4 v0x5763fbb984d0_0;
    %cmpi/e 1, 0, 1;
    %flag_get/vec4 4;
    %jmp/0 T_163.6, 4;
    %load/vec4 v0x5763fbb98720_0;
    %pushi/vec4 1, 0, 1;
    %cmp/e;
    %flag_get/vec4 4;
    %and;
T_163.6;
    %flag_set/vec4 9;
    %flag_get/vec4 9;
    %jmp/0 T_163.5, 9;
    %load/vec4 v0x5763fbb98900_0;
    %pushi/vec4 1, 0, 1;
    %cmp/e;
    %flag_get/vec4 4;
    %and;
T_163.5;
    %flag_set/vec4 8;
    %jmp/0xz  T_163.3, 8;
    %load/vec4 v0x5763fbb98650_0;
    %assign/vec4 v0x5763fbb98810_0, 0;
T_163.3 ;
T_163.1 ;
    %jmp T_163;
    .thread T_163;
    .scope S_0x5763fbb98e40;
T_164 ;
    %wait E_0x5763fbb65ff0;
    %load/vec4 v0x5763fbb990d0_0;
    %cmpi/e 1, 0, 1;
    %flag_get/vec4 4;
    %jmp/0 T_164.2, 4;
    %load/vec4 v0x5763fbb99520_0;
    %pushi/vec4 1, 0, 1;
    %cmp/e;
    %flag_get/vec4 4;
    %and;
T_164.2;
    %flag_set/vec4 8;
    %jmp/0xz  T_164.0, 8;
    %pushi/vec4 0, 0, 1;
    %assign/vec4 v0x5763fbb99390_0, 0;
    %jmp T_164.1;
T_164.0 ;
    %load/vec4 v0x5763fbb990d0_0;
    %cmpi/e 1, 0, 1;
    %flag_get/vec4 4;
    %jmp/0 T_164.6, 4;
    %load/vec4 v0x5763fbb992f0_0;
    %pushi/vec4 1, 0, 1;
    %cmp/e;
    %flag_get/vec4 4;
    %and;
T_164.6;
    %flag_set/vec4 9;
    %flag_get/vec4 9;
    %jmp/0 T_164.5, 9;
    %load/vec4 v0x5763fbb99480_0;
    %pushi/vec4 1, 0, 1;
    %cmp/e;
    %flag_get/vec4 4;
    %and;
T_164.5;
    %flag_set/vec4 8;
    %jmp/0xz  T_164.3, 8;
    %load/vec4 v0x5763fbb99250_0;
    %assign/vec4 v0x5763fbb99390_0, 0;
T_164.3 ;
T_164.1 ;
    %jmp T_164;
    .thread T_164;
    .scope S_0x5763fbb99a10;
T_165 ;
    %wait E_0x5763fbb65ff0;
    %load/vec4 v0x5763fbb99ca0_0;
    %cmpi/e 1, 0, 1;
    %flag_get/vec4 4;
    %jmp/0 T_165.2, 4;
    %load/vec4 v0x5763fbb9a0a0_0;
    %pushi/vec4 1, 0, 1;
    %cmp/e;
    %flag_get/vec4 4;
    %and;
T_165.2;
    %flag_set/vec4 8;
    %jmp/0xz  T_165.0, 8;
    %pushi/vec4 0, 0, 1;
    %assign/vec4 v0x5763fbb99f60_0, 0;
    %jmp T_165.1;
T_165.0 ;
    %load/vec4 v0x5763fbb99ca0_0;
    %cmpi/e 1, 0, 1;
    %flag_get/vec4 4;
    %jmp/0 T_165.6, 4;
    %load/vec4 v0x5763fbb99ec0_0;
    %pushi/vec4 1, 0, 1;
    %cmp/e;
    %flag_get/vec4 4;
    %and;
T_165.6;
    %flag_set/vec4 9;
    %flag_get/vec4 9;
    %jmp/0 T_165.5, 9;
    %load/vec4 v0x5763fbb9a000_0;
    %pushi/vec4 1, 0, 1;
    %cmp/e;
    %flag_get/vec4 4;
    %and;
T_165.5;
    %flag_set/vec4 8;
    %jmp/0xz  T_165.3, 8;
    %load/vec4 v0x5763fbb99e20_0;
    %assign/vec4 v0x5763fbb99f60_0, 0;
T_165.3 ;
T_165.1 ;
    %jmp T_165;
    .thread T_165;
    .scope S_0x5763fbb9a540;
T_166 ;
    %wait E_0x5763fbb65ff0;
    %load/vec4 v0x5763fbb9a7d0_0;
    %cmpi/e 1, 0, 1;
    %flag_get/vec4 4;
    %jmp/0 T_166.2, 4;
    %load/vec4 v0x5763fbb9ac20_0;
    %pushi/vec4 1, 0, 1;
    %cmp/e;
    %flag_get/vec4 4;
    %and;
T_166.2;
    %flag_set/vec4 8;
    %jmp/0xz  T_166.0, 8;
    %pushi/vec4 0, 0, 1;
    %assign/vec4 v0x5763fbb9aa90_0, 0;
    %jmp T_166.1;
T_166.0 ;
    %load/vec4 v0x5763fbb9a7d0_0;
    %cmpi/e 1, 0, 1;
    %flag_get/vec4 4;
    %jmp/0 T_166.6, 4;
    %load/vec4 v0x5763fbb9a9f0_0;
    %pushi/vec4 1, 0, 1;
    %cmp/e;
    %flag_get/vec4 4;
    %and;
T_166.6;
    %flag_set/vec4 9;
    %flag_get/vec4 9;
    %jmp/0 T_166.5, 9;
    %load/vec4 v0x5763fbb9ab80_0;
    %pushi/vec4 1, 0, 1;
    %cmp/e;
    %flag_get/vec4 4;
    %and;
T_166.5;
    %flag_set/vec4 8;
    %jmp/0xz  T_166.3, 8;
    %load/vec4 v0x5763fbb9a950_0;
    %assign/vec4 v0x5763fbb9aa90_0, 0;
T_166.3 ;
T_166.1 ;
    %jmp T_166;
    .thread T_166;
    .scope S_0x5763fbb9b0c0;
T_167 ;
    %wait E_0x5763fbb65ff0;
    %load/vec4 v0x5763fbb9b350_0;
    %cmpi/e 1, 0, 1;
    %flag_get/vec4 4;
    %jmp/0 T_167.2, 4;
    %load/vec4 v0x5763fbb9b7a0_0;
    %pushi/vec4 1, 0, 1;
    %cmp/e;
    %flag_get/vec4 4;
    %and;
T_167.2;
    %flag_set/vec4 8;
    %jmp/0xz  T_167.0, 8;
    %pushi/vec4 0, 0, 1;
    %assign/vec4 v0x5763fbb9b610_0, 0;
    %jmp T_167.1;
T_167.0 ;
    %load/vec4 v0x5763fbb9b350_0;
    %cmpi/e 1, 0, 1;
    %flag_get/vec4 4;
    %jmp/0 T_167.6, 4;
    %load/vec4 v0x5763fbb9b570_0;
    %pushi/vec4 1, 0, 1;
    %cmp/e;
    %flag_get/vec4 4;
    %and;
T_167.6;
    %flag_set/vec4 9;
    %flag_get/vec4 9;
    %jmp/0 T_167.5, 9;
    %load/vec4 v0x5763fbb9b700_0;
    %pushi/vec4 1, 0, 1;
    %cmp/e;
    %flag_get/vec4 4;
    %and;
T_167.5;
    %flag_set/vec4 8;
    %jmp/0xz  T_167.3, 8;
    %load/vec4 v0x5763fbb9b4d0_0;
    %assign/vec4 v0x5763fbb9b610_0, 0;
T_167.3 ;
T_167.1 ;
    %jmp T_167;
    .thread T_167;
    .scope S_0x5763fbb9bc40;
T_168 ;
    %wait E_0x5763fbb65ff0;
    %load/vec4 v0x5763fbb9bed0_0;
    %cmpi/e 1, 0, 1;
    %flag_get/vec4 4;
    %jmp/0 T_168.2, 4;
    %load/vec4 v0x5763fbb9c320_0;
    %pushi/vec4 1, 0, 1;
    %cmp/e;
    %flag_get/vec4 4;
    %and;
T_168.2;
    %flag_set/vec4 8;
    %jmp/0xz  T_168.0, 8;
    %pushi/vec4 0, 0, 1;
    %assign/vec4 v0x5763fbb9c190_0, 0;
    %jmp T_168.1;
T_168.0 ;
    %load/vec4 v0x5763fbb9bed0_0;
    %cmpi/e 1, 0, 1;
    %flag_get/vec4 4;
    %jmp/0 T_168.6, 4;
    %load/vec4 v0x5763fbb9c0f0_0;
    %pushi/vec4 1, 0, 1;
    %cmp/e;
    %flag_get/vec4 4;
    %and;
T_168.6;
    %flag_set/vec4 9;
    %flag_get/vec4 9;
    %jmp/0 T_168.5, 9;
    %load/vec4 v0x5763fbb9c280_0;
    %pushi/vec4 1, 0, 1;
    %cmp/e;
    %flag_get/vec4 4;
    %and;
T_168.5;
    %flag_set/vec4 8;
    %jmp/0xz  T_168.3, 8;
    %load/vec4 v0x5763fbb9c050_0;
    %assign/vec4 v0x5763fbb9c190_0, 0;
T_168.3 ;
T_168.1 ;
    %jmp T_168;
    .thread T_168;
    .scope S_0x5763fbb9d150;
T_169 ;
    %wait E_0x5763fbb65ff0;
    %load/vec4 v0x5763fbb9d420_0;
    %cmpi/e 1, 0, 1;
    %flag_get/vec4 4;
    %jmp/0 T_169.2, 4;
    %load/vec4 v0x5763fbb9d890_0;
    %pushi/vec4 1, 0, 1;
    %cmp/e;
    %flag_get/vec4 4;
    %and;
T_169.2;
    %flag_set/vec4 8;
    %jmp/0xz  T_169.0, 8;
    %pushi/vec4 0, 0, 1;
    %assign/vec4 v0x5763fbb9d6e0_0, 0;
    %jmp T_169.1;
T_169.0 ;
    %load/vec4 v0x5763fbb9d420_0;
    %cmpi/e 1, 0, 1;
    %flag_get/vec4 4;
    %jmp/0 T_169.6, 4;
    %load/vec4 v0x5763fbb9d640_0;
    %pushi/vec4 1, 0, 1;
    %cmp/e;
    %flag_get/vec4 4;
    %and;
T_169.6;
    %flag_set/vec4 9;
    %flag_get/vec4 9;
    %jmp/0 T_169.5, 9;
    %load/vec4 v0x5763fbb9d7f0_0;
    %pushi/vec4 1, 0, 1;
    %cmp/e;
    %flag_get/vec4 4;
    %and;
T_169.5;
    %flag_set/vec4 8;
    %jmp/0xz  T_169.3, 8;
    %load/vec4 v0x5763fbb9d5a0_0;
    %assign/vec4 v0x5763fbb9d6e0_0, 0;
T_169.3 ;
T_169.1 ;
    %jmp T_169;
    .thread T_169;
    .scope S_0x5763fbb9dd30;
T_170 ;
    %wait E_0x5763fbb65ff0;
    %load/vec4 v0x5763fbb9dfc0_0;
    %cmpi/e 1, 0, 1;
    %flag_get/vec4 4;
    %jmp/0 T_170.2, 4;
    %load/vec4 v0x5763fbb9e410_0;
    %pushi/vec4 1, 0, 1;
    %cmp/e;
    %flag_get/vec4 4;
    %and;
T_170.2;
    %flag_set/vec4 8;
    %jmp/0xz  T_170.0, 8;
    %pushi/vec4 0, 0, 1;
    %assign/vec4 v0x5763fbb9e280_0, 0;
    %jmp T_170.1;
T_170.0 ;
    %load/vec4 v0x5763fbb9dfc0_0;
    %cmpi/e 1, 0, 1;
    %flag_get/vec4 4;
    %jmp/0 T_170.6, 4;
    %load/vec4 v0x5763fbb9e1e0_0;
    %pushi/vec4 1, 0, 1;
    %cmp/e;
    %flag_get/vec4 4;
    %and;
T_170.6;
    %flag_set/vec4 9;
    %flag_get/vec4 9;
    %jmp/0 T_170.5, 9;
    %load/vec4 v0x5763fbb9e370_0;
    %pushi/vec4 1, 0, 1;
    %cmp/e;
    %flag_get/vec4 4;
    %and;
T_170.5;
    %flag_set/vec4 8;
    %jmp/0xz  T_170.3, 8;
    %load/vec4 v0x5763fbb9e140_0;
    %assign/vec4 v0x5763fbb9e280_0, 0;
T_170.3 ;
T_170.1 ;
    %jmp T_170;
    .thread T_170;
    .scope S_0x5763fbb9e870;
T_171 ;
    %wait E_0x5763fbb65ff0;
    %load/vec4 v0x5763fbb9eb00_0;
    %cmpi/e 1, 0, 1;
    %flag_get/vec4 4;
    %jmp/0 T_171.2, 4;
    %load/vec4 v0x5763fbb744d0_0;
    %pushi/vec4 1, 0, 1;
    %cmp/e;
    %flag_get/vec4 4;
    %and;
T_171.2;
    %flag_set/vec4 8;
    %jmp/0xz  T_171.0, 8;
    %pushi/vec4 0, 0, 1;
    %assign/vec4 v0x5763fbb74340_0, 0;
    %jmp T_171.1;
T_171.0 ;
    %load/vec4 v0x5763fbb9eb00_0;
    %cmpi/e 1, 0, 1;
    %flag_get/vec4 4;
    %jmp/0 T_171.6, 4;
    %load/vec4 v0x5763fbb74250_0;
    %pushi/vec4 1, 0, 1;
    %cmp/e;
    %flag_get/vec4 4;
    %and;
T_171.6;
    %flag_set/vec4 9;
    %flag_get/vec4 9;
    %jmp/0 T_171.5, 9;
    %load/vec4 v0x5763fbb74430_0;
    %pushi/vec4 1, 0, 1;
    %cmp/e;
    %flag_get/vec4 4;
    %and;
T_171.5;
    %flag_set/vec4 8;
    %jmp/0xz  T_171.3, 8;
    %load/vec4 v0x5763fbb74180_0;
    %assign/vec4 v0x5763fbb74340_0, 0;
T_171.3 ;
T_171.1 ;
    %jmp T_171;
    .thread T_171;
    .scope S_0x5763fbb75980;
T_172 ;
    %wait E_0x5763fbb65ff0;
    %load/vec4 v0x5763fbb75c10_0;
    %cmpi/e 1, 0, 1;
    %flag_get/vec4 4;
    %jmp/0 T_172.2, 4;
    %load/vec4 v0x5763fbb76060_0;
    %pushi/vec4 1, 0, 1;
    %cmp/e;
    %flag_get/vec4 4;
    %and;
T_172.2;
    %flag_set/vec4 8;
    %jmp/0xz  T_172.0, 8;
    %pushi/vec4 0, 0, 1;
    %assign/vec4 v0x5763fbb75ed0_0, 0;
    %jmp T_172.1;
T_172.0 ;
    %load/vec4 v0x5763fbb75c10_0;
    %cmpi/e 1, 0, 1;
    %flag_get/vec4 4;
    %jmp/0 T_172.6, 4;
    %load/vec4 v0x5763fbb75e30_0;
    %pushi/vec4 1, 0, 1;
    %cmp/e;
    %flag_get/vec4 4;
    %and;
T_172.6;
    %flag_set/vec4 9;
    %flag_get/vec4 9;
    %jmp/0 T_172.5, 9;
    %load/vec4 v0x5763fbb75fc0_0;
    %pushi/vec4 1, 0, 1;
    %cmp/e;
    %flag_get/vec4 4;
    %and;
T_172.5;
    %flag_set/vec4 8;
    %jmp/0xz  T_172.3, 8;
    %load/vec4 v0x5763fbb75d90_0;
    %assign/vec4 v0x5763fbb75ed0_0, 0;
T_172.3 ;
T_172.1 ;
    %jmp T_172;
    .thread T_172;
    .scope S_0x5763fbba2040;
T_173 ;
    %wait E_0x5763fbb65ff0;
    %load/vec4 v0x5763fbba22d0_0;
    %cmpi/e 1, 0, 1;
    %flag_get/vec4 4;
    %jmp/0 T_173.2, 4;
    %load/vec4 v0x5763fbba26d0_0;
    %pushi/vec4 1, 0, 1;
    %cmp/e;
    %flag_get/vec4 4;
    %and;
T_173.2;
    %flag_set/vec4 8;
    %jmp/0xz  T_173.0, 8;
    %pushi/vec4 0, 0, 1;
    %assign/vec4 v0x5763fbba2590_0, 0;
    %jmp T_173.1;
T_173.0 ;
    %load/vec4 v0x5763fbba22d0_0;
    %cmpi/e 1, 0, 1;
    %flag_get/vec4 4;
    %jmp/0 T_173.6, 4;
    %load/vec4 v0x5763fbba24f0_0;
    %pushi/vec4 1, 0, 1;
    %cmp/e;
    %flag_get/vec4 4;
    %and;
T_173.6;
    %flag_set/vec4 9;
    %flag_get/vec4 9;
    %jmp/0 T_173.5, 9;
    %load/vec4 v0x5763fbba2630_0;
    %pushi/vec4 1, 0, 1;
    %cmp/e;
    %flag_get/vec4 4;
    %and;
T_173.5;
    %flag_set/vec4 8;
    %jmp/0xz  T_173.3, 8;
    %load/vec4 v0x5763fbba2450_0;
    %assign/vec4 v0x5763fbba2590_0, 0;
T_173.3 ;
T_173.1 ;
    %jmp T_173;
    .thread T_173;
    .scope S_0x5763fbba2b70;
T_174 ;
    %wait E_0x5763fbb65ff0;
    %load/vec4 v0x5763fbba2e00_0;
    %cmpi/e 1, 0, 1;
    %flag_get/vec4 4;
    %jmp/0 T_174.2, 4;
    %load/vec4 v0x5763fbba3250_0;
    %pushi/vec4 1, 0, 1;
    %cmp/e;
    %flag_get/vec4 4;
    %and;
T_174.2;
    %flag_set/vec4 8;
    %jmp/0xz  T_174.0, 8;
    %pushi/vec4 0, 0, 1;
    %assign/vec4 v0x5763fbba30c0_0, 0;
    %jmp T_174.1;
T_174.0 ;
    %load/vec4 v0x5763fbba2e00_0;
    %cmpi/e 1, 0, 1;
    %flag_get/vec4 4;
    %jmp/0 T_174.6, 4;
    %load/vec4 v0x5763fbba3020_0;
    %pushi/vec4 1, 0, 1;
    %cmp/e;
    %flag_get/vec4 4;
    %and;
T_174.6;
    %flag_set/vec4 9;
    %flag_get/vec4 9;
    %jmp/0 T_174.5, 9;
    %load/vec4 v0x5763fbba31b0_0;
    %pushi/vec4 1, 0, 1;
    %cmp/e;
    %flag_get/vec4 4;
    %and;
T_174.5;
    %flag_set/vec4 8;
    %jmp/0xz  T_174.3, 8;
    %load/vec4 v0x5763fbba2f80_0;
    %assign/vec4 v0x5763fbba30c0_0, 0;
T_174.3 ;
T_174.1 ;
    %jmp T_174;
    .thread T_174;
    .scope S_0x5763fbba36f0;
T_175 ;
    %wait E_0x5763fbb65ff0;
    %load/vec4 v0x5763fbba3980_0;
    %cmpi/e 1, 0, 1;
    %flag_get/vec4 4;
    %jmp/0 T_175.2, 4;
    %load/vec4 v0x5763fbba3dd0_0;
    %pushi/vec4 1, 0, 1;
    %cmp/e;
    %flag_get/vec4 4;
    %and;
T_175.2;
    %flag_set/vec4 8;
    %jmp/0xz  T_175.0, 8;
    %pushi/vec4 0, 0, 1;
    %assign/vec4 v0x5763fbba3c40_0, 0;
    %jmp T_175.1;
T_175.0 ;
    %load/vec4 v0x5763fbba3980_0;
    %cmpi/e 1, 0, 1;
    %flag_get/vec4 4;
    %jmp/0 T_175.6, 4;
    %load/vec4 v0x5763fbba3ba0_0;
    %pushi/vec4 1, 0, 1;
    %cmp/e;
    %flag_get/vec4 4;
    %and;
T_175.6;
    %flag_set/vec4 9;
    %flag_get/vec4 9;
    %jmp/0 T_175.5, 9;
    %load/vec4 v0x5763fbba3d30_0;
    %pushi/vec4 1, 0, 1;
    %cmp/e;
    %flag_get/vec4 4;
    %and;
T_175.5;
    %flag_set/vec4 8;
    %jmp/0xz  T_175.3, 8;
    %load/vec4 v0x5763fbba3b00_0;
    %assign/vec4 v0x5763fbba3c40_0, 0;
T_175.3 ;
T_175.1 ;
    %jmp T_175;
    .thread T_175;
    .scope S_0x5763fbba4270;
T_176 ;
    %wait E_0x5763fbb65ff0;
    %load/vec4 v0x5763fbba4500_0;
    %cmpi/e 1, 0, 1;
    %flag_get/vec4 4;
    %jmp/0 T_176.2, 4;
    %load/vec4 v0x5763fbba4950_0;
    %pushi/vec4 1, 0, 1;
    %cmp/e;
    %flag_get/vec4 4;
    %and;
T_176.2;
    %flag_set/vec4 8;
    %jmp/0xz  T_176.0, 8;
    %pushi/vec4 0, 0, 1;
    %assign/vec4 v0x5763fbba47c0_0, 0;
    %jmp T_176.1;
T_176.0 ;
    %load/vec4 v0x5763fbba4500_0;
    %cmpi/e 1, 0, 1;
    %flag_get/vec4 4;
    %jmp/0 T_176.6, 4;
    %load/vec4 v0x5763fbba4720_0;
    %pushi/vec4 1, 0, 1;
    %cmp/e;
    %flag_get/vec4 4;
    %and;
T_176.6;
    %flag_set/vec4 9;
    %flag_get/vec4 9;
    %jmp/0 T_176.5, 9;
    %load/vec4 v0x5763fbba48b0_0;
    %pushi/vec4 1, 0, 1;
    %cmp/e;
    %flag_get/vec4 4;
    %and;
T_176.5;
    %flag_set/vec4 8;
    %jmp/0xz  T_176.3, 8;
    %load/vec4 v0x5763fbba4680_0;
    %assign/vec4 v0x5763fbba47c0_0, 0;
T_176.3 ;
T_176.1 ;
    %jmp T_176;
    .thread T_176;
    .scope S_0x5763fbba5780;
T_177 ;
    %wait E_0x5763fbb65ff0;
    %load/vec4 v0x5763fbba5a50_0;
    %cmpi/e 1, 0, 1;
    %flag_get/vec4 4;
    %jmp/0 T_177.2, 4;
    %load/vec4 v0x5763fbba5ec0_0;
    %pushi/vec4 1, 0, 1;
    %cmp/e;
    %flag_get/vec4 4;
    %and;
T_177.2;
    %flag_set/vec4 8;
    %jmp/0xz  T_177.0, 8;
    %pushi/vec4 0, 0, 1;
    %assign/vec4 v0x5763fbba5d10_0, 0;
    %jmp T_177.1;
T_177.0 ;
    %load/vec4 v0x5763fbba5a50_0;
    %cmpi/e 1, 0, 1;
    %flag_get/vec4 4;
    %jmp/0 T_177.6, 4;
    %load/vec4 v0x5763fbba5c70_0;
    %pushi/vec4 1, 0, 1;
    %cmp/e;
    %flag_get/vec4 4;
    %and;
T_177.6;
    %flag_set/vec4 9;
    %flag_get/vec4 9;
    %jmp/0 T_177.5, 9;
    %load/vec4 v0x5763fbba5e20_0;
    %pushi/vec4 1, 0, 1;
    %cmp/e;
    %flag_get/vec4 4;
    %and;
T_177.5;
    %flag_set/vec4 8;
    %jmp/0xz  T_177.3, 8;
    %load/vec4 v0x5763fbba5bd0_0;
    %assign/vec4 v0x5763fbba5d10_0, 0;
T_177.3 ;
T_177.1 ;
    %jmp T_177;
    .thread T_177;
    .scope S_0x5763fbba6360;
T_178 ;
    %wait E_0x5763fbb65ff0;
    %load/vec4 v0x5763fbba65f0_0;
    %cmpi/e 1, 0, 1;
    %flag_get/vec4 4;
    %jmp/0 T_178.2, 4;
    %load/vec4 v0x5763fbba6a40_0;
    %pushi/vec4 1, 0, 1;
    %cmp/e;
    %flag_get/vec4 4;
    %and;
T_178.2;
    %flag_set/vec4 8;
    %jmp/0xz  T_178.0, 8;
    %pushi/vec4 0, 0, 1;
    %assign/vec4 v0x5763fbba68b0_0, 0;
    %jmp T_178.1;
T_178.0 ;
    %load/vec4 v0x5763fbba65f0_0;
    %cmpi/e 1, 0, 1;
    %flag_get/vec4 4;
    %jmp/0 T_178.6, 4;
    %load/vec4 v0x5763fbba6810_0;
    %pushi/vec4 1, 0, 1;
    %cmp/e;
    %flag_get/vec4 4;
    %and;
T_178.6;
    %flag_set/vec4 9;
    %flag_get/vec4 9;
    %jmp/0 T_178.5, 9;
    %load/vec4 v0x5763fbba69a0_0;
    %pushi/vec4 1, 0, 1;
    %cmp/e;
    %flag_get/vec4 4;
    %and;
T_178.5;
    %flag_set/vec4 8;
    %jmp/0xz  T_178.3, 8;
    %load/vec4 v0x5763fbba6770_0;
    %assign/vec4 v0x5763fbba68b0_0, 0;
T_178.3 ;
T_178.1 ;
    %jmp T_178;
    .thread T_178;
    .scope S_0x5763fbba6ea0;
T_179 ;
    %wait E_0x5763fbb65ff0;
    %load/vec4 v0x5763fbba7130_0;
    %cmpi/e 1, 0, 1;
    %flag_get/vec4 4;
    %jmp/0 T_179.2, 4;
    %load/vec4 v0x5763fbba7600_0;
    %pushi/vec4 1, 0, 1;
    %cmp/e;
    %flag_get/vec4 4;
    %and;
T_179.2;
    %flag_set/vec4 8;
    %jmp/0xz  T_179.0, 8;
    %pushi/vec4 0, 0, 1;
    %assign/vec4 v0x5763fbba7470_0, 0;
    %jmp T_179.1;
T_179.0 ;
    %load/vec4 v0x5763fbba7130_0;
    %cmpi/e 1, 0, 1;
    %flag_get/vec4 4;
    %jmp/0 T_179.6, 4;
    %load/vec4 v0x5763fbba7380_0;
    %pushi/vec4 1, 0, 1;
    %cmp/e;
    %flag_get/vec4 4;
    %and;
T_179.6;
    %flag_set/vec4 9;
    %flag_get/vec4 9;
    %jmp/0 T_179.5, 9;
    %load/vec4 v0x5763fbba7560_0;
    %pushi/vec4 1, 0, 1;
    %cmp/e;
    %flag_get/vec4 4;
    %and;
T_179.5;
    %flag_set/vec4 8;
    %jmp/0xz  T_179.3, 8;
    %load/vec4 v0x5763fbba72b0_0;
    %assign/vec4 v0x5763fbba7470_0, 0;
T_179.3 ;
T_179.1 ;
    %jmp T_179;
    .thread T_179;
    .scope S_0x5763fbba7aa0;
T_180 ;
    %wait E_0x5763fbb65ff0;
    %load/vec4 v0x5763fbba7d30_0;
    %cmpi/e 1, 0, 1;
    %flag_get/vec4 4;
    %jmp/0 T_180.2, 4;
    %load/vec4 v0x5763fbba8180_0;
    %pushi/vec4 1, 0, 1;
    %cmp/e;
    %flag_get/vec4 4;
    %and;
T_180.2;
    %flag_set/vec4 8;
    %jmp/0xz  T_180.0, 8;
    %pushi/vec4 0, 0, 1;
    %assign/vec4 v0x5763fbba7ff0_0, 0;
    %jmp T_180.1;
T_180.0 ;
    %load/vec4 v0x5763fbba7d30_0;
    %cmpi/e 1, 0, 1;
    %flag_get/vec4 4;
    %jmp/0 T_180.6, 4;
    %load/vec4 v0x5763fbba7f50_0;
    %pushi/vec4 1, 0, 1;
    %cmp/e;
    %flag_get/vec4 4;
    %and;
T_180.6;
    %flag_set/vec4 9;
    %flag_get/vec4 9;
    %jmp/0 T_180.5, 9;
    %load/vec4 v0x5763fbba80e0_0;
    %pushi/vec4 1, 0, 1;
    %cmp/e;
    %flag_get/vec4 4;
    %and;
T_180.5;
    %flag_set/vec4 8;
    %jmp/0xz  T_180.3, 8;
    %load/vec4 v0x5763fbba7eb0_0;
    %assign/vec4 v0x5763fbba7ff0_0, 0;
T_180.3 ;
T_180.1 ;
    %jmp T_180;
    .thread T_180;
    .scope S_0x5763fbba8670;
T_181 ;
    %wait E_0x5763fbb65ff0;
    %load/vec4 v0x5763fbba8900_0;
    %cmpi/e 1, 0, 1;
    %flag_get/vec4 4;
    %jmp/0 T_181.2, 4;
    %load/vec4 v0x5763fbba8d00_0;
    %pushi/vec4 1, 0, 1;
    %cmp/e;
    %flag_get/vec4 4;
    %and;
T_181.2;
    %flag_set/vec4 8;
    %jmp/0xz  T_181.0, 8;
    %pushi/vec4 0, 0, 1;
    %assign/vec4 v0x5763fbba8bc0_0, 0;
    %jmp T_181.1;
T_181.0 ;
    %load/vec4 v0x5763fbba8900_0;
    %cmpi/e 1, 0, 1;
    %flag_get/vec4 4;
    %jmp/0 T_181.6, 4;
    %load/vec4 v0x5763fbba8b20_0;
    %pushi/vec4 1, 0, 1;
    %cmp/e;
    %flag_get/vec4 4;
    %and;
T_181.6;
    %flag_set/vec4 9;
    %flag_get/vec4 9;
    %jmp/0 T_181.5, 9;
    %load/vec4 v0x5763fbba8c60_0;
    %pushi/vec4 1, 0, 1;
    %cmp/e;
    %flag_get/vec4 4;
    %and;
T_181.5;
    %flag_set/vec4 8;
    %jmp/0xz  T_181.3, 8;
    %load/vec4 v0x5763fbba8a80_0;
    %assign/vec4 v0x5763fbba8bc0_0, 0;
T_181.3 ;
T_181.1 ;
    %jmp T_181;
    .thread T_181;
    .scope S_0x5763fbba91a0;
T_182 ;
    %wait E_0x5763fbb65ff0;
    %load/vec4 v0x5763fbba9430_0;
    %cmpi/e 1, 0, 1;
    %flag_get/vec4 4;
    %jmp/0 T_182.2, 4;
    %load/vec4 v0x5763fbba9880_0;
    %pushi/vec4 1, 0, 1;
    %cmp/e;
    %flag_get/vec4 4;
    %and;
T_182.2;
    %flag_set/vec4 8;
    %jmp/0xz  T_182.0, 8;
    %pushi/vec4 0, 0, 1;
    %assign/vec4 v0x5763fbba96f0_0, 0;
    %jmp T_182.1;
T_182.0 ;
    %load/vec4 v0x5763fbba9430_0;
    %cmpi/e 1, 0, 1;
    %flag_get/vec4 4;
    %jmp/0 T_182.6, 4;
    %load/vec4 v0x5763fbba9650_0;
    %pushi/vec4 1, 0, 1;
    %cmp/e;
    %flag_get/vec4 4;
    %and;
T_182.6;
    %flag_set/vec4 9;
    %flag_get/vec4 9;
    %jmp/0 T_182.5, 9;
    %load/vec4 v0x5763fbba97e0_0;
    %pushi/vec4 1, 0, 1;
    %cmp/e;
    %flag_get/vec4 4;
    %and;
T_182.5;
    %flag_set/vec4 8;
    %jmp/0xz  T_182.3, 8;
    %load/vec4 v0x5763fbba95b0_0;
    %assign/vec4 v0x5763fbba96f0_0, 0;
T_182.3 ;
T_182.1 ;
    %jmp T_182;
    .thread T_182;
    .scope S_0x5763fbba9d20;
T_183 ;
    %wait E_0x5763fbb65ff0;
    %load/vec4 v0x5763fbba9fb0_0;
    %cmpi/e 1, 0, 1;
    %flag_get/vec4 4;
    %jmp/0 T_183.2, 4;
    %load/vec4 v0x5763fbbaa400_0;
    %pushi/vec4 1, 0, 1;
    %cmp/e;
    %flag_get/vec4 4;
    %and;
T_183.2;
    %flag_set/vec4 8;
    %jmp/0xz  T_183.0, 8;
    %pushi/vec4 0, 0, 1;
    %assign/vec4 v0x5763fbbaa270_0, 0;
    %jmp T_183.1;
T_183.0 ;
    %load/vec4 v0x5763fbba9fb0_0;
    %cmpi/e 1, 0, 1;
    %flag_get/vec4 4;
    %jmp/0 T_183.6, 4;
    %load/vec4 v0x5763fbbaa1d0_0;
    %pushi/vec4 1, 0, 1;
    %cmp/e;
    %flag_get/vec4 4;
    %and;
T_183.6;
    %flag_set/vec4 9;
    %flag_get/vec4 9;
    %jmp/0 T_183.5, 9;
    %load/vec4 v0x5763fbbaa360_0;
    %pushi/vec4 1, 0, 1;
    %cmp/e;
    %flag_get/vec4 4;
    %and;
T_183.5;
    %flag_set/vec4 8;
    %jmp/0xz  T_183.3, 8;
    %load/vec4 v0x5763fbbaa130_0;
    %assign/vec4 v0x5763fbbaa270_0, 0;
T_183.3 ;
T_183.1 ;
    %jmp T_183;
    .thread T_183;
    .scope S_0x5763fbbaa8a0;
T_184 ;
    %wait E_0x5763fbb65ff0;
    %load/vec4 v0x5763fbbaab30_0;
    %cmpi/e 1, 0, 1;
    %flag_get/vec4 4;
    %jmp/0 T_184.2, 4;
    %load/vec4 v0x5763fbbaaf80_0;
    %pushi/vec4 1, 0, 1;
    %cmp/e;
    %flag_get/vec4 4;
    %and;
T_184.2;
    %flag_set/vec4 8;
    %jmp/0xz  T_184.0, 8;
    %pushi/vec4 0, 0, 1;
    %assign/vec4 v0x5763fbbaadf0_0, 0;
    %jmp T_184.1;
T_184.0 ;
    %load/vec4 v0x5763fbbaab30_0;
    %cmpi/e 1, 0, 1;
    %flag_get/vec4 4;
    %jmp/0 T_184.6, 4;
    %load/vec4 v0x5763fbbaad50_0;
    %pushi/vec4 1, 0, 1;
    %cmp/e;
    %flag_get/vec4 4;
    %and;
T_184.6;
    %flag_set/vec4 9;
    %flag_get/vec4 9;
    %jmp/0 T_184.5, 9;
    %load/vec4 v0x5763fbbaaee0_0;
    %pushi/vec4 1, 0, 1;
    %cmp/e;
    %flag_get/vec4 4;
    %and;
T_184.5;
    %flag_set/vec4 8;
    %jmp/0xz  T_184.3, 8;
    %load/vec4 v0x5763fbbaacb0_0;
    %assign/vec4 v0x5763fbbaadf0_0, 0;
T_184.3 ;
T_184.1 ;
    %jmp T_184;
    .thread T_184;
    .scope S_0x5763fbbabdb0;
T_185 ;
    %wait E_0x5763fbb65ff0;
    %load/vec4 v0x5763fbbac080_0;
    %cmpi/e 1, 0, 1;
    %flag_get/vec4 4;
    %jmp/0 T_185.2, 4;
    %load/vec4 v0x5763fbbac4f0_0;
    %pushi/vec4 1, 0, 1;
    %cmp/e;
    %flag_get/vec4 4;
    %and;
T_185.2;
    %flag_set/vec4 8;
    %jmp/0xz  T_185.0, 8;
    %pushi/vec4 0, 0, 1;
    %assign/vec4 v0x5763fbbac340_0, 0;
    %jmp T_185.1;
T_185.0 ;
    %load/vec4 v0x5763fbbac080_0;
    %cmpi/e 1, 0, 1;
    %flag_get/vec4 4;
    %jmp/0 T_185.6, 4;
    %load/vec4 v0x5763fbbac2a0_0;
    %pushi/vec4 1, 0, 1;
    %cmp/e;
    %flag_get/vec4 4;
    %and;
T_185.6;
    %flag_set/vec4 9;
    %flag_get/vec4 9;
    %jmp/0 T_185.5, 9;
    %load/vec4 v0x5763fbbac450_0;
    %pushi/vec4 1, 0, 1;
    %cmp/e;
    %flag_get/vec4 4;
    %and;
T_185.5;
    %flag_set/vec4 8;
    %jmp/0xz  T_185.3, 8;
    %load/vec4 v0x5763fbbac200_0;
    %assign/vec4 v0x5763fbbac340_0, 0;
T_185.3 ;
T_185.1 ;
    %jmp T_185;
    .thread T_185;
    .scope S_0x5763fbbac990;
T_186 ;
    %wait E_0x5763fbb65ff0;
    %load/vec4 v0x5763fbbacc20_0;
    %cmpi/e 1, 0, 1;
    %flag_get/vec4 4;
    %jmp/0 T_186.2, 4;
    %load/vec4 v0x5763fbbad070_0;
    %pushi/vec4 1, 0, 1;
    %cmp/e;
    %flag_get/vec4 4;
    %and;
T_186.2;
    %flag_set/vec4 8;
    %jmp/0xz  T_186.0, 8;
    %pushi/vec4 0, 0, 1;
    %assign/vec4 v0x5763fbbacee0_0, 0;
    %jmp T_186.1;
T_186.0 ;
    %load/vec4 v0x5763fbbacc20_0;
    %cmpi/e 1, 0, 1;
    %flag_get/vec4 4;
    %jmp/0 T_186.6, 4;
    %load/vec4 v0x5763fbbace40_0;
    %pushi/vec4 1, 0, 1;
    %cmp/e;
    %flag_get/vec4 4;
    %and;
T_186.6;
    %flag_set/vec4 9;
    %flag_get/vec4 9;
    %jmp/0 T_186.5, 9;
    %load/vec4 v0x5763fbbacfd0_0;
    %pushi/vec4 1, 0, 1;
    %cmp/e;
    %flag_get/vec4 4;
    %and;
T_186.5;
    %flag_set/vec4 8;
    %jmp/0xz  T_186.3, 8;
    %load/vec4 v0x5763fbbacda0_0;
    %assign/vec4 v0x5763fbbacee0_0, 0;
T_186.3 ;
T_186.1 ;
    %jmp T_186;
    .thread T_186;
    .scope S_0x5763fbbad4d0;
T_187 ;
    %wait E_0x5763fbb65ff0;
    %load/vec4 v0x5763fbbad760_0;
    %cmpi/e 1, 0, 1;
    %flag_get/vec4 4;
    %jmp/0 T_187.2, 4;
    %load/vec4 v0x5763fbbadc30_0;
    %pushi/vec4 1, 0, 1;
    %cmp/e;
    %flag_get/vec4 4;
    %and;
T_187.2;
    %flag_set/vec4 8;
    %jmp/0xz  T_187.0, 8;
    %pushi/vec4 0, 0, 1;
    %assign/vec4 v0x5763fbbadaa0_0, 0;
    %jmp T_187.1;
T_187.0 ;
    %load/vec4 v0x5763fbbad760_0;
    %cmpi/e 1, 0, 1;
    %flag_get/vec4 4;
    %jmp/0 T_187.6, 4;
    %load/vec4 v0x5763fbbad9b0_0;
    %pushi/vec4 1, 0, 1;
    %cmp/e;
    %flag_get/vec4 4;
    %and;
T_187.6;
    %flag_set/vec4 9;
    %flag_get/vec4 9;
    %jmp/0 T_187.5, 9;
    %load/vec4 v0x5763fbbadb90_0;
    %pushi/vec4 1, 0, 1;
    %cmp/e;
    %flag_get/vec4 4;
    %and;
T_187.5;
    %flag_set/vec4 8;
    %jmp/0xz  T_187.3, 8;
    %load/vec4 v0x5763fbbad8e0_0;
    %assign/vec4 v0x5763fbbadaa0_0, 0;
T_187.3 ;
T_187.1 ;
    %jmp T_187;
    .thread T_187;
    .scope S_0x5763fbbae0d0;
T_188 ;
    %wait E_0x5763fbb65ff0;
    %load/vec4 v0x5763fbbae360_0;
    %cmpi/e 1, 0, 1;
    %flag_get/vec4 4;
    %jmp/0 T_188.2, 4;
    %load/vec4 v0x5763fbbae7b0_0;
    %pushi/vec4 1, 0, 1;
    %cmp/e;
    %flag_get/vec4 4;
    %and;
T_188.2;
    %flag_set/vec4 8;
    %jmp/0xz  T_188.0, 8;
    %pushi/vec4 0, 0, 1;
    %assign/vec4 v0x5763fbbae620_0, 0;
    %jmp T_188.1;
T_188.0 ;
    %load/vec4 v0x5763fbbae360_0;
    %cmpi/e 1, 0, 1;
    %flag_get/vec4 4;
    %jmp/0 T_188.6, 4;
    %load/vec4 v0x5763fbbae580_0;
    %pushi/vec4 1, 0, 1;
    %cmp/e;
    %flag_get/vec4 4;
    %and;
T_188.6;
    %flag_set/vec4 9;
    %flag_get/vec4 9;
    %jmp/0 T_188.5, 9;
    %load/vec4 v0x5763fbbae710_0;
    %pushi/vec4 1, 0, 1;
    %cmp/e;
    %flag_get/vec4 4;
    %and;
T_188.5;
    %flag_set/vec4 8;
    %jmp/0xz  T_188.3, 8;
    %load/vec4 v0x5763fbbae4e0_0;
    %assign/vec4 v0x5763fbbae620_0, 0;
T_188.3 ;
T_188.1 ;
    %jmp T_188;
    .thread T_188;
    .scope S_0x5763fbbaeca0;
T_189 ;
    %wait E_0x5763fbb65ff0;
    %load/vec4 v0x5763fbbaef30_0;
    %cmpi/e 1, 0, 1;
    %flag_get/vec4 4;
    %jmp/0 T_189.2, 4;
    %load/vec4 v0x5763fbbaf330_0;
    %pushi/vec4 1, 0, 1;
    %cmp/e;
    %flag_get/vec4 4;
    %and;
T_189.2;
    %flag_set/vec4 8;
    %jmp/0xz  T_189.0, 8;
    %pushi/vec4 0, 0, 1;
    %assign/vec4 v0x5763fbbaf1f0_0, 0;
    %jmp T_189.1;
T_189.0 ;
    %load/vec4 v0x5763fbbaef30_0;
    %cmpi/e 1, 0, 1;
    %flag_get/vec4 4;
    %jmp/0 T_189.6, 4;
    %load/vec4 v0x5763fbbaf150_0;
    %pushi/vec4 1, 0, 1;
    %cmp/e;
    %flag_get/vec4 4;
    %and;
T_189.6;
    %flag_set/vec4 9;
    %flag_get/vec4 9;
    %jmp/0 T_189.5, 9;
    %load/vec4 v0x5763fbbaf290_0;
    %pushi/vec4 1, 0, 1;
    %cmp/e;
    %flag_get/vec4 4;
    %and;
T_189.5;
    %flag_set/vec4 8;
    %jmp/0xz  T_189.3, 8;
    %load/vec4 v0x5763fbbaf0b0_0;
    %assign/vec4 v0x5763fbbaf1f0_0, 0;
T_189.3 ;
T_189.1 ;
    %jmp T_189;
    .thread T_189;
    .scope S_0x5763fbbaf7d0;
T_190 ;
    %wait E_0x5763fbb65ff0;
    %load/vec4 v0x5763fbbafa60_0;
    %cmpi/e 1, 0, 1;
    %flag_get/vec4 4;
    %jmp/0 T_190.2, 4;
    %load/vec4 v0x5763fbbafeb0_0;
    %pushi/vec4 1, 0, 1;
    %cmp/e;
    %flag_get/vec4 4;
    %and;
T_190.2;
    %flag_set/vec4 8;
    %jmp/0xz  T_190.0, 8;
    %pushi/vec4 0, 0, 1;
    %assign/vec4 v0x5763fbbafd20_0, 0;
    %jmp T_190.1;
T_190.0 ;
    %load/vec4 v0x5763fbbafa60_0;
    %cmpi/e 1, 0, 1;
    %flag_get/vec4 4;
    %jmp/0 T_190.6, 4;
    %load/vec4 v0x5763fbbafc80_0;
    %pushi/vec4 1, 0, 1;
    %cmp/e;
    %flag_get/vec4 4;
    %and;
T_190.6;
    %flag_set/vec4 9;
    %flag_get/vec4 9;
    %jmp/0 T_190.5, 9;
    %load/vec4 v0x5763fbbafe10_0;
    %pushi/vec4 1, 0, 1;
    %cmp/e;
    %flag_get/vec4 4;
    %and;
T_190.5;
    %flag_set/vec4 8;
    %jmp/0xz  T_190.3, 8;
    %load/vec4 v0x5763fbbafbe0_0;
    %assign/vec4 v0x5763fbbafd20_0, 0;
T_190.3 ;
T_190.1 ;
    %jmp T_190;
    .thread T_190;
    .scope S_0x5763fbbb0350;
T_191 ;
    %wait E_0x5763fbb65ff0;
    %load/vec4 v0x5763fbbb05e0_0;
    %cmpi/e 1, 0, 1;
    %flag_get/vec4 4;
    %jmp/0 T_191.2, 4;
    %load/vec4 v0x5763fbbb0a30_0;
    %pushi/vec4 1, 0, 1;
    %cmp/e;
    %flag_get/vec4 4;
    %and;
T_191.2;
    %flag_set/vec4 8;
    %jmp/0xz  T_191.0, 8;
    %pushi/vec4 0, 0, 1;
    %assign/vec4 v0x5763fbbb08a0_0, 0;
    %jmp T_191.1;
T_191.0 ;
    %load/vec4 v0x5763fbbb05e0_0;
    %cmpi/e 1, 0, 1;
    %flag_get/vec4 4;
    %jmp/0 T_191.6, 4;
    %load/vec4 v0x5763fbbb0800_0;
    %pushi/vec4 1, 0, 1;
    %cmp/e;
    %flag_get/vec4 4;
    %and;
T_191.6;
    %flag_set/vec4 9;
    %flag_get/vec4 9;
    %jmp/0 T_191.5, 9;
    %load/vec4 v0x5763fbbb0990_0;
    %pushi/vec4 1, 0, 1;
    %cmp/e;
    %flag_get/vec4 4;
    %and;
T_191.5;
    %flag_set/vec4 8;
    %jmp/0xz  T_191.3, 8;
    %load/vec4 v0x5763fbbb0760_0;
    %assign/vec4 v0x5763fbbb08a0_0, 0;
T_191.3 ;
T_191.1 ;
    %jmp T_191;
    .thread T_191;
    .scope S_0x5763fbbb0ed0;
T_192 ;
    %wait E_0x5763fbb65ff0;
    %load/vec4 v0x5763fbbb1160_0;
    %cmpi/e 1, 0, 1;
    %flag_get/vec4 4;
    %jmp/0 T_192.2, 4;
    %load/vec4 v0x5763fbbb15b0_0;
    %pushi/vec4 1, 0, 1;
    %cmp/e;
    %flag_get/vec4 4;
    %and;
T_192.2;
    %flag_set/vec4 8;
    %jmp/0xz  T_192.0, 8;
    %pushi/vec4 0, 0, 1;
    %assign/vec4 v0x5763fbbb1420_0, 0;
    %jmp T_192.1;
T_192.0 ;
    %load/vec4 v0x5763fbbb1160_0;
    %cmpi/e 1, 0, 1;
    %flag_get/vec4 4;
    %jmp/0 T_192.6, 4;
    %load/vec4 v0x5763fbbb1380_0;
    %pushi/vec4 1, 0, 1;
    %cmp/e;
    %flag_get/vec4 4;
    %and;
T_192.6;
    %flag_set/vec4 9;
    %flag_get/vec4 9;
    %jmp/0 T_192.5, 9;
    %load/vec4 v0x5763fbbb1510_0;
    %pushi/vec4 1, 0, 1;
    %cmp/e;
    %flag_get/vec4 4;
    %and;
T_192.5;
    %flag_set/vec4 8;
    %jmp/0xz  T_192.3, 8;
    %load/vec4 v0x5763fbbb12e0_0;
    %assign/vec4 v0x5763fbbb1420_0, 0;
T_192.3 ;
T_192.1 ;
    %jmp T_192;
    .thread T_192;
    .scope S_0x5763fbbb23e0;
T_193 ;
    %wait E_0x5763fbb65ff0;
    %load/vec4 v0x5763fbbb26b0_0;
    %cmpi/e 1, 0, 1;
    %flag_get/vec4 4;
    %jmp/0 T_193.2, 4;
    %load/vec4 v0x5763fbbb2b20_0;
    %pushi/vec4 1, 0, 1;
    %cmp/e;
    %flag_get/vec4 4;
    %and;
T_193.2;
    %flag_set/vec4 8;
    %jmp/0xz  T_193.0, 8;
    %pushi/vec4 0, 0, 1;
    %assign/vec4 v0x5763fbbb2970_0, 0;
    %jmp T_193.1;
T_193.0 ;
    %load/vec4 v0x5763fbbb26b0_0;
    %cmpi/e 1, 0, 1;
    %flag_get/vec4 4;
    %jmp/0 T_193.6, 4;
    %load/vec4 v0x5763fbbb28d0_0;
    %pushi/vec4 1, 0, 1;
    %cmp/e;
    %flag_get/vec4 4;
    %and;
T_193.6;
    %flag_set/vec4 9;
    %flag_get/vec4 9;
    %jmp/0 T_193.5, 9;
    %load/vec4 v0x5763fbbb2a80_0;
    %pushi/vec4 1, 0, 1;
    %cmp/e;
    %flag_get/vec4 4;
    %and;
T_193.5;
    %flag_set/vec4 8;
    %jmp/0xz  T_193.3, 8;
    %load/vec4 v0x5763fbbb2830_0;
    %assign/vec4 v0x5763fbbb2970_0, 0;
T_193.3 ;
T_193.1 ;
    %jmp T_193;
    .thread T_193;
    .scope S_0x5763fbbb2fc0;
T_194 ;
    %wait E_0x5763fbb65ff0;
    %load/vec4 v0x5763fbbb3250_0;
    %cmpi/e 1, 0, 1;
    %flag_get/vec4 4;
    %jmp/0 T_194.2, 4;
    %load/vec4 v0x5763fbbb36a0_0;
    %pushi/vec4 1, 0, 1;
    %cmp/e;
    %flag_get/vec4 4;
    %and;
T_194.2;
    %flag_set/vec4 8;
    %jmp/0xz  T_194.0, 8;
    %pushi/vec4 0, 0, 1;
    %assign/vec4 v0x5763fbbb3510_0, 0;
    %jmp T_194.1;
T_194.0 ;
    %load/vec4 v0x5763fbbb3250_0;
    %cmpi/e 1, 0, 1;
    %flag_get/vec4 4;
    %jmp/0 T_194.6, 4;
    %load/vec4 v0x5763fbbb3470_0;
    %pushi/vec4 1, 0, 1;
    %cmp/e;
    %flag_get/vec4 4;
    %and;
T_194.6;
    %flag_set/vec4 9;
    %flag_get/vec4 9;
    %jmp/0 T_194.5, 9;
    %load/vec4 v0x5763fbbb3600_0;
    %pushi/vec4 1, 0, 1;
    %cmp/e;
    %flag_get/vec4 4;
    %and;
T_194.5;
    %flag_set/vec4 8;
    %jmp/0xz  T_194.3, 8;
    %load/vec4 v0x5763fbbb33d0_0;
    %assign/vec4 v0x5763fbbb3510_0, 0;
T_194.3 ;
T_194.1 ;
    %jmp T_194;
    .thread T_194;
    .scope S_0x5763fbbb3b00;
T_195 ;
    %wait E_0x5763fbb65ff0;
    %load/vec4 v0x5763fbbb3d90_0;
    %cmpi/e 1, 0, 1;
    %flag_get/vec4 4;
    %jmp/0 T_195.2, 4;
    %load/vec4 v0x5763fbbb4260_0;
    %pushi/vec4 1, 0, 1;
    %cmp/e;
    %flag_get/vec4 4;
    %and;
T_195.2;
    %flag_set/vec4 8;
    %jmp/0xz  T_195.0, 8;
    %pushi/vec4 0, 0, 1;
    %assign/vec4 v0x5763fbbb40d0_0, 0;
    %jmp T_195.1;
T_195.0 ;
    %load/vec4 v0x5763fbbb3d90_0;
    %cmpi/e 1, 0, 1;
    %flag_get/vec4 4;
    %jmp/0 T_195.6, 4;
    %load/vec4 v0x5763fbbb3fe0_0;
    %pushi/vec4 1, 0, 1;
    %cmp/e;
    %flag_get/vec4 4;
    %and;
T_195.6;
    %flag_set/vec4 9;
    %flag_get/vec4 9;
    %jmp/0 T_195.5, 9;
    %load/vec4 v0x5763fbbb41c0_0;
    %pushi/vec4 1, 0, 1;
    %cmp/e;
    %flag_get/vec4 4;
    %and;
T_195.5;
    %flag_set/vec4 8;
    %jmp/0xz  T_195.3, 8;
    %load/vec4 v0x5763fbbb3f10_0;
    %assign/vec4 v0x5763fbbb40d0_0, 0;
T_195.3 ;
T_195.1 ;
    %jmp T_195;
    .thread T_195;
    .scope S_0x5763fbbb4700;
T_196 ;
    %wait E_0x5763fbb65ff0;
    %load/vec4 v0x5763fbbb4990_0;
    %cmpi/e 1, 0, 1;
    %flag_get/vec4 4;
    %jmp/0 T_196.2, 4;
    %load/vec4 v0x5763fbbb4de0_0;
    %pushi/vec4 1, 0, 1;
    %cmp/e;
    %flag_get/vec4 4;
    %and;
T_196.2;
    %flag_set/vec4 8;
    %jmp/0xz  T_196.0, 8;
    %pushi/vec4 0, 0, 1;
    %assign/vec4 v0x5763fbbb4c50_0, 0;
    %jmp T_196.1;
T_196.0 ;
    %load/vec4 v0x5763fbbb4990_0;
    %cmpi/e 1, 0, 1;
    %flag_get/vec4 4;
    %jmp/0 T_196.6, 4;
    %load/vec4 v0x5763fbbb4bb0_0;
    %pushi/vec4 1, 0, 1;
    %cmp/e;
    %flag_get/vec4 4;
    %and;
T_196.6;
    %flag_set/vec4 9;
    %flag_get/vec4 9;
    %jmp/0 T_196.5, 9;
    %load/vec4 v0x5763fbbb4d40_0;
    %pushi/vec4 1, 0, 1;
    %cmp/e;
    %flag_get/vec4 4;
    %and;
T_196.5;
    %flag_set/vec4 8;
    %jmp/0xz  T_196.3, 8;
    %load/vec4 v0x5763fbbb4b10_0;
    %assign/vec4 v0x5763fbbb4c50_0, 0;
T_196.3 ;
T_196.1 ;
    %jmp T_196;
    .thread T_196;
    .scope S_0x5763fbbb52d0;
T_197 ;
    %wait E_0x5763fbb65ff0;
    %load/vec4 v0x5763fbbb5560_0;
    %cmpi/e 1, 0, 1;
    %flag_get/vec4 4;
    %jmp/0 T_197.2, 4;
    %load/vec4 v0x5763fbbb5960_0;
    %pushi/vec4 1, 0, 1;
    %cmp/e;
    %flag_get/vec4 4;
    %and;
T_197.2;
    %flag_set/vec4 8;
    %jmp/0xz  T_197.0, 8;
    %pushi/vec4 0, 0, 1;
    %assign/vec4 v0x5763fbbb5820_0, 0;
    %jmp T_197.1;
T_197.0 ;
    %load/vec4 v0x5763fbbb5560_0;
    %cmpi/e 1, 0, 1;
    %flag_get/vec4 4;
    %jmp/0 T_197.6, 4;
    %load/vec4 v0x5763fbbb5780_0;
    %pushi/vec4 1, 0, 1;
    %cmp/e;
    %flag_get/vec4 4;
    %and;
T_197.6;
    %flag_set/vec4 9;
    %flag_get/vec4 9;
    %jmp/0 T_197.5, 9;
    %load/vec4 v0x5763fbbb58c0_0;
    %pushi/vec4 1, 0, 1;
    %cmp/e;
    %flag_get/vec4 4;
    %and;
T_197.5;
    %flag_set/vec4 8;
    %jmp/0xz  T_197.3, 8;
    %load/vec4 v0x5763fbbb56e0_0;
    %assign/vec4 v0x5763fbbb5820_0, 0;
T_197.3 ;
T_197.1 ;
    %jmp T_197;
    .thread T_197;
    .scope S_0x5763fbbb5e00;
T_198 ;
    %wait E_0x5763fbb65ff0;
    %load/vec4 v0x5763fbbb6090_0;
    %cmpi/e 1, 0, 1;
    %flag_get/vec4 4;
    %jmp/0 T_198.2, 4;
    %load/vec4 v0x5763fbbb64e0_0;
    %pushi/vec4 1, 0, 1;
    %cmp/e;
    %flag_get/vec4 4;
    %and;
T_198.2;
    %flag_set/vec4 8;
    %jmp/0xz  T_198.0, 8;
    %pushi/vec4 0, 0, 1;
    %assign/vec4 v0x5763fbbb6350_0, 0;
    %jmp T_198.1;
T_198.0 ;
    %load/vec4 v0x5763fbbb6090_0;
    %cmpi/e 1, 0, 1;
    %flag_get/vec4 4;
    %jmp/0 T_198.6, 4;
    %load/vec4 v0x5763fbbb62b0_0;
    %pushi/vec4 1, 0, 1;
    %cmp/e;
    %flag_get/vec4 4;
    %and;
T_198.6;
    %flag_set/vec4 9;
    %flag_get/vec4 9;
    %jmp/0 T_198.5, 9;
    %load/vec4 v0x5763fbbb6440_0;
    %pushi/vec4 1, 0, 1;
    %cmp/e;
    %flag_get/vec4 4;
    %and;
T_198.5;
    %flag_set/vec4 8;
    %jmp/0xz  T_198.3, 8;
    %load/vec4 v0x5763fbbb6210_0;
    %assign/vec4 v0x5763fbbb6350_0, 0;
T_198.3 ;
T_198.1 ;
    %jmp T_198;
    .thread T_198;
    .scope S_0x5763fbbb6980;
T_199 ;
    %wait E_0x5763fbb65ff0;
    %load/vec4 v0x5763fbbb6c10_0;
    %cmpi/e 1, 0, 1;
    %flag_get/vec4 4;
    %jmp/0 T_199.2, 4;
    %load/vec4 v0x5763fbbb7060_0;
    %pushi/vec4 1, 0, 1;
    %cmp/e;
    %flag_get/vec4 4;
    %and;
T_199.2;
    %flag_set/vec4 8;
    %jmp/0xz  T_199.0, 8;
    %pushi/vec4 0, 0, 1;
    %assign/vec4 v0x5763fbbb6ed0_0, 0;
    %jmp T_199.1;
T_199.0 ;
    %load/vec4 v0x5763fbbb6c10_0;
    %cmpi/e 1, 0, 1;
    %flag_get/vec4 4;
    %jmp/0 T_199.6, 4;
    %load/vec4 v0x5763fbbb6e30_0;
    %pushi/vec4 1, 0, 1;
    %cmp/e;
    %flag_get/vec4 4;
    %and;
T_199.6;
    %flag_set/vec4 9;
    %flag_get/vec4 9;
    %jmp/0 T_199.5, 9;
    %load/vec4 v0x5763fbbb6fc0_0;
    %pushi/vec4 1, 0, 1;
    %cmp/e;
    %flag_get/vec4 4;
    %and;
T_199.5;
    %flag_set/vec4 8;
    %jmp/0xz  T_199.3, 8;
    %load/vec4 v0x5763fbbb6d90_0;
    %assign/vec4 v0x5763fbbb6ed0_0, 0;
T_199.3 ;
T_199.1 ;
    %jmp T_199;
    .thread T_199;
    .scope S_0x5763fbbb7500;
T_200 ;
    %wait E_0x5763fbb65ff0;
    %load/vec4 v0x5763fbbb7790_0;
    %cmpi/e 1, 0, 1;
    %flag_get/vec4 4;
    %jmp/0 T_200.2, 4;
    %load/vec4 v0x5763fbbb7be0_0;
    %pushi/vec4 1, 0, 1;
    %cmp/e;
    %flag_get/vec4 4;
    %and;
T_200.2;
    %flag_set/vec4 8;
    %jmp/0xz  T_200.0, 8;
    %pushi/vec4 0, 0, 1;
    %assign/vec4 v0x5763fbbb7a50_0, 0;
    %jmp T_200.1;
T_200.0 ;
    %load/vec4 v0x5763fbbb7790_0;
    %cmpi/e 1, 0, 1;
    %flag_get/vec4 4;
    %jmp/0 T_200.6, 4;
    %load/vec4 v0x5763fbbb79b0_0;
    %pushi/vec4 1, 0, 1;
    %cmp/e;
    %flag_get/vec4 4;
    %and;
T_200.6;
    %flag_set/vec4 9;
    %flag_get/vec4 9;
    %jmp/0 T_200.5, 9;
    %load/vec4 v0x5763fbbb7b40_0;
    %pushi/vec4 1, 0, 1;
    %cmp/e;
    %flag_get/vec4 4;
    %and;
T_200.5;
    %flag_set/vec4 8;
    %jmp/0xz  T_200.3, 8;
    %load/vec4 v0x5763fbbb7910_0;
    %assign/vec4 v0x5763fbbb7a50_0, 0;
T_200.3 ;
T_200.1 ;
    %jmp T_200;
    .thread T_200;
    .scope S_0x5763fbbb8a10;
T_201 ;
    %wait E_0x5763fbb65ff0;
    %load/vec4 v0x5763fbbb8ce0_0;
    %cmpi/e 1, 0, 1;
    %flag_get/vec4 4;
    %jmp/0 T_201.2, 4;
    %load/vec4 v0x5763fbbb9150_0;
    %pushi/vec4 1, 0, 1;
    %cmp/e;
    %flag_get/vec4 4;
    %and;
T_201.2;
    %flag_set/vec4 8;
    %jmp/0xz  T_201.0, 8;
    %pushi/vec4 0, 0, 1;
    %assign/vec4 v0x5763fbbb8fa0_0, 0;
    %jmp T_201.1;
T_201.0 ;
    %load/vec4 v0x5763fbbb8ce0_0;
    %cmpi/e 1, 0, 1;
    %flag_get/vec4 4;
    %jmp/0 T_201.6, 4;
    %load/vec4 v0x5763fbbb8f00_0;
    %pushi/vec4 1, 0, 1;
    %cmp/e;
    %flag_get/vec4 4;
    %and;
T_201.6;
    %flag_set/vec4 9;
    %flag_get/vec4 9;
    %jmp/0 T_201.5, 9;
    %load/vec4 v0x5763fbbb90b0_0;
    %pushi/vec4 1, 0, 1;
    %cmp/e;
    %flag_get/vec4 4;
    %and;
T_201.5;
    %flag_set/vec4 8;
    %jmp/0xz  T_201.3, 8;
    %load/vec4 v0x5763fbbb8e60_0;
    %assign/vec4 v0x5763fbbb8fa0_0, 0;
T_201.3 ;
T_201.1 ;
    %jmp T_201;
    .thread T_201;
    .scope S_0x5763fbbb95f0;
T_202 ;
    %wait E_0x5763fbb65ff0;
    %load/vec4 v0x5763fbbb9880_0;
    %cmpi/e 1, 0, 1;
    %flag_get/vec4 4;
    %jmp/0 T_202.2, 4;
    %load/vec4 v0x5763fbbb9cd0_0;
    %pushi/vec4 1, 0, 1;
    %cmp/e;
    %flag_get/vec4 4;
    %and;
T_202.2;
    %flag_set/vec4 8;
    %jmp/0xz  T_202.0, 8;
    %pushi/vec4 0, 0, 1;
    %assign/vec4 v0x5763fbbb9b40_0, 0;
    %jmp T_202.1;
T_202.0 ;
    %load/vec4 v0x5763fbbb9880_0;
    %cmpi/e 1, 0, 1;
    %flag_get/vec4 4;
    %jmp/0 T_202.6, 4;
    %load/vec4 v0x5763fbbb9aa0_0;
    %pushi/vec4 1, 0, 1;
    %cmp/e;
    %flag_get/vec4 4;
    %and;
T_202.6;
    %flag_set/vec4 9;
    %flag_get/vec4 9;
    %jmp/0 T_202.5, 9;
    %load/vec4 v0x5763fbbb9c30_0;
    %pushi/vec4 1, 0, 1;
    %cmp/e;
    %flag_get/vec4 4;
    %and;
T_202.5;
    %flag_set/vec4 8;
    %jmp/0xz  T_202.3, 8;
    %load/vec4 v0x5763fbbb9a00_0;
    %assign/vec4 v0x5763fbbb9b40_0, 0;
T_202.3 ;
T_202.1 ;
    %jmp T_202;
    .thread T_202;
    .scope S_0x5763fbbba130;
T_203 ;
    %wait E_0x5763fbb65ff0;
    %load/vec4 v0x5763fbbba3c0_0;
    %cmpi/e 1, 0, 1;
    %flag_get/vec4 4;
    %jmp/0 T_203.2, 4;
    %load/vec4 v0x5763fbbba890_0;
    %pushi/vec4 1, 0, 1;
    %cmp/e;
    %flag_get/vec4 4;
    %and;
T_203.2;
    %flag_set/vec4 8;
    %jmp/0xz  T_203.0, 8;
    %pushi/vec4 0, 0, 1;
    %assign/vec4 v0x5763fbbba700_0, 0;
    %jmp T_203.1;
T_203.0 ;
    %load/vec4 v0x5763fbbba3c0_0;
    %cmpi/e 1, 0, 1;
    %flag_get/vec4 4;
    %jmp/0 T_203.6, 4;
    %load/vec4 v0x5763fbbba610_0;
    %pushi/vec4 1, 0, 1;
    %cmp/e;
    %flag_get/vec4 4;
    %and;
T_203.6;
    %flag_set/vec4 9;
    %flag_get/vec4 9;
    %jmp/0 T_203.5, 9;
    %load/vec4 v0x5763fbbba7f0_0;
    %pushi/vec4 1, 0, 1;
    %cmp/e;
    %flag_get/vec4 4;
    %and;
T_203.5;
    %flag_set/vec4 8;
    %jmp/0xz  T_203.3, 8;
    %load/vec4 v0x5763fbbba540_0;
    %assign/vec4 v0x5763fbbba700_0, 0;
T_203.3 ;
T_203.1 ;
    %jmp T_203;
    .thread T_203;
    .scope S_0x5763fbbbad30;
T_204 ;
    %wait E_0x5763fbb65ff0;
    %load/vec4 v0x5763fbbbafc0_0;
    %cmpi/e 1, 0, 1;
    %flag_get/vec4 4;
    %jmp/0 T_204.2, 4;
    %load/vec4 v0x5763fbbbb410_0;
    %pushi/vec4 1, 0, 1;
    %cmp/e;
    %flag_get/vec4 4;
    %and;
T_204.2;
    %flag_set/vec4 8;
    %jmp/0xz  T_204.0, 8;
    %pushi/vec4 0, 0, 1;
    %assign/vec4 v0x5763fbbbb280_0, 0;
    %jmp T_204.1;
T_204.0 ;
    %load/vec4 v0x5763fbbbafc0_0;
    %cmpi/e 1, 0, 1;
    %flag_get/vec4 4;
    %jmp/0 T_204.6, 4;
    %load/vec4 v0x5763fbbbb1e0_0;
    %pushi/vec4 1, 0, 1;
    %cmp/e;
    %flag_get/vec4 4;
    %and;
T_204.6;
    %flag_set/vec4 9;
    %flag_get/vec4 9;
    %jmp/0 T_204.5, 9;
    %load/vec4 v0x5763fbbbb370_0;
    %pushi/vec4 1, 0, 1;
    %cmp/e;
    %flag_get/vec4 4;
    %and;
T_204.5;
    %flag_set/vec4 8;
    %jmp/0xz  T_204.3, 8;
    %load/vec4 v0x5763fbbbb140_0;
    %assign/vec4 v0x5763fbbbb280_0, 0;
T_204.3 ;
T_204.1 ;
    %jmp T_204;
    .thread T_204;
    .scope S_0x5763fbbbb900;
T_205 ;
    %wait E_0x5763fbb65ff0;
    %load/vec4 v0x5763fbbbbb90_0;
    %cmpi/e 1, 0, 1;
    %flag_get/vec4 4;
    %jmp/0 T_205.2, 4;
    %load/vec4 v0x5763fbbbbf90_0;
    %pushi/vec4 1, 0, 1;
    %cmp/e;
    %flag_get/vec4 4;
    %and;
T_205.2;
    %flag_set/vec4 8;
    %jmp/0xz  T_205.0, 8;
    %pushi/vec4 0, 0, 1;
    %assign/vec4 v0x5763fbbbbe50_0, 0;
    %jmp T_205.1;
T_205.0 ;
    %load/vec4 v0x5763fbbbbb90_0;
    %cmpi/e 1, 0, 1;
    %flag_get/vec4 4;
    %jmp/0 T_205.6, 4;
    %load/vec4 v0x5763fbbbbdb0_0;
    %pushi/vec4 1, 0, 1;
    %cmp/e;
    %flag_get/vec4 4;
    %and;
T_205.6;
    %flag_set/vec4 9;
    %flag_get/vec4 9;
    %jmp/0 T_205.5, 9;
    %load/vec4 v0x5763fbbbbef0_0;
    %pushi/vec4 1, 0, 1;
    %cmp/e;
    %flag_get/vec4 4;
    %and;
T_205.5;
    %flag_set/vec4 8;
    %jmp/0xz  T_205.3, 8;
    %load/vec4 v0x5763fbbbbd10_0;
    %assign/vec4 v0x5763fbbbbe50_0, 0;
T_205.3 ;
T_205.1 ;
    %jmp T_205;
    .thread T_205;
    .scope S_0x5763fbbbc430;
T_206 ;
    %wait E_0x5763fbb65ff0;
    %load/vec4 v0x5763fbbbc6c0_0;
    %cmpi/e 1, 0, 1;
    %flag_get/vec4 4;
    %jmp/0 T_206.2, 4;
    %load/vec4 v0x5763fbbbcb10_0;
    %pushi/vec4 1, 0, 1;
    %cmp/e;
    %flag_get/vec4 4;
    %and;
T_206.2;
    %flag_set/vec4 8;
    %jmp/0xz  T_206.0, 8;
    %pushi/vec4 0, 0, 1;
    %assign/vec4 v0x5763fbbbc980_0, 0;
    %jmp T_206.1;
T_206.0 ;
    %load/vec4 v0x5763fbbbc6c0_0;
    %cmpi/e 1, 0, 1;
    %flag_get/vec4 4;
    %jmp/0 T_206.6, 4;
    %load/vec4 v0x5763fbbbc8e0_0;
    %pushi/vec4 1, 0, 1;
    %cmp/e;
    %flag_get/vec4 4;
    %and;
T_206.6;
    %flag_set/vec4 9;
    %flag_get/vec4 9;
    %jmp/0 T_206.5, 9;
    %load/vec4 v0x5763fbbbca70_0;
    %pushi/vec4 1, 0, 1;
    %cmp/e;
    %flag_get/vec4 4;
    %and;
T_206.5;
    %flag_set/vec4 8;
    %jmp/0xz  T_206.3, 8;
    %load/vec4 v0x5763fbbbc840_0;
    %assign/vec4 v0x5763fbbbc980_0, 0;
T_206.3 ;
T_206.1 ;
    %jmp T_206;
    .thread T_206;
    .scope S_0x5763fbbbcfb0;
T_207 ;
    %wait E_0x5763fbb65ff0;
    %load/vec4 v0x5763fbbbd240_0;
    %cmpi/e 1, 0, 1;
    %flag_get/vec4 4;
    %jmp/0 T_207.2, 4;
    %load/vec4 v0x5763fbbbd690_0;
    %pushi/vec4 1, 0, 1;
    %cmp/e;
    %flag_get/vec4 4;
    %and;
T_207.2;
    %flag_set/vec4 8;
    %jmp/0xz  T_207.0, 8;
    %pushi/vec4 0, 0, 1;
    %assign/vec4 v0x5763fbbbd500_0, 0;
    %jmp T_207.1;
T_207.0 ;
    %load/vec4 v0x5763fbbbd240_0;
    %cmpi/e 1, 0, 1;
    %flag_get/vec4 4;
    %jmp/0 T_207.6, 4;
    %load/vec4 v0x5763fbbbd460_0;
    %pushi/vec4 1, 0, 1;
    %cmp/e;
    %flag_get/vec4 4;
    %and;
T_207.6;
    %flag_set/vec4 9;
    %flag_get/vec4 9;
    %jmp/0 T_207.5, 9;
    %load/vec4 v0x5763fbbbd5f0_0;
    %pushi/vec4 1, 0, 1;
    %cmp/e;
    %flag_get/vec4 4;
    %and;
T_207.5;
    %flag_set/vec4 8;
    %jmp/0xz  T_207.3, 8;
    %load/vec4 v0x5763fbbbd3c0_0;
    %assign/vec4 v0x5763fbbbd500_0, 0;
T_207.3 ;
T_207.1 ;
    %jmp T_207;
    .thread T_207;
    .scope S_0x5763fbbbdb30;
T_208 ;
    %wait E_0x5763fbb65ff0;
    %load/vec4 v0x5763fbbbddc0_0;
    %cmpi/e 1, 0, 1;
    %flag_get/vec4 4;
    %jmp/0 T_208.2, 4;
    %load/vec4 v0x5763fbbbe210_0;
    %pushi/vec4 1, 0, 1;
    %cmp/e;
    %flag_get/vec4 4;
    %and;
T_208.2;
    %flag_set/vec4 8;
    %jmp/0xz  T_208.0, 8;
    %pushi/vec4 0, 0, 1;
    %assign/vec4 v0x5763fbbbe080_0, 0;
    %jmp T_208.1;
T_208.0 ;
    %load/vec4 v0x5763fbbbddc0_0;
    %cmpi/e 1, 0, 1;
    %flag_get/vec4 4;
    %jmp/0 T_208.6, 4;
    %load/vec4 v0x5763fbbbdfe0_0;
    %pushi/vec4 1, 0, 1;
    %cmp/e;
    %flag_get/vec4 4;
    %and;
T_208.6;
    %flag_set/vec4 9;
    %flag_get/vec4 9;
    %jmp/0 T_208.5, 9;
    %load/vec4 v0x5763fbbbe170_0;
    %pushi/vec4 1, 0, 1;
    %cmp/e;
    %flag_get/vec4 4;
    %and;
T_208.5;
    %flag_set/vec4 8;
    %jmp/0xz  T_208.3, 8;
    %load/vec4 v0x5763fbbbdf40_0;
    %assign/vec4 v0x5763fbbbe080_0, 0;
T_208.3 ;
T_208.1 ;
    %jmp T_208;
    .thread T_208;
    .scope S_0x5763fbbbf040;
T_209 ;
    %wait E_0x5763fbb65ff0;
    %load/vec4 v0x5763fbbbf310_0;
    %cmpi/e 1, 0, 1;
    %flag_get/vec4 4;
    %jmp/0 T_209.2, 4;
    %load/vec4 v0x5763fbbbf780_0;
    %pushi/vec4 1, 0, 1;
    %cmp/e;
    %flag_get/vec4 4;
    %and;
T_209.2;
    %flag_set/vec4 8;
    %jmp/0xz  T_209.0, 8;
    %pushi/vec4 0, 0, 1;
    %assign/vec4 v0x5763fbbbf5d0_0, 0;
    %jmp T_209.1;
T_209.0 ;
    %load/vec4 v0x5763fbbbf310_0;
    %cmpi/e 1, 0, 1;
    %flag_get/vec4 4;
    %jmp/0 T_209.6, 4;
    %load/vec4 v0x5763fbbbf530_0;
    %pushi/vec4 1, 0, 1;
    %cmp/e;
    %flag_get/vec4 4;
    %and;
T_209.6;
    %flag_set/vec4 9;
    %flag_get/vec4 9;
    %jmp/0 T_209.5, 9;
    %load/vec4 v0x5763fbbbf6e0_0;
    %pushi/vec4 1, 0, 1;
    %cmp/e;
    %flag_get/vec4 4;
    %and;
T_209.5;
    %flag_set/vec4 8;
    %jmp/0xz  T_209.3, 8;
    %load/vec4 v0x5763fbbbf490_0;
    %assign/vec4 v0x5763fbbbf5d0_0, 0;
T_209.3 ;
T_209.1 ;
    %jmp T_209;
    .thread T_209;
    .scope S_0x5763fbbbfc20;
T_210 ;
    %wait E_0x5763fbb65ff0;
    %load/vec4 v0x5763fbbbfeb0_0;
    %cmpi/e 1, 0, 1;
    %flag_get/vec4 4;
    %jmp/0 T_210.2, 4;
    %load/vec4 v0x5763fbbc0300_0;
    %pushi/vec4 1, 0, 1;
    %cmp/e;
    %flag_get/vec4 4;
    %and;
T_210.2;
    %flag_set/vec4 8;
    %jmp/0xz  T_210.0, 8;
    %pushi/vec4 0, 0, 1;
    %assign/vec4 v0x5763fbbc0170_0, 0;
    %jmp T_210.1;
T_210.0 ;
    %load/vec4 v0x5763fbbbfeb0_0;
    %cmpi/e 1, 0, 1;
    %flag_get/vec4 4;
    %jmp/0 T_210.6, 4;
    %load/vec4 v0x5763fbbc00d0_0;
    %pushi/vec4 1, 0, 1;
    %cmp/e;
    %flag_get/vec4 4;
    %and;
T_210.6;
    %flag_set/vec4 9;
    %flag_get/vec4 9;
    %jmp/0 T_210.5, 9;
    %load/vec4 v0x5763fbbc0260_0;
    %pushi/vec4 1, 0, 1;
    %cmp/e;
    %flag_get/vec4 4;
    %and;
T_210.5;
    %flag_set/vec4 8;
    %jmp/0xz  T_210.3, 8;
    %load/vec4 v0x5763fbbc0030_0;
    %assign/vec4 v0x5763fbbc0170_0, 0;
T_210.3 ;
T_210.1 ;
    %jmp T_210;
    .thread T_210;
    .scope S_0x5763fbbc0760;
T_211 ;
    %wait E_0x5763fbb65ff0;
    %load/vec4 v0x5763fbbc09f0_0;
    %cmpi/e 1, 0, 1;
    %flag_get/vec4 4;
    %jmp/0 T_211.2, 4;
    %load/vec4 v0x5763fbbc0ec0_0;
    %pushi/vec4 1, 0, 1;
    %cmp/e;
    %flag_get/vec4 4;
    %and;
T_211.2;
    %flag_set/vec4 8;
    %jmp/0xz  T_211.0, 8;
    %pushi/vec4 0, 0, 1;
    %assign/vec4 v0x5763fbbc0d30_0, 0;
    %jmp T_211.1;
T_211.0 ;
    %load/vec4 v0x5763fbbc09f0_0;
    %cmpi/e 1, 0, 1;
    %flag_get/vec4 4;
    %jmp/0 T_211.6, 4;
    %load/vec4 v0x5763fbbc0c40_0;
    %pushi/vec4 1, 0, 1;
    %cmp/e;
    %flag_get/vec4 4;
    %and;
T_211.6;
    %flag_set/vec4 9;
    %flag_get/vec4 9;
    %jmp/0 T_211.5, 9;
    %load/vec4 v0x5763fbbc0e20_0;
    %pushi/vec4 1, 0, 1;
    %cmp/e;
    %flag_get/vec4 4;
    %and;
T_211.5;
    %flag_set/vec4 8;
    %jmp/0xz  T_211.3, 8;
    %load/vec4 v0x5763fbbc0b70_0;
    %assign/vec4 v0x5763fbbc0d30_0, 0;
T_211.3 ;
T_211.1 ;
    %jmp T_211;
    .thread T_211;
    .scope S_0x5763fbbc1360;
T_212 ;
    %wait E_0x5763fbb65ff0;
    %load/vec4 v0x5763fbbc15f0_0;
    %cmpi/e 1, 0, 1;
    %flag_get/vec4 4;
    %jmp/0 T_212.2, 4;
    %load/vec4 v0x5763fbbc1a40_0;
    %pushi/vec4 1, 0, 1;
    %cmp/e;
    %flag_get/vec4 4;
    %and;
T_212.2;
    %flag_set/vec4 8;
    %jmp/0xz  T_212.0, 8;
    %pushi/vec4 0, 0, 1;
    %assign/vec4 v0x5763fbbc18b0_0, 0;
    %jmp T_212.1;
T_212.0 ;
    %load/vec4 v0x5763fbbc15f0_0;
    %cmpi/e 1, 0, 1;
    %flag_get/vec4 4;
    %jmp/0 T_212.6, 4;
    %load/vec4 v0x5763fbbc1810_0;
    %pushi/vec4 1, 0, 1;
    %cmp/e;
    %flag_get/vec4 4;
    %and;
T_212.6;
    %flag_set/vec4 9;
    %flag_get/vec4 9;
    %jmp/0 T_212.5, 9;
    %load/vec4 v0x5763fbbc19a0_0;
    %pushi/vec4 1, 0, 1;
    %cmp/e;
    %flag_get/vec4 4;
    %and;
T_212.5;
    %flag_set/vec4 8;
    %jmp/0xz  T_212.3, 8;
    %load/vec4 v0x5763fbbc1770_0;
    %assign/vec4 v0x5763fbbc18b0_0, 0;
T_212.3 ;
T_212.1 ;
    %jmp T_212;
    .thread T_212;
    .scope S_0x5763fbbc1f30;
T_213 ;
    %wait E_0x5763fbb65ff0;
    %load/vec4 v0x5763fbbc21c0_0;
    %cmpi/e 1, 0, 1;
    %flag_get/vec4 4;
    %jmp/0 T_213.2, 4;
    %load/vec4 v0x5763fbbc25c0_0;
    %pushi/vec4 1, 0, 1;
    %cmp/e;
    %flag_get/vec4 4;
    %and;
T_213.2;
    %flag_set/vec4 8;
    %jmp/0xz  T_213.0, 8;
    %pushi/vec4 0, 0, 1;
    %assign/vec4 v0x5763fbbc2480_0, 0;
    %jmp T_213.1;
T_213.0 ;
    %load/vec4 v0x5763fbbc21c0_0;
    %cmpi/e 1, 0, 1;
    %flag_get/vec4 4;
    %jmp/0 T_213.6, 4;
    %load/vec4 v0x5763fbbc23e0_0;
    %pushi/vec4 1, 0, 1;
    %cmp/e;
    %flag_get/vec4 4;
    %and;
T_213.6;
    %flag_set/vec4 9;
    %flag_get/vec4 9;
    %jmp/0 T_213.5, 9;
    %load/vec4 v0x5763fbbc2520_0;
    %pushi/vec4 1, 0, 1;
    %cmp/e;
    %flag_get/vec4 4;
    %and;
T_213.5;
    %flag_set/vec4 8;
    %jmp/0xz  T_213.3, 8;
    %load/vec4 v0x5763fbbc2340_0;
    %assign/vec4 v0x5763fbbc2480_0, 0;
T_213.3 ;
T_213.1 ;
    %jmp T_213;
    .thread T_213;
    .scope S_0x5763fbbc2a60;
T_214 ;
    %wait E_0x5763fbb65ff0;
    %load/vec4 v0x5763fbbc2cf0_0;
    %cmpi/e 1, 0, 1;
    %flag_get/vec4 4;
    %jmp/0 T_214.2, 4;
    %load/vec4 v0x5763fbbc3140_0;
    %pushi/vec4 1, 0, 1;
    %cmp/e;
    %flag_get/vec4 4;
    %and;
T_214.2;
    %flag_set/vec4 8;
    %jmp/0xz  T_214.0, 8;
    %pushi/vec4 0, 0, 1;
    %assign/vec4 v0x5763fbbc2fb0_0, 0;
    %jmp T_214.1;
T_214.0 ;
    %load/vec4 v0x5763fbbc2cf0_0;
    %cmpi/e 1, 0, 1;
    %flag_get/vec4 4;
    %jmp/0 T_214.6, 4;
    %load/vec4 v0x5763fbbc2f10_0;
    %pushi/vec4 1, 0, 1;
    %cmp/e;
    %flag_get/vec4 4;
    %and;
T_214.6;
    %flag_set/vec4 9;
    %flag_get/vec4 9;
    %jmp/0 T_214.5, 9;
    %load/vec4 v0x5763fbbc30a0_0;
    %pushi/vec4 1, 0, 1;
    %cmp/e;
    %flag_get/vec4 4;
    %and;
T_214.5;
    %flag_set/vec4 8;
    %jmp/0xz  T_214.3, 8;
    %load/vec4 v0x5763fbbc2e70_0;
    %assign/vec4 v0x5763fbbc2fb0_0, 0;
T_214.3 ;
T_214.1 ;
    %jmp T_214;
    .thread T_214;
    .scope S_0x5763fbbc35e0;
T_215 ;
    %wait E_0x5763fbb65ff0;
    %load/vec4 v0x5763fbbc3870_0;
    %cmpi/e 1, 0, 1;
    %flag_get/vec4 4;
    %jmp/0 T_215.2, 4;
    %load/vec4 v0x5763fbbc3cc0_0;
    %pushi/vec4 1, 0, 1;
    %cmp/e;
    %flag_get/vec4 4;
    %and;
T_215.2;
    %flag_set/vec4 8;
    %jmp/0xz  T_215.0, 8;
    %pushi/vec4 0, 0, 1;
    %assign/vec4 v0x5763fbbc3b30_0, 0;
    %jmp T_215.1;
T_215.0 ;
    %load/vec4 v0x5763fbbc3870_0;
    %cmpi/e 1, 0, 1;
    %flag_get/vec4 4;
    %jmp/0 T_215.6, 4;
    %load/vec4 v0x5763fbbc3a90_0;
    %pushi/vec4 1, 0, 1;
    %cmp/e;
    %flag_get/vec4 4;
    %and;
T_215.6;
    %flag_set/vec4 9;
    %flag_get/vec4 9;
    %jmp/0 T_215.5, 9;
    %load/vec4 v0x5763fbbc3c20_0;
    %pushi/vec4 1, 0, 1;
    %cmp/e;
    %flag_get/vec4 4;
    %and;
T_215.5;
    %flag_set/vec4 8;
    %jmp/0xz  T_215.3, 8;
    %load/vec4 v0x5763fbbc39f0_0;
    %assign/vec4 v0x5763fbbc3b30_0, 0;
T_215.3 ;
T_215.1 ;
    %jmp T_215;
    .thread T_215;
    .scope S_0x5763fbbc4160;
T_216 ;
    %wait E_0x5763fbb65ff0;
    %load/vec4 v0x5763fbbc43f0_0;
    %cmpi/e 1, 0, 1;
    %flag_get/vec4 4;
    %jmp/0 T_216.2, 4;
    %load/vec4 v0x5763fbbc4840_0;
    %pushi/vec4 1, 0, 1;
    %cmp/e;
    %flag_get/vec4 4;
    %and;
T_216.2;
    %flag_set/vec4 8;
    %jmp/0xz  T_216.0, 8;
    %pushi/vec4 0, 0, 1;
    %assign/vec4 v0x5763fbbc46b0_0, 0;
    %jmp T_216.1;
T_216.0 ;
    %load/vec4 v0x5763fbbc43f0_0;
    %cmpi/e 1, 0, 1;
    %flag_get/vec4 4;
    %jmp/0 T_216.6, 4;
    %load/vec4 v0x5763fbbc4610_0;
    %pushi/vec4 1, 0, 1;
    %cmp/e;
    %flag_get/vec4 4;
    %and;
T_216.6;
    %flag_set/vec4 9;
    %flag_get/vec4 9;
    %jmp/0 T_216.5, 9;
    %load/vec4 v0x5763fbbc47a0_0;
    %pushi/vec4 1, 0, 1;
    %cmp/e;
    %flag_get/vec4 4;
    %and;
T_216.5;
    %flag_set/vec4 8;
    %jmp/0xz  T_216.3, 8;
    %load/vec4 v0x5763fbbc4570_0;
    %assign/vec4 v0x5763fbbc46b0_0, 0;
T_216.3 ;
T_216.1 ;
    %jmp T_216;
    .thread T_216;
    .scope S_0x5763fbbc5670;
T_217 ;
    %wait E_0x5763fbb65ff0;
    %load/vec4 v0x5763fbbc5940_0;
    %cmpi/e 1, 0, 1;
    %flag_get/vec4 4;
    %jmp/0 T_217.2, 4;
    %load/vec4 v0x5763fbbc5db0_0;
    %pushi/vec4 1, 0, 1;
    %cmp/e;
    %flag_get/vec4 4;
    %and;
T_217.2;
    %flag_set/vec4 8;
    %jmp/0xz  T_217.0, 8;
    %pushi/vec4 0, 0, 1;
    %assign/vec4 v0x5763fbbc5c00_0, 0;
    %jmp T_217.1;
T_217.0 ;
    %load/vec4 v0x5763fbbc5940_0;
    %cmpi/e 1, 0, 1;
    %flag_get/vec4 4;
    %jmp/0 T_217.6, 4;
    %load/vec4 v0x5763fbbc5b60_0;
    %pushi/vec4 1, 0, 1;
    %cmp/e;
    %flag_get/vec4 4;
    %and;
T_217.6;
    %flag_set/vec4 9;
    %flag_get/vec4 9;
    %jmp/0 T_217.5, 9;
    %load/vec4 v0x5763fbbc5d10_0;
    %pushi/vec4 1, 0, 1;
    %cmp/e;
    %flag_get/vec4 4;
    %and;
T_217.5;
    %flag_set/vec4 8;
    %jmp/0xz  T_217.3, 8;
    %load/vec4 v0x5763fbbc5ac0_0;
    %assign/vec4 v0x5763fbbc5c00_0, 0;
T_217.3 ;
T_217.1 ;
    %jmp T_217;
    .thread T_217;
    .scope S_0x5763fbbc6250;
T_218 ;
    %wait E_0x5763fbb65ff0;
    %load/vec4 v0x5763fbbc64e0_0;
    %cmpi/e 1, 0, 1;
    %flag_get/vec4 4;
    %jmp/0 T_218.2, 4;
    %load/vec4 v0x5763fbbc6930_0;
    %pushi/vec4 1, 0, 1;
    %cmp/e;
    %flag_get/vec4 4;
    %and;
T_218.2;
    %flag_set/vec4 8;
    %jmp/0xz  T_218.0, 8;
    %pushi/vec4 0, 0, 1;
    %assign/vec4 v0x5763fbbc67a0_0, 0;
    %jmp T_218.1;
T_218.0 ;
    %load/vec4 v0x5763fbbc64e0_0;
    %cmpi/e 1, 0, 1;
    %flag_get/vec4 4;
    %jmp/0 T_218.6, 4;
    %load/vec4 v0x5763fbbc6700_0;
    %pushi/vec4 1, 0, 1;
    %cmp/e;
    %flag_get/vec4 4;
    %and;
T_218.6;
    %flag_set/vec4 9;
    %flag_get/vec4 9;
    %jmp/0 T_218.5, 9;
    %load/vec4 v0x5763fbbc6890_0;
    %pushi/vec4 1, 0, 1;
    %cmp/e;
    %flag_get/vec4 4;
    %and;
T_218.5;
    %flag_set/vec4 8;
    %jmp/0xz  T_218.3, 8;
    %load/vec4 v0x5763fbbc6660_0;
    %assign/vec4 v0x5763fbbc67a0_0, 0;
T_218.3 ;
T_218.1 ;
    %jmp T_218;
    .thread T_218;
    .scope S_0x5763fbbc6d90;
T_219 ;
    %wait E_0x5763fbb65ff0;
    %load/vec4 v0x5763fbbc7020_0;
    %cmpi/e 1, 0, 1;
    %flag_get/vec4 4;
    %jmp/0 T_219.2, 4;
    %load/vec4 v0x5763fbbc74f0_0;
    %pushi/vec4 1, 0, 1;
    %cmp/e;
    %flag_get/vec4 4;
    %and;
T_219.2;
    %flag_set/vec4 8;
    %jmp/0xz  T_219.0, 8;
    %pushi/vec4 0, 0, 1;
    %assign/vec4 v0x5763fbbc7360_0, 0;
    %jmp T_219.1;
T_219.0 ;
    %load/vec4 v0x5763fbbc7020_0;
    %cmpi/e 1, 0, 1;
    %flag_get/vec4 4;
    %jmp/0 T_219.6, 4;
    %load/vec4 v0x5763fbbc7270_0;
    %pushi/vec4 1, 0, 1;
    %cmp/e;
    %flag_get/vec4 4;
    %and;
T_219.6;
    %flag_set/vec4 9;
    %flag_get/vec4 9;
    %jmp/0 T_219.5, 9;
    %load/vec4 v0x5763fbbc7450_0;
    %pushi/vec4 1, 0, 1;
    %cmp/e;
    %flag_get/vec4 4;
    %and;
T_219.5;
    %flag_set/vec4 8;
    %jmp/0xz  T_219.3, 8;
    %load/vec4 v0x5763fbbc71a0_0;
    %assign/vec4 v0x5763fbbc7360_0, 0;
T_219.3 ;
T_219.1 ;
    %jmp T_219;
    .thread T_219;
    .scope S_0x5763fbbc7990;
T_220 ;
    %wait E_0x5763fbb65ff0;
    %load/vec4 v0x5763fbbc7c20_0;
    %cmpi/e 1, 0, 1;
    %flag_get/vec4 4;
    %jmp/0 T_220.2, 4;
    %load/vec4 v0x5763fbbc8070_0;
    %pushi/vec4 1, 0, 1;
    %cmp/e;
    %flag_get/vec4 4;
    %and;
T_220.2;
    %flag_set/vec4 8;
    %jmp/0xz  T_220.0, 8;
    %pushi/vec4 0, 0, 1;
    %assign/vec4 v0x5763fbbc7ee0_0, 0;
    %jmp T_220.1;
T_220.0 ;
    %load/vec4 v0x5763fbbc7c20_0;
    %cmpi/e 1, 0, 1;
    %flag_get/vec4 4;
    %jmp/0 T_220.6, 4;
    %load/vec4 v0x5763fbbc7e40_0;
    %pushi/vec4 1, 0, 1;
    %cmp/e;
    %flag_get/vec4 4;
    %and;
T_220.6;
    %flag_set/vec4 9;
    %flag_get/vec4 9;
    %jmp/0 T_220.5, 9;
    %load/vec4 v0x5763fbbc7fd0_0;
    %pushi/vec4 1, 0, 1;
    %cmp/e;
    %flag_get/vec4 4;
    %and;
T_220.5;
    %flag_set/vec4 8;
    %jmp/0xz  T_220.3, 8;
    %load/vec4 v0x5763fbbc7da0_0;
    %assign/vec4 v0x5763fbbc7ee0_0, 0;
T_220.3 ;
T_220.1 ;
    %jmp T_220;
    .thread T_220;
    .scope S_0x5763fbbc8560;
T_221 ;
    %wait E_0x5763fbb65ff0;
    %load/vec4 v0x5763fbbc87f0_0;
    %cmpi/e 1, 0, 1;
    %flag_get/vec4 4;
    %jmp/0 T_221.2, 4;
    %load/vec4 v0x5763fbbc8bf0_0;
    %pushi/vec4 1, 0, 1;
    %cmp/e;
    %flag_get/vec4 4;
    %and;
T_221.2;
    %flag_set/vec4 8;
    %jmp/0xz  T_221.0, 8;
    %pushi/vec4 0, 0, 1;
    %assign/vec4 v0x5763fbbc8ab0_0, 0;
    %jmp T_221.1;
T_221.0 ;
    %load/vec4 v0x5763fbbc87f0_0;
    %cmpi/e 1, 0, 1;
    %flag_get/vec4 4;
    %jmp/0 T_221.6, 4;
    %load/vec4 v0x5763fbbc8a10_0;
    %pushi/vec4 1, 0, 1;
    %cmp/e;
    %flag_get/vec4 4;
    %and;
T_221.6;
    %flag_set/vec4 9;
    %flag_get/vec4 9;
    %jmp/0 T_221.5, 9;
    %load/vec4 v0x5763fbbc8b50_0;
    %pushi/vec4 1, 0, 1;
    %cmp/e;
    %flag_get/vec4 4;
    %and;
T_221.5;
    %flag_set/vec4 8;
    %jmp/0xz  T_221.3, 8;
    %load/vec4 v0x5763fbbc8970_0;
    %assign/vec4 v0x5763fbbc8ab0_0, 0;
T_221.3 ;
T_221.1 ;
    %jmp T_221;
    .thread T_221;
    .scope S_0x5763fbbc9090;
T_222 ;
    %wait E_0x5763fbb65ff0;
    %load/vec4 v0x5763fbbc9320_0;
    %cmpi/e 1, 0, 1;
    %flag_get/vec4 4;
    %jmp/0 T_222.2, 4;
    %load/vec4 v0x5763fbbc9770_0;
    %pushi/vec4 1, 0, 1;
    %cmp/e;
    %flag_get/vec4 4;
    %and;
T_222.2;
    %flag_set/vec4 8;
    %jmp/0xz  T_222.0, 8;
    %pushi/vec4 0, 0, 1;
    %assign/vec4 v0x5763fbbc95e0_0, 0;
    %jmp T_222.1;
T_222.0 ;
    %load/vec4 v0x5763fbbc9320_0;
    %cmpi/e 1, 0, 1;
    %flag_get/vec4 4;
    %jmp/0 T_222.6, 4;
    %load/vec4 v0x5763fbbc9540_0;
    %pushi/vec4 1, 0, 1;
    %cmp/e;
    %flag_get/vec4 4;
    %and;
T_222.6;
    %flag_set/vec4 9;
    %flag_get/vec4 9;
    %jmp/0 T_222.5, 9;
    %load/vec4 v0x5763fbbc96d0_0;
    %pushi/vec4 1, 0, 1;
    %cmp/e;
    %flag_get/vec4 4;
    %and;
T_222.5;
    %flag_set/vec4 8;
    %jmp/0xz  T_222.3, 8;
    %load/vec4 v0x5763fbbc94a0_0;
    %assign/vec4 v0x5763fbbc95e0_0, 0;
T_222.3 ;
T_222.1 ;
    %jmp T_222;
    .thread T_222;
    .scope S_0x5763fbbc9c10;
T_223 ;
    %wait E_0x5763fbb65ff0;
    %load/vec4 v0x5763fbbc9ea0_0;
    %cmpi/e 1, 0, 1;
    %flag_get/vec4 4;
    %jmp/0 T_223.2, 4;
    %load/vec4 v0x5763fbbca2f0_0;
    %pushi/vec4 1, 0, 1;
    %cmp/e;
    %flag_get/vec4 4;
    %and;
T_223.2;
    %flag_set/vec4 8;
    %jmp/0xz  T_223.0, 8;
    %pushi/vec4 0, 0, 1;
    %assign/vec4 v0x5763fbbca160_0, 0;
    %jmp T_223.1;
T_223.0 ;
    %load/vec4 v0x5763fbbc9ea0_0;
    %cmpi/e 1, 0, 1;
    %flag_get/vec4 4;
    %jmp/0 T_223.6, 4;
    %load/vec4 v0x5763fbbca0c0_0;
    %pushi/vec4 1, 0, 1;
    %cmp/e;
    %flag_get/vec4 4;
    %and;
T_223.6;
    %flag_set/vec4 9;
    %flag_get/vec4 9;
    %jmp/0 T_223.5, 9;
    %load/vec4 v0x5763fbbca250_0;
    %pushi/vec4 1, 0, 1;
    %cmp/e;
    %flag_get/vec4 4;
    %and;
T_223.5;
    %flag_set/vec4 8;
    %jmp/0xz  T_223.3, 8;
    %load/vec4 v0x5763fbbca020_0;
    %assign/vec4 v0x5763fbbca160_0, 0;
T_223.3 ;
T_223.1 ;
    %jmp T_223;
    .thread T_223;
    .scope S_0x5763fbbca790;
T_224 ;
    %wait E_0x5763fbb65ff0;
    %load/vec4 v0x5763fbbcaa20_0;
    %cmpi/e 1, 0, 1;
    %flag_get/vec4 4;
    %jmp/0 T_224.2, 4;
    %load/vec4 v0x5763fbbcae70_0;
    %pushi/vec4 1, 0, 1;
    %cmp/e;
    %flag_get/vec4 4;
    %and;
T_224.2;
    %flag_set/vec4 8;
    %jmp/0xz  T_224.0, 8;
    %pushi/vec4 0, 0, 1;
    %assign/vec4 v0x5763fbbcace0_0, 0;
    %jmp T_224.1;
T_224.0 ;
    %load/vec4 v0x5763fbbcaa20_0;
    %cmpi/e 1, 0, 1;
    %flag_get/vec4 4;
    %jmp/0 T_224.6, 4;
    %load/vec4 v0x5763fbbcac40_0;
    %pushi/vec4 1, 0, 1;
    %cmp/e;
    %flag_get/vec4 4;
    %and;
T_224.6;
    %flag_set/vec4 9;
    %flag_get/vec4 9;
    %jmp/0 T_224.5, 9;
    %load/vec4 v0x5763fbbcadd0_0;
    %pushi/vec4 1, 0, 1;
    %cmp/e;
    %flag_get/vec4 4;
    %and;
T_224.5;
    %flag_set/vec4 8;
    %jmp/0xz  T_224.3, 8;
    %load/vec4 v0x5763fbbcaba0_0;
    %assign/vec4 v0x5763fbbcace0_0, 0;
T_224.3 ;
T_224.1 ;
    %jmp T_224;
    .thread T_224;
    .scope S_0x5763fbbcbca0;
T_225 ;
    %wait E_0x5763fbb65ff0;
    %load/vec4 v0x5763fbbcbf70_0;
    %cmpi/e 1, 0, 1;
    %flag_get/vec4 4;
    %jmp/0 T_225.2, 4;
    %load/vec4 v0x5763fbbcc3e0_0;
    %pushi/vec4 1, 0, 1;
    %cmp/e;
    %flag_get/vec4 4;
    %and;
T_225.2;
    %flag_set/vec4 8;
    %jmp/0xz  T_225.0, 8;
    %pushi/vec4 0, 0, 1;
    %assign/vec4 v0x5763fbbcc230_0, 0;
    %jmp T_225.1;
T_225.0 ;
    %load/vec4 v0x5763fbbcbf70_0;
    %cmpi/e 1, 0, 1;
    %flag_get/vec4 4;
    %jmp/0 T_225.6, 4;
    %load/vec4 v0x5763fbbcc190_0;
    %pushi/vec4 1, 0, 1;
    %cmp/e;
    %flag_get/vec4 4;
    %and;
T_225.6;
    %flag_set/vec4 9;
    %flag_get/vec4 9;
    %jmp/0 T_225.5, 9;
    %load/vec4 v0x5763fbbcc340_0;
    %pushi/vec4 1, 0, 1;
    %cmp/e;
    %flag_get/vec4 4;
    %and;
T_225.5;
    %flag_set/vec4 8;
    %jmp/0xz  T_225.3, 8;
    %load/vec4 v0x5763fbbcc0f0_0;
    %assign/vec4 v0x5763fbbcc230_0, 0;
T_225.3 ;
T_225.1 ;
    %jmp T_225;
    .thread T_225;
    .scope S_0x5763fbbcc880;
T_226 ;
    %wait E_0x5763fbb65ff0;
    %load/vec4 v0x5763fbbccb10_0;
    %cmpi/e 1, 0, 1;
    %flag_get/vec4 4;
    %jmp/0 T_226.2, 4;
    %load/vec4 v0x5763fbbccf60_0;
    %pushi/vec4 1, 0, 1;
    %cmp/e;
    %flag_get/vec4 4;
    %and;
T_226.2;
    %flag_set/vec4 8;
    %jmp/0xz  T_226.0, 8;
    %pushi/vec4 0, 0, 1;
    %assign/vec4 v0x5763fbbccdd0_0, 0;
    %jmp T_226.1;
T_226.0 ;
    %load/vec4 v0x5763fbbccb10_0;
    %cmpi/e 1, 0, 1;
    %flag_get/vec4 4;
    %jmp/0 T_226.6, 4;
    %load/vec4 v0x5763fbbccd30_0;
    %pushi/vec4 1, 0, 1;
    %cmp/e;
    %flag_get/vec4 4;
    %and;
T_226.6;
    %flag_set/vec4 9;
    %flag_get/vec4 9;
    %jmp/0 T_226.5, 9;
    %load/vec4 v0x5763fbbccec0_0;
    %pushi/vec4 1, 0, 1;
    %cmp/e;
    %flag_get/vec4 4;
    %and;
T_226.5;
    %flag_set/vec4 8;
    %jmp/0xz  T_226.3, 8;
    %load/vec4 v0x5763fbbccc90_0;
    %assign/vec4 v0x5763fbbccdd0_0, 0;
T_226.3 ;
T_226.1 ;
    %jmp T_226;
    .thread T_226;
    .scope S_0x5763fbbcd3c0;
T_227 ;
    %wait E_0x5763fbb65ff0;
    %load/vec4 v0x5763fbbcd650_0;
    %cmpi/e 1, 0, 1;
    %flag_get/vec4 4;
    %jmp/0 T_227.2, 4;
    %load/vec4 v0x5763fbbcdb20_0;
    %pushi/vec4 1, 0, 1;
    %cmp/e;
    %flag_get/vec4 4;
    %and;
T_227.2;
    %flag_set/vec4 8;
    %jmp/0xz  T_227.0, 8;
    %pushi/vec4 0, 0, 1;
    %assign/vec4 v0x5763fbbcd990_0, 0;
    %jmp T_227.1;
T_227.0 ;
    %load/vec4 v0x5763fbbcd650_0;
    %cmpi/e 1, 0, 1;
    %flag_get/vec4 4;
    %jmp/0 T_227.6, 4;
    %load/vec4 v0x5763fbbcd8a0_0;
    %pushi/vec4 1, 0, 1;
    %cmp/e;
    %flag_get/vec4 4;
    %and;
T_227.6;
    %flag_set/vec4 9;
    %flag_get/vec4 9;
    %jmp/0 T_227.5, 9;
    %load/vec4 v0x5763fbbcda80_0;
    %pushi/vec4 1, 0, 1;
    %cmp/e;
    %flag_get/vec4 4;
    %and;
T_227.5;
    %flag_set/vec4 8;
    %jmp/0xz  T_227.3, 8;
    %load/vec4 v0x5763fbbcd7d0_0;
    %assign/vec4 v0x5763fbbcd990_0, 0;
T_227.3 ;
T_227.1 ;
    %jmp T_227;
    .thread T_227;
    .scope S_0x5763fbbcdfc0;
T_228 ;
    %wait E_0x5763fbb65ff0;
    %load/vec4 v0x5763fbbce250_0;
    %cmpi/e 1, 0, 1;
    %flag_get/vec4 4;
    %jmp/0 T_228.2, 4;
    %load/vec4 v0x5763fbbce6a0_0;
    %pushi/vec4 1, 0, 1;
    %cmp/e;
    %flag_get/vec4 4;
    %and;
T_228.2;
    %flag_set/vec4 8;
    %jmp/0xz  T_228.0, 8;
    %pushi/vec4 0, 0, 1;
    %assign/vec4 v0x5763fbbce510_0, 0;
    %jmp T_228.1;
T_228.0 ;
    %load/vec4 v0x5763fbbce250_0;
    %cmpi/e 1, 0, 1;
    %flag_get/vec4 4;
    %jmp/0 T_228.6, 4;
    %load/vec4 v0x5763fbbce470_0;
    %pushi/vec4 1, 0, 1;
    %cmp/e;
    %flag_get/vec4 4;
    %and;
T_228.6;
    %flag_set/vec4 9;
    %flag_get/vec4 9;
    %jmp/0 T_228.5, 9;
    %load/vec4 v0x5763fbbce600_0;
    %pushi/vec4 1, 0, 1;
    %cmp/e;
    %flag_get/vec4 4;
    %and;
T_228.5;
    %flag_set/vec4 8;
    %jmp/0xz  T_228.3, 8;
    %load/vec4 v0x5763fbbce3d0_0;
    %assign/vec4 v0x5763fbbce510_0, 0;
T_228.3 ;
T_228.1 ;
    %jmp T_228;
    .thread T_228;
    .scope S_0x5763fbbceb90;
T_229 ;
    %wait E_0x5763fbb65ff0;
    %load/vec4 v0x5763fbbcee20_0;
    %cmpi/e 1, 0, 1;
    %flag_get/vec4 4;
    %jmp/0 T_229.2, 4;
    %load/vec4 v0x5763fbbcf220_0;
    %pushi/vec4 1, 0, 1;
    %cmp/e;
    %flag_get/vec4 4;
    %and;
T_229.2;
    %flag_set/vec4 8;
    %jmp/0xz  T_229.0, 8;
    %pushi/vec4 0, 0, 1;
    %assign/vec4 v0x5763fbbcf0e0_0, 0;
    %jmp T_229.1;
T_229.0 ;
    %load/vec4 v0x5763fbbcee20_0;
    %cmpi/e 1, 0, 1;
    %flag_get/vec4 4;
    %jmp/0 T_229.6, 4;
    %load/vec4 v0x5763fbbcf040_0;
    %pushi/vec4 1, 0, 1;
    %cmp/e;
    %flag_get/vec4 4;
    %and;
T_229.6;
    %flag_set/vec4 9;
    %flag_get/vec4 9;
    %jmp/0 T_229.5, 9;
    %load/vec4 v0x5763fbbcf180_0;
    %pushi/vec4 1, 0, 1;
    %cmp/e;
    %flag_get/vec4 4;
    %and;
T_229.5;
    %flag_set/vec4 8;
    %jmp/0xz  T_229.3, 8;
    %load/vec4 v0x5763fbbcefa0_0;
    %assign/vec4 v0x5763fbbcf0e0_0, 0;
T_229.3 ;
T_229.1 ;
    %jmp T_229;
    .thread T_229;
    .scope S_0x5763fbbcf6c0;
T_230 ;
    %wait E_0x5763fbb65ff0;
    %load/vec4 v0x5763fbbcf950_0;
    %cmpi/e 1, 0, 1;
    %flag_get/vec4 4;
    %jmp/0 T_230.2, 4;
    %load/vec4 v0x5763fbbcfda0_0;
    %pushi/vec4 1, 0, 1;
    %cmp/e;
    %flag_get/vec4 4;
    %and;
T_230.2;
    %flag_set/vec4 8;
    %jmp/0xz  T_230.0, 8;
    %pushi/vec4 0, 0, 1;
    %assign/vec4 v0x5763fbbcfc10_0, 0;
    %jmp T_230.1;
T_230.0 ;
    %load/vec4 v0x5763fbbcf950_0;
    %cmpi/e 1, 0, 1;
    %flag_get/vec4 4;
    %jmp/0 T_230.6, 4;
    %load/vec4 v0x5763fbbcfb70_0;
    %pushi/vec4 1, 0, 1;
    %cmp/e;
    %flag_get/vec4 4;
    %and;
T_230.6;
    %flag_set/vec4 9;
    %flag_get/vec4 9;
    %jmp/0 T_230.5, 9;
    %load/vec4 v0x5763fbbcfd00_0;
    %pushi/vec4 1, 0, 1;
    %cmp/e;
    %flag_get/vec4 4;
    %and;
T_230.5;
    %flag_set/vec4 8;
    %jmp/0xz  T_230.3, 8;
    %load/vec4 v0x5763fbbcfad0_0;
    %assign/vec4 v0x5763fbbcfc10_0, 0;
T_230.3 ;
T_230.1 ;
    %jmp T_230;
    .thread T_230;
    .scope S_0x5763fbbd0240;
T_231 ;
    %wait E_0x5763fbb65ff0;
    %load/vec4 v0x5763fbbd04d0_0;
    %cmpi/e 1, 0, 1;
    %flag_get/vec4 4;
    %jmp/0 T_231.2, 4;
    %load/vec4 v0x5763fbbd0920_0;
    %pushi/vec4 1, 0, 1;
    %cmp/e;
    %flag_get/vec4 4;
    %and;
T_231.2;
    %flag_set/vec4 8;
    %jmp/0xz  T_231.0, 8;
    %pushi/vec4 0, 0, 1;
    %assign/vec4 v0x5763fbbd0790_0, 0;
    %jmp T_231.1;
T_231.0 ;
    %load/vec4 v0x5763fbbd04d0_0;
    %cmpi/e 1, 0, 1;
    %flag_get/vec4 4;
    %jmp/0 T_231.6, 4;
    %load/vec4 v0x5763fbbd06f0_0;
    %pushi/vec4 1, 0, 1;
    %cmp/e;
    %flag_get/vec4 4;
    %and;
T_231.6;
    %flag_set/vec4 9;
    %flag_get/vec4 9;
    %jmp/0 T_231.5, 9;
    %load/vec4 v0x5763fbbd0880_0;
    %pushi/vec4 1, 0, 1;
    %cmp/e;
    %flag_get/vec4 4;
    %and;
T_231.5;
    %flag_set/vec4 8;
    %jmp/0xz  T_231.3, 8;
    %load/vec4 v0x5763fbbd0650_0;
    %assign/vec4 v0x5763fbbd0790_0, 0;
T_231.3 ;
T_231.1 ;
    %jmp T_231;
    .thread T_231;
    .scope S_0x5763fbbd0dc0;
T_232 ;
    %wait E_0x5763fbb65ff0;
    %load/vec4 v0x5763fbbd1050_0;
    %cmpi/e 1, 0, 1;
    %flag_get/vec4 4;
    %jmp/0 T_232.2, 4;
    %load/vec4 v0x5763fbbd14a0_0;
    %pushi/vec4 1, 0, 1;
    %cmp/e;
    %flag_get/vec4 4;
    %and;
T_232.2;
    %flag_set/vec4 8;
    %jmp/0xz  T_232.0, 8;
    %pushi/vec4 0, 0, 1;
    %assign/vec4 v0x5763fbbd1310_0, 0;
    %jmp T_232.1;
T_232.0 ;
    %load/vec4 v0x5763fbbd1050_0;
    %cmpi/e 1, 0, 1;
    %flag_get/vec4 4;
    %jmp/0 T_232.6, 4;
    %load/vec4 v0x5763fbbd1270_0;
    %pushi/vec4 1, 0, 1;
    %cmp/e;
    %flag_get/vec4 4;
    %and;
T_232.6;
    %flag_set/vec4 9;
    %flag_get/vec4 9;
    %jmp/0 T_232.5, 9;
    %load/vec4 v0x5763fbbd1400_0;
    %pushi/vec4 1, 0, 1;
    %cmp/e;
    %flag_get/vec4 4;
    %and;
T_232.5;
    %flag_set/vec4 8;
    %jmp/0xz  T_232.3, 8;
    %load/vec4 v0x5763fbbd11d0_0;
    %assign/vec4 v0x5763fbbd1310_0, 0;
T_232.3 ;
T_232.1 ;
    %jmp T_232;
    .thread T_232;
    .scope S_0x5763fbbd22d0;
T_233 ;
    %wait E_0x5763fbb65ff0;
    %load/vec4 v0x5763fbbd25a0_0;
    %cmpi/e 1, 0, 1;
    %flag_get/vec4 4;
    %jmp/0 T_233.2, 4;
    %load/vec4 v0x5763fbbd2a10_0;
    %pushi/vec4 1, 0, 1;
    %cmp/e;
    %flag_get/vec4 4;
    %and;
T_233.2;
    %flag_set/vec4 8;
    %jmp/0xz  T_233.0, 8;
    %pushi/vec4 0, 0, 1;
    %assign/vec4 v0x5763fbbd2860_0, 0;
    %jmp T_233.1;
T_233.0 ;
    %load/vec4 v0x5763fbbd25a0_0;
    %cmpi/e 1, 0, 1;
    %flag_get/vec4 4;
    %jmp/0 T_233.6, 4;
    %load/vec4 v0x5763fbbd27c0_0;
    %pushi/vec4 1, 0, 1;
    %cmp/e;
    %flag_get/vec4 4;
    %and;
T_233.6;
    %flag_set/vec4 9;
    %flag_get/vec4 9;
    %jmp/0 T_233.5, 9;
    %load/vec4 v0x5763fbbd2970_0;
    %pushi/vec4 1, 0, 1;
    %cmp/e;
    %flag_get/vec4 4;
    %and;
T_233.5;
    %flag_set/vec4 8;
    %jmp/0xz  T_233.3, 8;
    %load/vec4 v0x5763fbbd2720_0;
    %assign/vec4 v0x5763fbbd2860_0, 0;
T_233.3 ;
T_233.1 ;
    %jmp T_233;
    .thread T_233;
    .scope S_0x5763fbbd2eb0;
T_234 ;
    %wait E_0x5763fbb65ff0;
    %load/vec4 v0x5763fbbd3140_0;
    %cmpi/e 1, 0, 1;
    %flag_get/vec4 4;
    %jmp/0 T_234.2, 4;
    %load/vec4 v0x5763fbbd3590_0;
    %pushi/vec4 1, 0, 1;
    %cmp/e;
    %flag_get/vec4 4;
    %and;
T_234.2;
    %flag_set/vec4 8;
    %jmp/0xz  T_234.0, 8;
    %pushi/vec4 0, 0, 1;
    %assign/vec4 v0x5763fbbd3400_0, 0;
    %jmp T_234.1;
T_234.0 ;
    %load/vec4 v0x5763fbbd3140_0;
    %cmpi/e 1, 0, 1;
    %flag_get/vec4 4;
    %jmp/0 T_234.6, 4;
    %load/vec4 v0x5763fbbd3360_0;
    %pushi/vec4 1, 0, 1;
    %cmp/e;
    %flag_get/vec4 4;
    %and;
T_234.6;
    %flag_set/vec4 9;
    %flag_get/vec4 9;
    %jmp/0 T_234.5, 9;
    %load/vec4 v0x5763fbbd34f0_0;
    %pushi/vec4 1, 0, 1;
    %cmp/e;
    %flag_get/vec4 4;
    %and;
T_234.5;
    %flag_set/vec4 8;
    %jmp/0xz  T_234.3, 8;
    %load/vec4 v0x5763fbbd32c0_0;
    %assign/vec4 v0x5763fbbd3400_0, 0;
T_234.3 ;
T_234.1 ;
    %jmp T_234;
    .thread T_234;
    .scope S_0x5763fbbd39f0;
T_235 ;
    %wait E_0x5763fbb65ff0;
    %load/vec4 v0x5763fbbd3c80_0;
    %cmpi/e 1, 0, 1;
    %flag_get/vec4 4;
    %jmp/0 T_235.2, 4;
    %load/vec4 v0x5763fbbd4150_0;
    %pushi/vec4 1, 0, 1;
    %cmp/e;
    %flag_get/vec4 4;
    %and;
T_235.2;
    %flag_set/vec4 8;
    %jmp/0xz  T_235.0, 8;
    %pushi/vec4 0, 0, 1;
    %assign/vec4 v0x5763fbbd3fc0_0, 0;
    %jmp T_235.1;
T_235.0 ;
    %load/vec4 v0x5763fbbd3c80_0;
    %cmpi/e 1, 0, 1;
    %flag_get/vec4 4;
    %jmp/0 T_235.6, 4;
    %load/vec4 v0x5763fbbd3ed0_0;
    %pushi/vec4 1, 0, 1;
    %cmp/e;
    %flag_get/vec4 4;
    %and;
T_235.6;
    %flag_set/vec4 9;
    %flag_get/vec4 9;
    %jmp/0 T_235.5, 9;
    %load/vec4 v0x5763fbbd40b0_0;
    %pushi/vec4 1, 0, 1;
    %cmp/e;
    %flag_get/vec4 4;
    %and;
T_235.5;
    %flag_set/vec4 8;
    %jmp/0xz  T_235.3, 8;
    %load/vec4 v0x5763fbbd3e00_0;
    %assign/vec4 v0x5763fbbd3fc0_0, 0;
T_235.3 ;
T_235.1 ;
    %jmp T_235;
    .thread T_235;
    .scope S_0x5763fbbd45f0;
T_236 ;
    %wait E_0x5763fbb65ff0;
    %load/vec4 v0x5763fbbd4880_0;
    %cmpi/e 1, 0, 1;
    %flag_get/vec4 4;
    %jmp/0 T_236.2, 4;
    %load/vec4 v0x5763fbbd4cd0_0;
    %pushi/vec4 1, 0, 1;
    %cmp/e;
    %flag_get/vec4 4;
    %and;
T_236.2;
    %flag_set/vec4 8;
    %jmp/0xz  T_236.0, 8;
    %pushi/vec4 0, 0, 1;
    %assign/vec4 v0x5763fbbd4b40_0, 0;
    %jmp T_236.1;
T_236.0 ;
    %load/vec4 v0x5763fbbd4880_0;
    %cmpi/e 1, 0, 1;
    %flag_get/vec4 4;
    %jmp/0 T_236.6, 4;
    %load/vec4 v0x5763fbbd4aa0_0;
    %pushi/vec4 1, 0, 1;
    %cmp/e;
    %flag_get/vec4 4;
    %and;
T_236.6;
    %flag_set/vec4 9;
    %flag_get/vec4 9;
    %jmp/0 T_236.5, 9;
    %load/vec4 v0x5763fbbd4c30_0;
    %pushi/vec4 1, 0, 1;
    %cmp/e;
    %flag_get/vec4 4;
    %and;
T_236.5;
    %flag_set/vec4 8;
    %jmp/0xz  T_236.3, 8;
    %load/vec4 v0x5763fbbd4a00_0;
    %assign/vec4 v0x5763fbbd4b40_0, 0;
T_236.3 ;
T_236.1 ;
    %jmp T_236;
    .thread T_236;
    .scope S_0x5763fbbd51c0;
T_237 ;
    %wait E_0x5763fbb65ff0;
    %load/vec4 v0x5763fbbd5450_0;
    %cmpi/e 1, 0, 1;
    %flag_get/vec4 4;
    %jmp/0 T_237.2, 4;
    %load/vec4 v0x5763fbbd5850_0;
    %pushi/vec4 1, 0, 1;
    %cmp/e;
    %flag_get/vec4 4;
    %and;
T_237.2;
    %flag_set/vec4 8;
    %jmp/0xz  T_237.0, 8;
    %pushi/vec4 0, 0, 1;
    %assign/vec4 v0x5763fbbd5710_0, 0;
    %jmp T_237.1;
T_237.0 ;
    %load/vec4 v0x5763fbbd5450_0;
    %cmpi/e 1, 0, 1;
    %flag_get/vec4 4;
    %jmp/0 T_237.6, 4;
    %load/vec4 v0x5763fbbd5670_0;
    %pushi/vec4 1, 0, 1;
    %cmp/e;
    %flag_get/vec4 4;
    %and;
T_237.6;
    %flag_set/vec4 9;
    %flag_get/vec4 9;
    %jmp/0 T_237.5, 9;
    %load/vec4 v0x5763fbbd57b0_0;
    %pushi/vec4 1, 0, 1;
    %cmp/e;
    %flag_get/vec4 4;
    %and;
T_237.5;
    %flag_set/vec4 8;
    %jmp/0xz  T_237.3, 8;
    %load/vec4 v0x5763fbbd55d0_0;
    %assign/vec4 v0x5763fbbd5710_0, 0;
T_237.3 ;
T_237.1 ;
    %jmp T_237;
    .thread T_237;
    .scope S_0x5763fbbd5cf0;
T_238 ;
    %wait E_0x5763fbb65ff0;
    %load/vec4 v0x5763fbbd5f80_0;
    %cmpi/e 1, 0, 1;
    %flag_get/vec4 4;
    %jmp/0 T_238.2, 4;
    %load/vec4 v0x5763fbbd63d0_0;
    %pushi/vec4 1, 0, 1;
    %cmp/e;
    %flag_get/vec4 4;
    %and;
T_238.2;
    %flag_set/vec4 8;
    %jmp/0xz  T_238.0, 8;
    %pushi/vec4 0, 0, 1;
    %assign/vec4 v0x5763fbbd6240_0, 0;
    %jmp T_238.1;
T_238.0 ;
    %load/vec4 v0x5763fbbd5f80_0;
    %cmpi/e 1, 0, 1;
    %flag_get/vec4 4;
    %jmp/0 T_238.6, 4;
    %load/vec4 v0x5763fbbd61a0_0;
    %pushi/vec4 1, 0, 1;
    %cmp/e;
    %flag_get/vec4 4;
    %and;
T_238.6;
    %flag_set/vec4 9;
    %flag_get/vec4 9;
    %jmp/0 T_238.5, 9;
    %load/vec4 v0x5763fbbd6330_0;
    %pushi/vec4 1, 0, 1;
    %cmp/e;
    %flag_get/vec4 4;
    %and;
T_238.5;
    %flag_set/vec4 8;
    %jmp/0xz  T_238.3, 8;
    %load/vec4 v0x5763fbbd6100_0;
    %assign/vec4 v0x5763fbbd6240_0, 0;
T_238.3 ;
T_238.1 ;
    %jmp T_238;
    .thread T_238;
    .scope S_0x5763fbbd6870;
T_239 ;
    %wait E_0x5763fbb65ff0;
    %load/vec4 v0x5763fbbd6b00_0;
    %cmpi/e 1, 0, 1;
    %flag_get/vec4 4;
    %jmp/0 T_239.2, 4;
    %load/vec4 v0x5763fbbd6f50_0;
    %pushi/vec4 1, 0, 1;
    %cmp/e;
    %flag_get/vec4 4;
    %and;
T_239.2;
    %flag_set/vec4 8;
    %jmp/0xz  T_239.0, 8;
    %pushi/vec4 0, 0, 1;
    %assign/vec4 v0x5763fbbd6dc0_0, 0;
    %jmp T_239.1;
T_239.0 ;
    %load/vec4 v0x5763fbbd6b00_0;
    %cmpi/e 1, 0, 1;
    %flag_get/vec4 4;
    %jmp/0 T_239.6, 4;
    %load/vec4 v0x5763fbbd6d20_0;
    %pushi/vec4 1, 0, 1;
    %cmp/e;
    %flag_get/vec4 4;
    %and;
T_239.6;
    %flag_set/vec4 9;
    %flag_get/vec4 9;
    %jmp/0 T_239.5, 9;
    %load/vec4 v0x5763fbbd6eb0_0;
    %pushi/vec4 1, 0, 1;
    %cmp/e;
    %flag_get/vec4 4;
    %and;
T_239.5;
    %flag_set/vec4 8;
    %jmp/0xz  T_239.3, 8;
    %load/vec4 v0x5763fbbd6c80_0;
    %assign/vec4 v0x5763fbbd6dc0_0, 0;
T_239.3 ;
T_239.1 ;
    %jmp T_239;
    .thread T_239;
    .scope S_0x5763fbbd73f0;
T_240 ;
    %wait E_0x5763fbb65ff0;
    %load/vec4 v0x5763fbbd7680_0;
    %cmpi/e 1, 0, 1;
    %flag_get/vec4 4;
    %jmp/0 T_240.2, 4;
    %load/vec4 v0x5763fbbd7ad0_0;
    %pushi/vec4 1, 0, 1;
    %cmp/e;
    %flag_get/vec4 4;
    %and;
T_240.2;
    %flag_set/vec4 8;
    %jmp/0xz  T_240.0, 8;
    %pushi/vec4 0, 0, 1;
    %assign/vec4 v0x5763fbbd7940_0, 0;
    %jmp T_240.1;
T_240.0 ;
    %load/vec4 v0x5763fbbd7680_0;
    %cmpi/e 1, 0, 1;
    %flag_get/vec4 4;
    %jmp/0 T_240.6, 4;
    %load/vec4 v0x5763fbbd78a0_0;
    %pushi/vec4 1, 0, 1;
    %cmp/e;
    %flag_get/vec4 4;
    %and;
T_240.6;
    %flag_set/vec4 9;
    %flag_get/vec4 9;
    %jmp/0 T_240.5, 9;
    %load/vec4 v0x5763fbbd7a30_0;
    %pushi/vec4 1, 0, 1;
    %cmp/e;
    %flag_get/vec4 4;
    %and;
T_240.5;
    %flag_set/vec4 8;
    %jmp/0xz  T_240.3, 8;
    %load/vec4 v0x5763fbbd7800_0;
    %assign/vec4 v0x5763fbbd7940_0, 0;
T_240.3 ;
T_240.1 ;
    %jmp T_240;
    .thread T_240;
    .scope S_0x5763fbbdef30;
T_241 ;
    %wait E_0x5763fbb65ff0;
    %load/vec4 v0x5763fbbdf200_0;
    %cmpi/e 1, 0, 1;
    %flag_get/vec4 4;
    %jmp/0 T_241.2, 4;
    %load/vec4 v0x5763fbbdf670_0;
    %pushi/vec4 1, 0, 1;
    %cmp/e;
    %flag_get/vec4 4;
    %and;
T_241.2;
    %flag_set/vec4 8;
    %jmp/0xz  T_241.0, 8;
    %pushi/vec4 0, 0, 1;
    %assign/vec4 v0x5763fbbdf4c0_0, 0;
    %jmp T_241.1;
T_241.0 ;
    %load/vec4 v0x5763fbbdf200_0;
    %cmpi/e 1, 0, 1;
    %flag_get/vec4 4;
    %jmp/0 T_241.6, 4;
    %load/vec4 v0x5763fbbdf420_0;
    %pushi/vec4 1, 0, 1;
    %cmp/e;
    %flag_get/vec4 4;
    %and;
T_241.6;
    %flag_set/vec4 9;
    %flag_get/vec4 9;
    %jmp/0 T_241.5, 9;
    %load/vec4 v0x5763fbbdf5d0_0;
    %pushi/vec4 1, 0, 1;
    %cmp/e;
    %flag_get/vec4 4;
    %and;
T_241.5;
    %flag_set/vec4 8;
    %jmp/0xz  T_241.3, 8;
    %load/vec4 v0x5763fbbdf380_0;
    %assign/vec4 v0x5763fbbdf4c0_0, 0;
T_241.3 ;
T_241.1 ;
    %jmp T_241;
    .thread T_241;
    .scope S_0x5763fbbdfb10;
T_242 ;
    %wait E_0x5763fbb65ff0;
    %load/vec4 v0x5763fbbdfda0_0;
    %cmpi/e 1, 0, 1;
    %flag_get/vec4 4;
    %jmp/0 T_242.2, 4;
    %load/vec4 v0x5763fbbe01f0_0;
    %pushi/vec4 1, 0, 1;
    %cmp/e;
    %flag_get/vec4 4;
    %and;
T_242.2;
    %flag_set/vec4 8;
    %jmp/0xz  T_242.0, 8;
    %pushi/vec4 0, 0, 1;
    %assign/vec4 v0x5763fbbe0060_0, 0;
    %jmp T_242.1;
T_242.0 ;
    %load/vec4 v0x5763fbbdfda0_0;
    %cmpi/e 1, 0, 1;
    %flag_get/vec4 4;
    %jmp/0 T_242.6, 4;
    %load/vec4 v0x5763fbbdffc0_0;
    %pushi/vec4 1, 0, 1;
    %cmp/e;
    %flag_get/vec4 4;
    %and;
T_242.6;
    %flag_set/vec4 9;
    %flag_get/vec4 9;
    %jmp/0 T_242.5, 9;
    %load/vec4 v0x5763fbbe0150_0;
    %pushi/vec4 1, 0, 1;
    %cmp/e;
    %flag_get/vec4 4;
    %and;
T_242.5;
    %flag_set/vec4 8;
    %jmp/0xz  T_242.3, 8;
    %load/vec4 v0x5763fbbdff20_0;
    %assign/vec4 v0x5763fbbe0060_0, 0;
T_242.3 ;
T_242.1 ;
    %jmp T_242;
    .thread T_242;
    .scope S_0x5763fbbe0650;
T_243 ;
    %wait E_0x5763fbb65ff0;
    %load/vec4 v0x5763fbbe08e0_0;
    %cmpi/e 1, 0, 1;
    %flag_get/vec4 4;
    %jmp/0 T_243.2, 4;
    %load/vec4 v0x5763fbbe0db0_0;
    %pushi/vec4 1, 0, 1;
    %cmp/e;
    %flag_get/vec4 4;
    %and;
T_243.2;
    %flag_set/vec4 8;
    %jmp/0xz  T_243.0, 8;
    %pushi/vec4 0, 0, 1;
    %assign/vec4 v0x5763fbbe0c20_0, 0;
    %jmp T_243.1;
T_243.0 ;
    %load/vec4 v0x5763fbbe08e0_0;
    %cmpi/e 1, 0, 1;
    %flag_get/vec4 4;
    %jmp/0 T_243.6, 4;
    %load/vec4 v0x5763fbbe0b30_0;
    %pushi/vec4 1, 0, 1;
    %cmp/e;
    %flag_get/vec4 4;
    %and;
T_243.6;
    %flag_set/vec4 9;
    %flag_get/vec4 9;
    %jmp/0 T_243.5, 9;
    %load/vec4 v0x5763fbbe0d10_0;
    %pushi/vec4 1, 0, 1;
    %cmp/e;
    %flag_get/vec4 4;
    %and;
T_243.5;
    %flag_set/vec4 8;
    %jmp/0xz  T_243.3, 8;
    %load/vec4 v0x5763fbbe0a60_0;
    %assign/vec4 v0x5763fbbe0c20_0, 0;
T_243.3 ;
T_243.1 ;
    %jmp T_243;
    .thread T_243;
    .scope S_0x5763fbbe1250;
T_244 ;
    %wait E_0x5763fbb65ff0;
    %load/vec4 v0x5763fbbe14e0_0;
    %cmpi/e 1, 0, 1;
    %flag_get/vec4 4;
    %jmp/0 T_244.2, 4;
    %load/vec4 v0x5763fbbe1930_0;
    %pushi/vec4 1, 0, 1;
    %cmp/e;
    %flag_get/vec4 4;
    %and;
T_244.2;
    %flag_set/vec4 8;
    %jmp/0xz  T_244.0, 8;
    %pushi/vec4 0, 0, 1;
    %assign/vec4 v0x5763fbbe17a0_0, 0;
    %jmp T_244.1;
T_244.0 ;
    %load/vec4 v0x5763fbbe14e0_0;
    %cmpi/e 1, 0, 1;
    %flag_get/vec4 4;
    %jmp/0 T_244.6, 4;
    %load/vec4 v0x5763fbbe1700_0;
    %pushi/vec4 1, 0, 1;
    %cmp/e;
    %flag_get/vec4 4;
    %and;
T_244.6;
    %flag_set/vec4 9;
    %flag_get/vec4 9;
    %jmp/0 T_244.5, 9;
    %load/vec4 v0x5763fbbe1890_0;
    %pushi/vec4 1, 0, 1;
    %cmp/e;
    %flag_get/vec4 4;
    %and;
T_244.5;
    %flag_set/vec4 8;
    %jmp/0xz  T_244.3, 8;
    %load/vec4 v0x5763fbbe1660_0;
    %assign/vec4 v0x5763fbbe17a0_0, 0;
T_244.3 ;
T_244.1 ;
    %jmp T_244;
    .thread T_244;
    .scope S_0x5763fbbe1e20;
T_245 ;
    %wait E_0x5763fbb65ff0;
    %load/vec4 v0x5763fbbe20b0_0;
    %cmpi/e 1, 0, 1;
    %flag_get/vec4 4;
    %jmp/0 T_245.2, 4;
    %load/vec4 v0x5763fbbe24b0_0;
    %pushi/vec4 1, 0, 1;
    %cmp/e;
    %flag_get/vec4 4;
    %and;
T_245.2;
    %flag_set/vec4 8;
    %jmp/0xz  T_245.0, 8;
    %pushi/vec4 0, 0, 1;
    %assign/vec4 v0x5763fbbe2370_0, 0;
    %jmp T_245.1;
T_245.0 ;
    %load/vec4 v0x5763fbbe20b0_0;
    %cmpi/e 1, 0, 1;
    %flag_get/vec4 4;
    %jmp/0 T_245.6, 4;
    %load/vec4 v0x5763fbbe22d0_0;
    %pushi/vec4 1, 0, 1;
    %cmp/e;
    %flag_get/vec4 4;
    %and;
T_245.6;
    %flag_set/vec4 9;
    %flag_get/vec4 9;
    %jmp/0 T_245.5, 9;
    %load/vec4 v0x5763fbbe2410_0;
    %pushi/vec4 1, 0, 1;
    %cmp/e;
    %flag_get/vec4 4;
    %and;
T_245.5;
    %flag_set/vec4 8;
    %jmp/0xz  T_245.3, 8;
    %load/vec4 v0x5763fbbe2230_0;
    %assign/vec4 v0x5763fbbe2370_0, 0;
T_245.3 ;
T_245.1 ;
    %jmp T_245;
    .thread T_245;
    .scope S_0x5763fbbe2950;
T_246 ;
    %wait E_0x5763fbb65ff0;
    %load/vec4 v0x5763fbbe2be0_0;
    %cmpi/e 1, 0, 1;
    %flag_get/vec4 4;
    %jmp/0 T_246.2, 4;
    %load/vec4 v0x5763fbbe3030_0;
    %pushi/vec4 1, 0, 1;
    %cmp/e;
    %flag_get/vec4 4;
    %and;
T_246.2;
    %flag_set/vec4 8;
    %jmp/0xz  T_246.0, 8;
    %pushi/vec4 0, 0, 1;
    %assign/vec4 v0x5763fbbe2ea0_0, 0;
    %jmp T_246.1;
T_246.0 ;
    %load/vec4 v0x5763fbbe2be0_0;
    %cmpi/e 1, 0, 1;
    %flag_get/vec4 4;
    %jmp/0 T_246.6, 4;
    %load/vec4 v0x5763fbbe2e00_0;
    %pushi/vec4 1, 0, 1;
    %cmp/e;
    %flag_get/vec4 4;
    %and;
T_246.6;
    %flag_set/vec4 9;
    %flag_get/vec4 9;
    %jmp/0 T_246.5, 9;
    %load/vec4 v0x5763fbbe2f90_0;
    %pushi/vec4 1, 0, 1;
    %cmp/e;
    %flag_get/vec4 4;
    %and;
T_246.5;
    %flag_set/vec4 8;
    %jmp/0xz  T_246.3, 8;
    %load/vec4 v0x5763fbbe2d60_0;
    %assign/vec4 v0x5763fbbe2ea0_0, 0;
T_246.3 ;
T_246.1 ;
    %jmp T_246;
    .thread T_246;
    .scope S_0x5763fbbe34d0;
T_247 ;
    %wait E_0x5763fbb65ff0;
    %load/vec4 v0x5763fbbe3760_0;
    %cmpi/e 1, 0, 1;
    %flag_get/vec4 4;
    %jmp/0 T_247.2, 4;
    %load/vec4 v0x5763fbbe3bb0_0;
    %pushi/vec4 1, 0, 1;
    %cmp/e;
    %flag_get/vec4 4;
    %and;
T_247.2;
    %flag_set/vec4 8;
    %jmp/0xz  T_247.0, 8;
    %pushi/vec4 0, 0, 1;
    %assign/vec4 v0x5763fbbe3a20_0, 0;
    %jmp T_247.1;
T_247.0 ;
    %load/vec4 v0x5763fbbe3760_0;
    %cmpi/e 1, 0, 1;
    %flag_get/vec4 4;
    %jmp/0 T_247.6, 4;
    %load/vec4 v0x5763fbbe3980_0;
    %pushi/vec4 1, 0, 1;
    %cmp/e;
    %flag_get/vec4 4;
    %and;
T_247.6;
    %flag_set/vec4 9;
    %flag_get/vec4 9;
    %jmp/0 T_247.5, 9;
    %load/vec4 v0x5763fbbe3b10_0;
    %pushi/vec4 1, 0, 1;
    %cmp/e;
    %flag_get/vec4 4;
    %and;
T_247.5;
    %flag_set/vec4 8;
    %jmp/0xz  T_247.3, 8;
    %load/vec4 v0x5763fbbe38e0_0;
    %assign/vec4 v0x5763fbbe3a20_0, 0;
T_247.3 ;
T_247.1 ;
    %jmp T_247;
    .thread T_247;
    .scope S_0x5763fbbe4050;
T_248 ;
    %wait E_0x5763fbb65ff0;
    %load/vec4 v0x5763fbbe42e0_0;
    %cmpi/e 1, 0, 1;
    %flag_get/vec4 4;
    %jmp/0 T_248.2, 4;
    %load/vec4 v0x5763fbbe4730_0;
    %pushi/vec4 1, 0, 1;
    %cmp/e;
    %flag_get/vec4 4;
    %and;
T_248.2;
    %flag_set/vec4 8;
    %jmp/0xz  T_248.0, 8;
    %pushi/vec4 0, 0, 1;
    %assign/vec4 v0x5763fbbe45a0_0, 0;
    %jmp T_248.1;
T_248.0 ;
    %load/vec4 v0x5763fbbe42e0_0;
    %cmpi/e 1, 0, 1;
    %flag_get/vec4 4;
    %jmp/0 T_248.6, 4;
    %load/vec4 v0x5763fbbe4500_0;
    %pushi/vec4 1, 0, 1;
    %cmp/e;
    %flag_get/vec4 4;
    %and;
T_248.6;
    %flag_set/vec4 9;
    %flag_get/vec4 9;
    %jmp/0 T_248.5, 9;
    %load/vec4 v0x5763fbbe4690_0;
    %pushi/vec4 1, 0, 1;
    %cmp/e;
    %flag_get/vec4 4;
    %and;
T_248.5;
    %flag_set/vec4 8;
    %jmp/0xz  T_248.3, 8;
    %load/vec4 v0x5763fbbe4460_0;
    %assign/vec4 v0x5763fbbe45a0_0, 0;
T_248.3 ;
T_248.1 ;
    %jmp T_248;
    .thread T_248;
    .scope S_0x5763fbbe5560;
T_249 ;
    %wait E_0x5763fbb65ff0;
    %load/vec4 v0x5763fbbe5830_0;
    %cmpi/e 1, 0, 1;
    %flag_get/vec4 4;
    %jmp/0 T_249.2, 4;
    %load/vec4 v0x5763fbbe5ca0_0;
    %pushi/vec4 1, 0, 1;
    %cmp/e;
    %flag_get/vec4 4;
    %and;
T_249.2;
    %flag_set/vec4 8;
    %jmp/0xz  T_249.0, 8;
    %pushi/vec4 0, 0, 1;
    %assign/vec4 v0x5763fbbe5af0_0, 0;
    %jmp T_249.1;
T_249.0 ;
    %load/vec4 v0x5763fbbe5830_0;
    %cmpi/e 1, 0, 1;
    %flag_get/vec4 4;
    %jmp/0 T_249.6, 4;
    %load/vec4 v0x5763fbbe5a50_0;
    %pushi/vec4 1, 0, 1;
    %cmp/e;
    %flag_get/vec4 4;
    %and;
T_249.6;
    %flag_set/vec4 9;
    %flag_get/vec4 9;
    %jmp/0 T_249.5, 9;
    %load/vec4 v0x5763fbbe5c00_0;
    %pushi/vec4 1, 0, 1;
    %cmp/e;
    %flag_get/vec4 4;
    %and;
T_249.5;
    %flag_set/vec4 8;
    %jmp/0xz  T_249.3, 8;
    %load/vec4 v0x5763fbbe59b0_0;
    %assign/vec4 v0x5763fbbe5af0_0, 0;
T_249.3 ;
T_249.1 ;
    %jmp T_249;
    .thread T_249;
    .scope S_0x5763fbbe6140;
T_250 ;
    %wait E_0x5763fbb65ff0;
    %load/vec4 v0x5763fbbe63d0_0;
    %cmpi/e 1, 0, 1;
    %flag_get/vec4 4;
    %jmp/0 T_250.2, 4;
    %load/vec4 v0x5763fbbe6820_0;
    %pushi/vec4 1, 0, 1;
    %cmp/e;
    %flag_get/vec4 4;
    %and;
T_250.2;
    %flag_set/vec4 8;
    %jmp/0xz  T_250.0, 8;
    %pushi/vec4 0, 0, 1;
    %assign/vec4 v0x5763fbbe6690_0, 0;
    %jmp T_250.1;
T_250.0 ;
    %load/vec4 v0x5763fbbe63d0_0;
    %cmpi/e 1, 0, 1;
    %flag_get/vec4 4;
    %jmp/0 T_250.6, 4;
    %load/vec4 v0x5763fbbe65f0_0;
    %pushi/vec4 1, 0, 1;
    %cmp/e;
    %flag_get/vec4 4;
    %and;
T_250.6;
    %flag_set/vec4 9;
    %flag_get/vec4 9;
    %jmp/0 T_250.5, 9;
    %load/vec4 v0x5763fbbe6780_0;
    %pushi/vec4 1, 0, 1;
    %cmp/e;
    %flag_get/vec4 4;
    %and;
T_250.5;
    %flag_set/vec4 8;
    %jmp/0xz  T_250.3, 8;
    %load/vec4 v0x5763fbbe6550_0;
    %assign/vec4 v0x5763fbbe6690_0, 0;
T_250.3 ;
T_250.1 ;
    %jmp T_250;
    .thread T_250;
    .scope S_0x5763fbbe6c80;
T_251 ;
    %wait E_0x5763fbb65ff0;
    %load/vec4 v0x5763fbbe6f10_0;
    %cmpi/e 1, 0, 1;
    %flag_get/vec4 4;
    %jmp/0 T_251.2, 4;
    %load/vec4 v0x5763fbbe73e0_0;
    %pushi/vec4 1, 0, 1;
    %cmp/e;
    %flag_get/vec4 4;
    %and;
T_251.2;
    %flag_set/vec4 8;
    %jmp/0xz  T_251.0, 8;
    %pushi/vec4 0, 0, 1;
    %assign/vec4 v0x5763fbbe7250_0, 0;
    %jmp T_251.1;
T_251.0 ;
    %load/vec4 v0x5763fbbe6f10_0;
    %cmpi/e 1, 0, 1;
    %flag_get/vec4 4;
    %jmp/0 T_251.6, 4;
    %load/vec4 v0x5763fbbe7160_0;
    %pushi/vec4 1, 0, 1;
    %cmp/e;
    %flag_get/vec4 4;
    %and;
T_251.6;
    %flag_set/vec4 9;
    %flag_get/vec4 9;
    %jmp/0 T_251.5, 9;
    %load/vec4 v0x5763fbbe7340_0;
    %pushi/vec4 1, 0, 1;
    %cmp/e;
    %flag_get/vec4 4;
    %and;
T_251.5;
    %flag_set/vec4 8;
    %jmp/0xz  T_251.3, 8;
    %load/vec4 v0x5763fbbe7090_0;
    %assign/vec4 v0x5763fbbe7250_0, 0;
T_251.3 ;
T_251.1 ;
    %jmp T_251;
    .thread T_251;
    .scope S_0x5763fbbe7880;
T_252 ;
    %wait E_0x5763fbb65ff0;
    %load/vec4 v0x5763fbbe7b10_0;
    %cmpi/e 1, 0, 1;
    %flag_get/vec4 4;
    %jmp/0 T_252.2, 4;
    %load/vec4 v0x5763fbbe7f60_0;
    %pushi/vec4 1, 0, 1;
    %cmp/e;
    %flag_get/vec4 4;
    %and;
T_252.2;
    %flag_set/vec4 8;
    %jmp/0xz  T_252.0, 8;
    %pushi/vec4 0, 0, 1;
    %assign/vec4 v0x5763fbbe7dd0_0, 0;
    %jmp T_252.1;
T_252.0 ;
    %load/vec4 v0x5763fbbe7b10_0;
    %cmpi/e 1, 0, 1;
    %flag_get/vec4 4;
    %jmp/0 T_252.6, 4;
    %load/vec4 v0x5763fbbe7d30_0;
    %pushi/vec4 1, 0, 1;
    %cmp/e;
    %flag_get/vec4 4;
    %and;
T_252.6;
    %flag_set/vec4 9;
    %flag_get/vec4 9;
    %jmp/0 T_252.5, 9;
    %load/vec4 v0x5763fbbe7ec0_0;
    %pushi/vec4 1, 0, 1;
    %cmp/e;
    %flag_get/vec4 4;
    %and;
T_252.5;
    %flag_set/vec4 8;
    %jmp/0xz  T_252.3, 8;
    %load/vec4 v0x5763fbbe7c90_0;
    %assign/vec4 v0x5763fbbe7dd0_0, 0;
T_252.3 ;
T_252.1 ;
    %jmp T_252;
    .thread T_252;
    .scope S_0x5763fbbe8450;
T_253 ;
    %wait E_0x5763fbb65ff0;
    %load/vec4 v0x5763fbbe86e0_0;
    %cmpi/e 1, 0, 1;
    %flag_get/vec4 4;
    %jmp/0 T_253.2, 4;
    %load/vec4 v0x5763fbbe8ae0_0;
    %pushi/vec4 1, 0, 1;
    %cmp/e;
    %flag_get/vec4 4;
    %and;
T_253.2;
    %flag_set/vec4 8;
    %jmp/0xz  T_253.0, 8;
    %pushi/vec4 0, 0, 1;
    %assign/vec4 v0x5763fbbe89a0_0, 0;
    %jmp T_253.1;
T_253.0 ;
    %load/vec4 v0x5763fbbe86e0_0;
    %cmpi/e 1, 0, 1;
    %flag_get/vec4 4;
    %jmp/0 T_253.6, 4;
    %load/vec4 v0x5763fbbe8900_0;
    %pushi/vec4 1, 0, 1;
    %cmp/e;
    %flag_get/vec4 4;
    %and;
T_253.6;
    %flag_set/vec4 9;
    %flag_get/vec4 9;
    %jmp/0 T_253.5, 9;
    %load/vec4 v0x5763fbbe8a40_0;
    %pushi/vec4 1, 0, 1;
    %cmp/e;
    %flag_get/vec4 4;
    %and;
T_253.5;
    %flag_set/vec4 8;
    %jmp/0xz  T_253.3, 8;
    %load/vec4 v0x5763fbbe8860_0;
    %assign/vec4 v0x5763fbbe89a0_0, 0;
T_253.3 ;
T_253.1 ;
    %jmp T_253;
    .thread T_253;
    .scope S_0x5763fbbe8f80;
T_254 ;
    %wait E_0x5763fbb65ff0;
    %load/vec4 v0x5763fbbe9210_0;
    %cmpi/e 1, 0, 1;
    %flag_get/vec4 4;
    %jmp/0 T_254.2, 4;
    %load/vec4 v0x5763fbbe9660_0;
    %pushi/vec4 1, 0, 1;
    %cmp/e;
    %flag_get/vec4 4;
    %and;
T_254.2;
    %flag_set/vec4 8;
    %jmp/0xz  T_254.0, 8;
    %pushi/vec4 0, 0, 1;
    %assign/vec4 v0x5763fbbe94d0_0, 0;
    %jmp T_254.1;
T_254.0 ;
    %load/vec4 v0x5763fbbe9210_0;
    %cmpi/e 1, 0, 1;
    %flag_get/vec4 4;
    %jmp/0 T_254.6, 4;
    %load/vec4 v0x5763fbbe9430_0;
    %pushi/vec4 1, 0, 1;
    %cmp/e;
    %flag_get/vec4 4;
    %and;
T_254.6;
    %flag_set/vec4 9;
    %flag_get/vec4 9;
    %jmp/0 T_254.5, 9;
    %load/vec4 v0x5763fbbe95c0_0;
    %pushi/vec4 1, 0, 1;
    %cmp/e;
    %flag_get/vec4 4;
    %and;
T_254.5;
    %flag_set/vec4 8;
    %jmp/0xz  T_254.3, 8;
    %load/vec4 v0x5763fbbe9390_0;
    %assign/vec4 v0x5763fbbe94d0_0, 0;
T_254.3 ;
T_254.1 ;
    %jmp T_254;
    .thread T_254;
    .scope S_0x5763fbbe9b00;
T_255 ;
    %wait E_0x5763fbb65ff0;
    %load/vec4 v0x5763fbbe9d90_0;
    %cmpi/e 1, 0, 1;
    %flag_get/vec4 4;
    %jmp/0 T_255.2, 4;
    %load/vec4 v0x5763fbbea1e0_0;
    %pushi/vec4 1, 0, 1;
    %cmp/e;
    %flag_get/vec4 4;
    %and;
T_255.2;
    %flag_set/vec4 8;
    %jmp/0xz  T_255.0, 8;
    %pushi/vec4 0, 0, 1;
    %assign/vec4 v0x5763fbbea050_0, 0;
    %jmp T_255.1;
T_255.0 ;
    %load/vec4 v0x5763fbbe9d90_0;
    %cmpi/e 1, 0, 1;
    %flag_get/vec4 4;
    %jmp/0 T_255.6, 4;
    %load/vec4 v0x5763fbbe9fb0_0;
    %pushi/vec4 1, 0, 1;
    %cmp/e;
    %flag_get/vec4 4;
    %and;
T_255.6;
    %flag_set/vec4 9;
    %flag_get/vec4 9;
    %jmp/0 T_255.5, 9;
    %load/vec4 v0x5763fbbea140_0;
    %pushi/vec4 1, 0, 1;
    %cmp/e;
    %flag_get/vec4 4;
    %and;
T_255.5;
    %flag_set/vec4 8;
    %jmp/0xz  T_255.3, 8;
    %load/vec4 v0x5763fbbe9f10_0;
    %assign/vec4 v0x5763fbbea050_0, 0;
T_255.3 ;
T_255.1 ;
    %jmp T_255;
    .thread T_255;
    .scope S_0x5763fbbea680;
T_256 ;
    %wait E_0x5763fbb65ff0;
    %load/vec4 v0x5763fbbea910_0;
    %cmpi/e 1, 0, 1;
    %flag_get/vec4 4;
    %jmp/0 T_256.2, 4;
    %load/vec4 v0x5763fbbead60_0;
    %pushi/vec4 1, 0, 1;
    %cmp/e;
    %flag_get/vec4 4;
    %and;
T_256.2;
    %flag_set/vec4 8;
    %jmp/0xz  T_256.0, 8;
    %pushi/vec4 0, 0, 1;
    %assign/vec4 v0x5763fbbeabd0_0, 0;
    %jmp T_256.1;
T_256.0 ;
    %load/vec4 v0x5763fbbea910_0;
    %cmpi/e 1, 0, 1;
    %flag_get/vec4 4;
    %jmp/0 T_256.6, 4;
    %load/vec4 v0x5763fbbeab30_0;
    %pushi/vec4 1, 0, 1;
    %cmp/e;
    %flag_get/vec4 4;
    %and;
T_256.6;
    %flag_set/vec4 9;
    %flag_get/vec4 9;
    %jmp/0 T_256.5, 9;
    %load/vec4 v0x5763fbbeacc0_0;
    %pushi/vec4 1, 0, 1;
    %cmp/e;
    %flag_get/vec4 4;
    %and;
T_256.5;
    %flag_set/vec4 8;
    %jmp/0xz  T_256.3, 8;
    %load/vec4 v0x5763fbbeaa90_0;
    %assign/vec4 v0x5763fbbeabd0_0, 0;
T_256.3 ;
T_256.1 ;
    %jmp T_256;
    .thread T_256;
    .scope S_0x5763fbb41e90;
T_257 ;
    %wait E_0x5763fb8836e0;
    %load/vec4 v0x5763fbb5c1a0_0;
    %dup/vec4;
    %pushi/vec4 0, 0, 4;
    %cmp/u;
    %jmp/1 T_257.0, 6;
    %dup/vec4;
    %pushi/vec4 1, 0, 4;
    %cmp/u;
    %jmp/1 T_257.1, 6;
    %dup/vec4;
    %pushi/vec4 2, 0, 4;
    %cmp/u;
    %jmp/1 T_257.2, 6;
    %dup/vec4;
    %pushi/vec4 3, 0, 4;
    %cmp/u;
    %jmp/1 T_257.3, 6;
    %dup/vec4;
    %pushi/vec4 4, 0, 4;
    %cmp/u;
    %jmp/1 T_257.4, 6;
    %dup/vec4;
    %pushi/vec4 5, 0, 4;
    %cmp/u;
    %jmp/1 T_257.5, 6;
    %dup/vec4;
    %pushi/vec4 6, 0, 4;
    %cmp/u;
    %jmp/1 T_257.6, 6;
    %dup/vec4;
    %pushi/vec4 7, 0, 4;
    %cmp/u;
    %jmp/1 T_257.7, 6;
    %dup/vec4;
    %pushi/vec4 8, 0, 4;
    %cmp/u;
    %jmp/1 T_257.8, 6;
    %dup/vec4;
    %pushi/vec4 9, 0, 4;
    %cmp/u;
    %jmp/1 T_257.9, 6;
    %dup/vec4;
    %pushi/vec4 10, 0, 4;
    %cmp/u;
    %jmp/1 T_257.10, 6;
    %dup/vec4;
    %pushi/vec4 11, 0, 4;
    %cmp/u;
    %jmp/1 T_257.11, 6;
    %dup/vec4;
    %pushi/vec4 12, 0, 4;
    %cmp/u;
    %jmp/1 T_257.12, 6;
    %dup/vec4;
    %pushi/vec4 13, 0, 4;
    %cmp/u;
    %jmp/1 T_257.13, 6;
    %dup/vec4;
    %pushi/vec4 14, 0, 4;
    %cmp/u;
    %jmp/1 T_257.14, 6;
    %dup/vec4;
    %pushi/vec4 15, 0, 4;
    %cmp/u;
    %jmp/1 T_257.15, 6;
    %jmp T_257.16;
T_257.0 ;
    %load/vec4 v0x5763fba35340_0;
    %load/vec4 v0x5763fba33fd0_0;
    %concat/vec4; draw_concat_vec4
    %store/vec4 v0x5763fbb5c100_0, 0, 16;
    %jmp T_257.16;
T_257.1 ;
    %load/vec4 v0x5763fba72350_0;
    %load/vec4 v0x5763fbb55d10_0;
    %concat/vec4; draw_concat_vec4
    %store/vec4 v0x5763fbb5c100_0, 0, 16;
    %jmp T_257.16;
T_257.2 ;
    %load/vec4 v0x5763fba55e00_0;
    %load/vec4 v0x5763fba54a90_0;
    %concat/vec4; draw_concat_vec4
    %store/vec4 v0x5763fbb5c100_0, 0, 16;
    %jmp T_257.16;
T_257.3 ;
    %load/vec4 v0x5763fba51040_0;
    %load/vec4 v0x5763fbb5d470_0;
    %concat/vec4; draw_concat_vec4
    %store/vec4 v0x5763fbb5c100_0, 0, 16;
    %jmp T_257.16;
T_257.4 ;
    %load/vec4 v0x5763fbb60ec0_0;
    %load/vec4 v0x5763fbb5fb50_0;
    %concat/vec4; draw_concat_vec4
    %store/vec4 v0x5763fbb5c100_0, 0, 16;
    %jmp T_257.16;
T_257.5 ;
    %load/vec4 v0x5763fba32c60_0;
    %load/vec4 v0x5763fba318f0_0;
    %concat/vec4; draw_concat_vec4
    %store/vec4 v0x5763fbb5c100_0, 0, 16;
    %jmp T_257.16;
T_257.6 ;
    %load/vec4 v0x5763fbb5c240_0;
    %load/vec4 v0x5763fbab8520_0;
    %concat/vec4; draw_concat_vec4
    %store/vec4 v0x5763fbb5c100_0, 0, 16;
    %jmp T_257.16;
T_257.7 ;
    %load/vec4 v0x5763fbaae6c0_0;
    %load/vec4 v0x5763fbaa4860_0;
    %concat/vec4; draw_concat_vec4
    %store/vec4 v0x5763fbb5c100_0, 0, 16;
    %jmp T_257.16;
T_257.8 ;
    %load/vec4 v0x5763fba90be0_0;
    %load/vec4 v0x5763fba9aa20_0;
    %concat/vec4; draw_concat_vec4
    %store/vec4 v0x5763fbb5c100_0, 0, 16;
    %jmp T_257.16;
T_257.9 ;
    %load/vec4 v0x5763fba86da0_0;
    %load/vec4 v0x5763fba419e0_0;
    %concat/vec4; draw_concat_vec4
    %store/vec4 v0x5763fbb5c100_0, 0, 16;
    %jmp T_257.16;
T_257.10 ;
    %load/vec4 v0x5763fbb3f9b0_0;
    %load/vec4 v0x5763fbb43400_0;
    %concat/vec4; draw_concat_vec4
    %store/vec4 v0x5763fbb5c100_0, 0, 16;
    %jmp T_257.16;
T_257.11 ;
    %load/vec4 v0x5763fbb42090_0;
    %load/vec4 v0x5763fbb3e640_0;
    %concat/vec4; draw_concat_vec4
    %store/vec4 v0x5763fbb5c100_0, 0, 16;
    %jmp T_257.16;
T_257.12 ;
    %load/vec4 v0x5763fbb497f0_0;
    %load/vec4 v0x5763fbb4d240_0;
    %concat/vec4; draw_concat_vec4
    %store/vec4 v0x5763fbb5c100_0, 0, 16;
    %jmp T_257.16;
T_257.13 ;
    %load/vec4 v0x5763fbb4bed0_0;
    %load/vec4 v0x5763fbb48480_0;
    %concat/vec4; draw_concat_vec4
    %store/vec4 v0x5763fbb5c100_0, 0, 16;
    %jmp T_257.16;
T_257.14 ;
    %load/vec4 v0x5763fbb53630_0;
    %load/vec4 v0x5763fbb57080_0;
    %concat/vec4; draw_concat_vec4
    %store/vec4 v0x5763fbb5c100_0, 0, 16;
    %jmp T_257.16;
T_257.15 ;
    %load/vec4 v0x5763fbb522c0_0;
    %load/vec4 v0x5763fba523b0_0;
    %concat/vec4; draw_concat_vec4
    %store/vec4 v0x5763fbb5c100_0, 0, 16;
    %jmp T_257.16;
T_257.16 ;
    %pop/vec4 1;
    %jmp T_257;
    .thread T_257, $push;
    .scope S_0x5763fbb43200;
T_258 ;
    %wait E_0x5763fb86a690;
    %load/vec4 v0x5763fbb69a30_0;
    %dup/vec4;
    %pushi/vec4 0, 0, 1;
    %cmp/u;
    %jmp/1 T_258.0, 6;
    %dup/vec4;
    %pushi/vec4 1, 0, 1;
    %cmp/u;
    %jmp/1 T_258.1, 6;
    %jmp T_258.2;
T_258.0 ;
    %load/vec4 v0x5763fbb672b0_0;
    %store/vec4 v0x5763fbb69990_0, 0, 16;
    %jmp T_258.2;
T_258.1 ;
    %load/vec4 v0x5763fbb6ad00_0;
    %store/vec4 v0x5763fbb69990_0, 0, 16;
    %jmp T_258.2;
T_258.2 ;
    %pop/vec4 1;
    %jmp T_258;
    .thread T_258, $push;
    .scope S_0x5763fba39d40;
T_259 ;
    %pushi/vec4 0, 0, 1;
    %store/vec4 v0x5763fbc18790_0, 0, 1;
T_259.0 ;
    %delay 10, 0;
    %load/vec4 v0x5763fbc18790_0;
    %inv;
    %store/vec4 v0x5763fbc18790_0, 0, 1;
    %jmp T_259.0;
    %end;
    .thread T_259;
    .scope S_0x5763fba39d40;
T_260 ;
    %pushi/vec4 1, 0, 1;
    %store/vec4 v0x5763fbc186d0_0, 0, 1;
    %pushi/vec4 0, 0, 1;
    %store/vec4 v0x5763fbc189c0_0, 0, 1;
    %pushi/vec4 0, 0, 1;
    %store/vec4 v0x5763fbc188d0_0, 0, 1;
    %pushi/vec4 0, 0, 1;
    %store/vec4 v0x5763fbc18b00_0, 0, 1;
    %pushi/vec4 0, 0, 4;
    %store/vec4 v0x5763fbc185f0_0, 0, 4;
    %pushi/vec4 32700, 0, 16;
    %store/vec4 v0x5763fbc18a60_0, 0, 16;
    %vpi_call 2 25 "$dumpfile", "output.vcd" {0 0 0};
    %vpi_call 2 26 "$dumpvars", 32'sb00000000000000000000000000000000, S_0x5763fba39d40 {0 0 0};
    %delay 20, 0;
    %pushi/vec4 1, 0, 1;
    %store/vec4 v0x5763fbc18b00_0, 0, 1;
    %delay 20, 0;
    %pushi/vec4 1, 0, 1;
    %store/vec4 v0x5763fbc188d0_0, 0, 1;
    %delay 20, 0;
    %pushi/vec4 32702, 0, 16;
    %store/vec4 v0x5763fbc18a60_0, 0, 16;
    %delay 20, 0;
    %pushi/vec4 20000, 0, 16;
    %store/vec4 v0x5763fbc18a60_0, 0, 16;
    %delay 20, 0;
    %pushi/vec4 0, 0, 1;
    %store/vec4 v0x5763fbc188d0_0, 0, 1;
    %delay 20, 0;
    %pushi/vec4 25000, 0, 16;
    %store/vec4 v0x5763fbc18a60_0, 0, 16;
    %delay 20, 0;
    %pushi/vec4 0, 0, 1;
    %store/vec4 v0x5763fbc18b00_0, 0, 1;
    %delay 20, 0;
    %pushi/vec4 19000, 0, 16;
    %store/vec4 v0x5763fbc18a60_0, 0, 16;
    %delay 20, 0;
    %pushi/vec4 15, 0, 4;
    %store/vec4 v0x5763fbc185f0_0, 0, 4;
    %delay 20, 0;
    %pushi/vec4 1, 0, 1;
    %store/vec4 v0x5763fbc18b00_0, 0, 1;
    %delay 20, 0;
    %pushi/vec4 1, 0, 1;
    %store/vec4 v0x5763fbc188d0_0, 0, 1;
    %delay 20, 0;
    %pushi/vec4 30000, 0, 16;
    %store/vec4 v0x5763fbc18a60_0, 0, 16;
    %delay 20, 0;
    %pushi/vec4 0, 0, 1;
    %store/vec4 v0x5763fbc186d0_0, 0, 1;
    %delay 20, 0;
    %pushi/vec4 100, 0, 16;
    %store/vec4 v0x5763fbc18a60_0, 0, 16;
    %delay 20, 0;
    %pushi/vec4 1, 0, 1;
    %store/vec4 v0x5763fbc189c0_0, 0, 1;
    %delay 20, 0;
    %pushi/vec4 1, 0, 1;
    %store/vec4 v0x5763fbc186d0_0, 0, 1;
    %delay 40, 0;
    %vpi_call 2 43 "$finish" {0 0 0};
    %end;
    .thread T_260;
# The file index is used to find the file name in the following table.
:file_names 9;
    "N/A";
    "<interactive>";
    "/tmp/tmpb9cl2m3l/testbench.v";
    "./ram.v";
    "./decoder4to16.v";
    "./mux32to2.v";
    "./mux2to1_16bits.v";
    "./register8bit.v";
    "./D_ff.v";
